PERSON_ID,FIRST_NAME,LAST_NAME,TEAM,DESCRIPTION,ALL_NBA_TEAM_NUMBER,SEASON,MONTH,WEEK,CONFERENCE,TYPE,SUBTYPE1,SUBTYPE2,SUBTYPE3
1630214,Xavier,Tillman,Boston Celtics,NBA Champion,,2023-24,,,,Award,Champion,,
1630217,Desmond,Bane,Memphis Grizzlies,All-Rookie Team,2,2020-21,,,West,Award,Kia Motors,KIART,
17,Clyde,Drexler,Portland Trail Blazers,All-NBA,2,1987-88,,,1610612757,Award,Kia Motors,KIANT,
17,Clyde,Drexler,Portland Trail Blazers,All-NBA,3,1989-90,,,1610612757,Award,Kia Motors,KIANT,
17,Clyde,Drexler,Portland Trail Blazers,All-NBA,2,1990-91,,,1610612757,Award,Kia Motors,KIANT,
17,Clyde,Drexler,Portland Trail Blazers,All-NBA,1,1991-92,,,1610612757,Award,Kia Motors,KIANT,
17,Clyde,Drexler,Houston Rockets,All-NBA,3,1994-95,,,1610612745,Award,Kia Motors,KIANT,
17,Clyde,Drexler,,Hall of Fame Inductee,,2004,,,,Award,Hall of Fame,,
17,Clyde,Drexler,Portland Trail Blazers,NBA Player of the Month,,1991-92,11/01/1991,,,Award,Kia Motors,KIPMO,
17,Clyde,Drexler,Portland Trail Blazers,NBA Player of the Week,,1985-86,,1986-01-05T00:00:00,,Award,Kia Motors,KIPWK,
17,Clyde,Drexler,Portland Trail Blazers,NBA Player of the Week,,1987-88,,1987-11-29T00:00:00,,Award,Kia Motors,KIPWK,
17,Clyde,Drexler,Portland Trail Blazers,NBA Player of the Week,,1987-88,,1987-12-06T00:00:00,,Award,Kia Motors,KIPWK,
17,Clyde,Drexler,Portland Trail Blazers,NBA Player of the Week,,1987-88,,1988-03-13T00:00:00,,Award,Kia Motors,KIPWK,
17,Clyde,Drexler,Portland Trail Blazers,NBA Player of the Week,,1988-89,,1988-12-25T00:00:00,,Award,Kia Motors,KIPWK,
17,Clyde,Drexler,Portland Trail Blazers,NBA Player of the Week,,1988-89,,1989-04-09T00:00:00,,Award,Kia Motors,KIPWK,
17,Clyde,Drexler,Portland Trail Blazers,NBA Player of the Week,,1989-90,,1989-11-26T00:00:00,,Award,Kia Motors,KIPWK,
17,Clyde,Drexler,Portland Trail Blazers,NBA Player of the Week,,1990-91,,1990-11-18T00:00:00,,Award,Kia Motors,KIPWK,
17,Clyde,Drexler,Portland Trail Blazers,NBA Player of the Week,,1990-91,,1991-03-31T00:00:00,,Award,Kia Motors,KIPWK,
17,Clyde,Drexler,Portland Trail Blazers,NBA Player of the Week,,1990-91,,1991-04-14T00:00:00,,Award,Kia Motors,KIPWK,
17,Clyde,Drexler,Houston Rockets,NBA Player of the Week,,1994-95,,1995-04-09T00:00:00,,Award,Kia Motors,KIPWK,
17,Clyde,Drexler,USA,Olympic Gold Medal,,1992,,,,Award,Olympic,Gold,
17,Clyde,Drexler,,NBA All-Star,,1985-86,,,,Award,All-Star,,
17,Clyde,Drexler,,NBA All-Star,,1987-88,,,,Award,All-Star,,
17,Clyde,Drexler,,NBA All-Star,,1988-89,,,,Award,All-Star,,
17,Clyde,Drexler,,NBA All-Star,,1989-90,,,,Award,All-Star,,
17,Clyde,Drexler,,NBA All-Star,,1990-91,,,,Award,All-Star,,
17,Clyde,Drexler,,NBA All-Star,,1991-92,,,,Award,All-Star,,
17,Clyde,Drexler,,NBA All-Star,,1992-93,,,,Award,All-Star,,
17,Clyde,Drexler,,NBA All-Star,,1993-94,,,,Award,All-Star,,
17,Clyde,Drexler,,NBA All-Star,,1995-96,,,,Award,All-Star,,
17,Clyde,Drexler,,NBA All-Star,,1996-97,,,,Award,All-Star,,
17,Clyde,Drexler,Houston Rockets,NBA Champion,,1994-95,,,,Award,Champion,,
1630224,Jalen,Green,Houston Rockets,NBA Rookie of the Month,,2021-22,3/1/2022,,West,Award,Kia Motors,KIRMO,
1630224,Jalen,Green,Houston Rockets,All-Rookie Team,1,2021-22,,,West,Award,Kia Motors,KIART,
1630224,Jalen,Green,Houston Rockets,NBA Player of the Week,,2023-24,,2024-03-11T00:00:00,West,Award,Kia Motors,KIPWK,
1630228,Jonathan,Kuminga,Golden State Warriors,NBA Champion,,2021-22,,,,Award,Champion,,
22,Rik,Smits,Indiana Pacers,All-Rookie Team,1,1988-89,,,1610612754,Award,Kia Motors,KIART,
22,Rik,Smits,Indiana Pacers,NBA Player of the Week,,1994-95,,1995-03-12T00:00:00,,Award,Kia Motors,KIPWK,
22,Rik,Smits,Indiana Pacers,NBA Player of the Week,,1997-98,,1998-01-04T00:00:00,,Award,Kia Motors,KIPWK,
22,Rik,Smits,,NBA All-Star,,1997-98,,,,Award,All-Star,,
23,Dennis,Rodman,Detroit Pistons,All-Defensive Team,1,1988-89,,,1610612765,Award,Kia Motors,KIADT,
23,Dennis,Rodman,Detroit Pistons,All-Defensive Team,1,1989-90,,,1610612765,Award,Kia Motors,KIADT,
23,Dennis,Rodman,Detroit Pistons,All-Defensive Team,1,1990-91,,,1610612765,Award,Kia Motors,KIADT,
23,Dennis,Rodman,Detroit Pistons,All-Defensive Team,1,1991-92,,,1610612765,Award,Kia Motors,KIADT,
23,Dennis,Rodman,Detroit Pistons,All-Defensive Team,1,1992-93,,,1610612765,Award,Kia Motors,KIADT,
23,Dennis,Rodman,San Antonio Spurs,All-Defensive Team,2,1993-94,,,1610612759,Award,Kia Motors,KIADT,
23,Dennis,Rodman,San Antonio Spurs,All-Defensive Team,1,1994-95,,,1610612759,Award,Kia Motors,KIADT,
23,Dennis,Rodman,Chicago Bulls,All-Defensive Team,1,1995-96,,,1610612741,Award,Kia Motors,KIADT,
23,Dennis,Rodman,Detroit Pistons,All-NBA,3,1991-92,,,1610612765,Award,Kia Motors,KIANT,
23,Dennis,Rodman,San Antonio Spurs,All-NBA,3,1994-95,,,1610612759,Award,Kia Motors,KIANT,
23,Dennis,Rodman,,Hall of Fame Inductee,,2011,,,,Award,Hall of Fame,,
23,Dennis,Rodman,Detroit Pistons,IBM Award,,1991-92,,,,Award,IBM,IBMAW,
23,Dennis,Rodman,Detroit Pistons,NBA Defensive Player of the Year,,1989-90,,,,Award,Kia Motors,KDPYR,
23,Dennis,Rodman,Detroit Pistons,NBA Defensive Player of the Year,,1990-91,,,,Award,Kia Motors,KDPYR,
23,Dennis,Rodman,Detroit Pistons,NBA Player of the Month,,1991-92,01/01/1992,,,Award,Kia Motors,KIPMO,
23,Dennis,Rodman,Detroit Pistons,NBA Player of the Week,,1991-92,,1991-12-15T00:00:00,,Award,Kia Motors,KIPWK,
23,Dennis,Rodman,,NBA All-Star,,1989-90,,,,Award,All-Star,,
23,Dennis,Rodman,,NBA All-Star,,1991-92,,,,Award,All-Star,,
23,Dennis,Rodman,Chicago Bulls,NBA Champion,,1995-96,,,,Award,Champion,,
23,Dennis,Rodman,Chicago Bulls,NBA Champion,,1996-97,,,,Award,Champion,,
23,Dennis,Rodman,Chicago Bulls,NBA Champion,,1997-98,,,,Award,Champion,,
23,Dennis,Rodman,Detroit Pistons,NBA Champion,,1988-89,,,,Award,Champion,,
23,Dennis,Rodman,Detroit Pistons,NBA Champion,,1989-90,,,,Award,Champion,,
26,Luc,Longley,Australia,Olympic Appearance,,1988,,,,Award,Olympic,Appearance,
26,Luc,Longley,Australia,Olympic Appearance,,1992,,,,Award,Olympic,Appearance,
26,Luc,Longley,Australia,Olympic Appearance,,2000,,,,Award,Olympic,Appearance,
26,Luc,Longley,Chicago Bulls,NBA Champion,,1995-96,,,,Award,Champion,,
26,Luc,Longley,Chicago Bulls,NBA Champion,,1996-97,,,,Award,Champion,,
26,Luc,Longley,Chicago Bulls,NBA Champion,,1997-98,,,,Award,Champion,,
1630241,Sam,Merrill,Milwaukee Bucks,NBA Champion,,2020-21,,,,Award,Champion,,
1630245,Ayo,Dosunmu,Chicago Bulls,All-Rookie Team,2,2021-22,,,East,Award,Kia Motors,KIART,
1630256,Jae'Sean,Tate,Houston Rockets,All-Rookie Team,1,2020-21,,,West,Award,Kia Motors,KIART,
49,Gheorghe,Muresan,Washington Bullets,NBA Most Improved Player,,1995-96,,,,Award,Kia Motors,KIMIP,
51,Chris,Jackson,Denver Nuggets,All-Rookie Team,2,1990-91,,,1610612743,Award,Kia Motors,KIART,
51,Mahmoud,Abdul-Rauf,Denver Nuggets,NBA Most Improved Player,,1992-93,,,,Award,Kia Motors,KIMIP,
52,Micheal,Williams,Indiana Pacers,All-Defensive Team,2,1991-92,,,1610612754,Award,Kia Motors,KIADT,
52,Micheal,Williams,Detroit Pistons,NBA Champion,,1988-89,,,,Award,Champion,,
53,Mario,Elie,Houston Rockets,NBA Champion,,1993-94,,,,Award,Champion,,
53,Mario,Elie,Houston Rockets,NBA Champion,,1994-95,,,,Award,Champion,,
53,Mario,Elie,San Antonio Spurs,NBA Champion,,1998-99,,,,Award,Champion,,
54,Dickey,Simpkins,Chicago Bulls,NBA Champion,,1997-98,,,,Award,Champion,,
56,Gary,Payton,Seattle SuperSonics,All-Defensive Team,1,1993-94,,,1610612760,Award,Kia Motors,KIADT,
56,Gary,Payton,Seattle SuperSonics,All-Defensive Team,1,1994-95,,,1610612760,Award,Kia Motors,KIADT,
56,Gary,Payton,Seattle SuperSonics,All-Defensive Team,1,1995-96,,,1610612760,Award,Kia Motors,KIADT,
56,Gary,Payton,Seattle SuperSonics,All-Defensive Team,1,1996-97,,,1610612760,Award,Kia Motors,KIADT,
56,Gary,Payton,Seattle SuperSonics,All-Defensive Team,1,1997-98,,,1610612760,Award,Kia Motors,KIADT,
56,Gary,Payton,Seattle SuperSonics,All-Defensive Team,1,1998-99,,,1610612760,Award,Kia Motors,KIADT,
56,Gary,Payton,Seattle SuperSonics,All-Defensive Team,1,1999-00,,,1610612760,Award,Kia Motors,KIADT,
56,Gary,Payton,Seattle SuperSonics,All-Defensive Team,1,2000-01,,,1610612760,Award,Kia Motors,KIADT,
56,Gary,Payton,Seattle SuperSonics,All-Defensive Team,1,2001-02,,,1610612760,Award,Kia Motors,KIADT,
56,Gary,Payton,Seattle SuperSonics,All-NBA,3,1993-94,,,1610612760,Award,Kia Motors,KIANT,
56,Gary,Payton,Seattle SuperSonics,All-NBA,2,1994-95,,,1610612760,Award,Kia Motors,KIANT,
56,Gary,Payton,Seattle SuperSonics,All-NBA,2,1995-96,,,1610612760,Award,Kia Motors,KIANT,
56,Gary,Payton,Seattle SuperSonics,All-NBA,2,1996-97,,,1610612760,Award,Kia Motors,KIANT,
56,Gary,Payton,Seattle SuperSonics,All-NBA,1,1997-98,,,1610612760,Award,Kia Motors,KIANT,
56,Gary,Payton,Seattle SuperSonics,All-NBA,2,1998-99,,,1610612760,Award,Kia Motors,KIANT,
56,Gary,Payton,Seattle SuperSonics,All-NBA,1,1999-00,,,1610612760,Award,Kia Motors,KIANT,
56,Gary,Payton,Seattle SuperSonics,All-NBA,3,2000-01,,,1610612760,Award,Kia Motors,KIANT,
56,Gary,Payton,Seattle SuperSonics,All-NBA,2,2001-02,,,1610612760,Award,Kia Motors,KIANT,
56,Gary,Payton,Seattle SuperSonics,All-Rookie Team,2,1990-91,,,1610612760,Award,Kia Motors,KIART,
56,Gary,Payton,,Hall of Fame Inductee,,2013,,,,Award,Hall of Fame,,
56,Gary,Payton,Seattle SuperSonics,NBA Defensive Player of the Year,,1995-96,,,,Award,Kia Motors,KDPYR,
56,Gary,Payton,Seattle SuperSonics,NBA Player of the Month,,1999-00,04/01/2000,,,Award,Kia Motors,KIPMO,
56,Gary,Payton,Seattle SuperSonics,NBA Player of the Week,,1994-95,,1995-01-08T00:00:00,,Award,Kia Motors,KIPWK,
56,Gary,Payton,Seattle SuperSonics,NBA Player of the Week,,1998-99,,1999-02-14T00:00:00,,Award,Kia Motors,KIPWK,
56,Gary,Payton,Seattle SuperSonics,NBA Player of the Week,,2001-02,,2001-12-23T00:00:00,West,Award,Kia Motors,KIPWK,
56,Gary,Payton,USA,Olympic Gold Medal,,1996,,,,Award,Olympic,Gold,
56,Gary,Payton,USA,Olympic Gold Medal,,2000,,,,Award,Olympic,Gold,
56,Gary,Payton,,NBA All-Star,,1993-94,,,,Award,All-Star,,
56,Gary,Payton,,NBA All-Star,,1994-95,,,,Award,All-Star,,
56,Gary,Payton,,NBA All-Star,,1995-96,,,,Award,All-Star,,
56,Gary,Payton,,NBA All-Star,,1996-97,,,,Award,All-Star,,
56,Gary,Payton,,NBA All-Star,,1997-98,,,,Award,All-Star,,
56,Gary,Payton,,NBA All-Star,,1999-00,,,,Award,All-Star,,
56,Gary,Payton,,NBA All-Star,,2000-01,,,,Award,All-Star,,
56,Gary,Payton,,NBA All-Star,,2001-02,,,,Award,All-Star,,
56,Gary,Payton,,NBA All-Star,,2002-03,,,,Award,All-Star,,
56,Gary,Payton,Miami Heat,NBA Champion,,2005-06,,,,Award,Champion,,
57,Doug,Christie,Sacramento Kings,All-Defensive Team,2,2000-01,,,1610612758,Award,Kia Motors,KIADT,
57,Doug,Christie,Sacramento Kings,All-Defensive Team,2,2001-02,,,1610612758,Award,Kia Motors,KIADT,
57,Doug,Christie,Sacramento Kings,All-Defensive Team,1,2002-03,,,1610612758,Award,Kia Motors,KIADT,
57,Doug,Christie,Sacramento Kings,All-Defensive Team,2,2003-04,,,1610612758,Award,Kia Motors,KIADT,
61,Carl,Herrera,Venezuela,Olympic Appearance,,1992,,,,Award,Olympic,Appearance,
61,Carl,Herrera,Houston Rockets,NBA Champion,,1993-94,,,,Award,Champion,,
61,Carl,Herrera,Houston Rockets,NBA Champion,,1994-95,,,,Award,Champion,,
64,Sam,Perkins,Dallas Mavericks,All-Rookie Team,1,1984-85,,,1610612742,Award,Kia Motors,KIART,
64,Sam,Perkins,USA,Olympic Gold Medal,,1984,,,,Award,Olympic,Gold,
70,Steve,Kerr,Chicago Bulls,NBA Champion,,1995-96,,,,Award,Champion,,
70,Steve,Kerr,Chicago Bulls,NBA Champion,,1996-97,,,,Award,Champion,,
70,Steve,Kerr,Chicago Bulls,NBA Champion,,1997-98,,,,Award,Champion,,
70,Steve,Kerr,San Antonio Spurs,NBA Champion,,1998-99,,,,Award,Champion,,
70,Steve,Kerr,San Antonio Spurs,NBA Champion,,2002-03,,,,Award,Champion,,
71,Pooh,Richardson,Minnesota Timberwolves,All-Rookie Team,1,1989-90,,,1610612750,Award,Kia Motors,KIART,
72,Kenny,Anderson,New Jersey Nets,NBA Player of the Week,,1993-94,,1994-01-23T00:00:00,,Award,Kia Motors,KIPWK,
72,Kenny,Anderson,,NBA All-Star,,1993-94,,,,Award,All-Star,,
76,Cedric,Ceballos,Los Angeles Lakers,NBA Player of the Month,,1994-95,12/01/1994,,,Award,Kia Motors,KIPMO,
76,Cedric,Ceballos,Los Angeles Lakers,NBA Player of the Week,,1994-95,,1994-12-25T00:00:00,,Award,Kia Motors,KIPWK,
76,Cedric,Ceballos,Los Angeles Lakers,NBA Player of the Week,,1995-96,,1995-11-19T00:00:00,,Award,Kia Motors,KIPWK,
76,Cedric,Ceballos,,NBA All-Star,,1994-95,,,,Award,All-Star,,
81,Jeff,Grayer,USA,Olympic Bronze Medal,,1988,,,,Award,Olympic,Bronze,
82,Bill,Wennington,Chicago Bulls,NBA Champion,,1995-96,,,,Award,Champion,,
82,Bill,Wennington,Chicago Bulls,NBA Champion,,1997-98,,,,Award,Champion,,
84,Latrell,Sprewell,Golden State Warriors,All-Defensive Team,2,1993-94,,,1610612744,Award,Kia Motors,KIADT,
84,Latrell,Sprewell,Golden State Warriors,All-NBA,1,1993-94,,,1610612744,Award,Kia Motors,KIANT,
84,Latrell,Sprewell,Golden State Warriors,All-Rookie Team,2,1992-93,,,1610612744,Award,Kia Motors,KIART,
84,Latrell,Sprewell,,NBA All-Star,,2000-01,,,,Award,All-Star,,
84,Latrell,Sprewell,,NBA All-Star,,1993-94,,,,Award,All-Star,,
84,Latrell,Sprewell,,NBA All-Star,,1994-95,,,,Award,All-Star,,
84,Latrell,Sprewell,,NBA All-Star,,1996-97,,,,Award,All-Star,,
87,Dikembe,Mutombo,Denver Nuggets,All-Defensive Team,2,1994-95,,,1610612743,Award,Kia Motors,KIADT,
87,Dikembe,Mutombo,Atlanta Hawks,All-Defensive Team,1,1996-97,,,1610612737,Award,Kia Motors,KIADT,
87,Dikembe,Mutombo,Atlanta Hawks,All-Defensive Team,1,1997-98,,,1610612737,Award,Kia Motors,KIADT,
87,Dikembe,Mutombo,Atlanta Hawks,All-Defensive Team,2,1998-99,,,1610612737,Award,Kia Motors,KIADT,
87,Dikembe,Mutombo,Philadelphia 76ers-Atlanta Hawks,All-Defensive Team,1,2000-01,,,1610612737,Award,Kia Motors,KIADT,
87,Dikembe,Mutombo,Philadelphia 76ers-Atlanta Hawks,All-Defensive Team,2,2001-02,,,1610612737,Award,Kia Motors,KIADT,
87,Dikembe,Mutombo,Atlanta Hawks,All-NBA,3,1997-98,,,1610612737,Award,Kia Motors,KIANT,
87,Dikembe,Mutombo,Atlanta Hawks-Philadelphia 76ers,All-NBA,2,2000-01,,,1610612755,Award,Kia Motors,KIANT,
87,Dikembe,Mutombo,Philadelphia 76ers,All-NBA,3,2001-02,,,1610612755,Award,Kia Motors,KIANT,
87,Dikembe,Mutombo,Denver Nuggets,All-Rookie Team,1,1991-92,,,1610612743,Award,Kia Motors,KIART,
87,Dikembe,Mutombo,,Hall of Fame Inductee,,2015,,,,Award,Hall of Fame,,
87,Dikembe,Mutombo,Atlanta Hawks,IBM Award,,1998-99,,,,Award,IBM,IBMAW,
87,Dikembe,Mutombo,Philadelphia 76ers,J. Walter Kennedy Citizenship,,2000-01,,,,Award,Kia Motors,KIWKC,
87,Dikembe,Mutombo,Houston Rockets,J. Walter Kennedy Citizenship,,2008-09,,,,Award,Kia Motors,KIWKC,
87,Dikembe,Mutombo,Denver Nuggets,NBA Defensive Player of the Year,,1994-95,,,,Award,Kia Motors,KDPYR,
87,Dikembe,Mutombo,Atlanta Hawks,NBA Defensive Player of the Year,,1996-97,,,,Award,Kia Motors,KDPYR,
87,Dikembe,Mutombo,Atlanta Hawks,NBA Defensive Player of the Year,,1997-98,,,,Award,Kia Motors,KDPYR,
87,Dikembe,Mutombo,Atlanta Hawks-Philadelphia 76ers,NBA Defensive Player of the Year,,2000-01,,,,Award,Kia Motors,KDPYR,
87,Dikembe,Mutombo,Denver Nuggets,NBA Player of the Week,,1992-93,,1993-03-28T00:00:00,,Award,Kia Motors,KIPWK,
87,Dikembe,Mutombo,Denver Nuggets,NBA Player of the Week,,1993-94,,1994-04-10T00:00:00,,Award,Kia Motors,KIPWK,
87,Dikembe,Mutombo,Denver Nuggets,NBA Player of the Week,,1994-95,,1995-04-16T00:00:00,,Award,Kia Motors,KIPWK,
87,Dikembe,Mutombo,Denver Nuggets,NBA Player of the Week,,1995-96,,1995-12-10T00:00:00,,Award,Kia Motors,KIPWK,
87,Dikembe,Mutombo,Atlanta Hawks,NBA Player of the Week,,1996-97,,1996-12-01T00:00:00,,Award,Kia Motors,KIPWK,
87,Dikembe,Mutombo,Atlanta Hawks,NBA Player of the Week,,1997-98,,1997-11-09T00:00:00,,Award,Kia Motors,KIPWK,
87,Dikembe,Mutombo,Atlanta Hawks,NBA Player of the Week,,1998-99,,1999-01-30T00:00:00,,Award,Kia Motors,KIPWK,
87,Dikembe,Mutombo,Atlanta Hawks,NBA Player of the Week,,1999-00,,2000-01-31T00:00:00,,Award,Kia Motors,KIPWK,
87,Dikembe,Mutombo,New York Knicks,NBA Player of the Week,,2003-04,,2003-11-30T00:00:00,East,Award,Kia Motors,KIPWK,
87,Dikembe,Mutombo,Denver Nuggets,NBA Rookie of the Month,,1991-92,01/01/1992,,,Award,Kia Motors,KIRMO,
87,Dikembe,Mutombo,Denver Nuggets,NBA Rookie of the Month,,1991-92,11/01/1991,,,Award,Kia Motors,KIRMO,
87,Dikembe,Mutombo,,NBA All-Star,,1996-97,,,,Award,All-Star,,
87,Dikembe,Mutombo,,NBA All-Star,,1997-98,,,,Award,All-Star,,
87,Dikembe,Mutombo,,NBA All-Star,,1999-00,,,,Award,All-Star,,
87,Dikembe,Mutombo,,NBA All-Star,,2000-01,,,,Award,All-Star,,
87,Dikembe,Mutombo,,NBA All-Star,,2001-02,,,,Award,All-Star,,
87,Dikembe,Mutombo,,NBA All-Star,,1991-92,,,,Award,All-Star,,
87,Dikembe,Mutombo,,NBA All-Star,,1994-95,,,,Award,All-Star,,
87,Dikembe,Mutombo,,NBA All-Star,,1995-96,,,,Award,All-Star,,
89,Nick,VanExel,Los Angeles Lakers,All-Rookie Team,2,1993-94,,,1610612747,Award,Kia Motors,KIART,
89,Nick,Van Exel,,NBA All-Star,,1997-98,,,,Award,All-Star,,
96,Detlef,Schrempf,Seattle SuperSonics,All-NBA,3,1994-95,,,1610612760,Award,Kia Motors,KIANT,
96,Detlef,Schrempf,Indiana Pacers,NBA Player of the Month,,1991-92,02/01/1992,,,Award,Kia Motors,KIPMO,
96,Detlef,Schrempf,Indiana Pacers,NBA Sixth Man of the Year,,1990-91,,,,Award,Sporting News,KISMY,
96,Detlef,Schrempf,Indiana Pacers,NBA Sixth Man of the Year,,1991-92,,,,Award,Sporting News,KISMY,
96,Detlef,Schrempf,Germany,Olympic Appearance,,1992,,,,Award,Olympic,Appearance,
96,Detlef,Schrempf,,NBA All-Star,,1992-93,,,,Award,All-Star,,
96,Detlef,Schrempf,,NBA All-Star,,1994-95,,,,Award,All-Star,,
96,Detlef,Schrempf,,NBA All-Star,,1996-97,,,,Award,All-Star,,
98,Nick,Anderson,Orlando Magic,NBA Player of the Week,,1991-92,,1992-01-26T00:00:00,,Award,Kia Motors,KIPWK,
98,Nick,Anderson,Orlando Magic,NBA Player of the Week,,1992-93,,1993-02-07T00:00:00,,Award,Kia Motors,KIPWK,
98,Nick,Anderson,Orlando Magic,NBA Player of the Week,,1997-98,,1998-02-22T00:00:00,,Award,Kia Motors,KIPWK,
104,Benoit,Benjamin,Los Angeles Clippers,NBA Rookie of the Month,,1985-86,03/01/1986,,,Award,Kia Motors,KIRMO,
105,Dan,Majerle,Phoenix Suns,All-Defensive Team,2,1990-91,,,1610612756,Award,Kia Motors,KIADT,
105,Dan,Majerle,Phoenix Suns,All-Defensive Team,2,1992-93,,,1610612756,Award,Kia Motors,KIADT,
105,Dan,Majerle,USA,Olympic Bronze Medal,,1988,,,,Award,Olympic,Bronze,
105,Dan,Majerle,,NBA All-Star,,1991-92,,,,Award,All-Star,,
105,Dan,Majerle,,NBA All-Star,,1992-93,,,,Award,All-Star,,
105,Dan,Majerle,,NBA All-Star,,1994-95,,,,Award,All-Star,,
107,Dale,Ellis,Seattle SuperSonics,All-NBA,3,1988-89,,,1610612760,Award,Kia Motors,KIANT,
107,Dale,Ellis,Seattle SuperSonics,NBA Most Improved Player,,1986-87,,,,Award,Kia Motors,KIMIP,
107,Dale,Ellis,Seattle SuperSonics,NBA Player of the Week,,1988-89,,1989-01-08T00:00:00,,Award,Kia Motors,KIPWK,
107,Dale,Ellis,Denver Nuggets,NBA Player of the Week,,1996-97,,1996-11-17T00:00:00,,Award,Kia Motors,KIPWK,
107,Dale,Ellis,,NBA All-Star,,1988-89,,,,Award,All-Star,,
109,Robert,Horry,Houston Rockets,All-Rookie Team,2,1992-93,,,1610612745,Award,Kia Motors,KIART,
109,Robert,Horry,Houston Rockets,NBA Champion,,1993-94,,,,Award,Champion,,
109,Robert,Horry,Houston Rockets,NBA Champion,,1994-95,,,,Award,Champion,,
109,Robert,Horry,Los Angeles Lakers,NBA Champion,,1999-00,,,,Award,Champion,,
109,Robert,Horry,Los Angeles Lakers,NBA Champion,,2000-01,,,,Award,Champion,,
109,Robert,Horry,Los Angeles Lakers,NBA Champion,,2001-02,,,,Award,Champion,,
109,Robert,Horry,San Antonio Spurs,NBA Champion,,2004-05,,,,Award,Champion,,
109,Robert,Horry,San Antonio Spurs,NBA Champion,,2006-07,,,,Award,Champion,,
111,LaPhonso,Ellis,Denver Nuggets,All-Rookie Team,1,1992-93,,,1610612743,Award,Kia Motors,KIART,
120,Steve,Smith,Miami Heat,All-Rookie Team,1,1991-92,,,1610612748,Award,Kia Motors,KIART,
120,Steve,Smith,Atlanta Hawks,J. Walter Kennedy Citizenship,,1997-98,,,,Award,Kia Motors,KIWKC,
120,Steve,Smith,Atlanta Hawks,NBA Player of the Week,,1997-98,,1998-01-11T00:00:00,,Award,Kia Motors,KIPWK,
120,Steve,Smith,San Antonio Spurs,NBA Sportsmanship,,2001-02,,,,Award,Kia Motors,KSPRT,
120,Steve,Smith,USA,Olympic Gold Medal,,2000,,,,Award,Olympic,Gold,
120,Steven,Smith,,NBA All-Star,,1997-98,,,,Award,All-Star,,
120,Steven,Smith,San Antonio Spurs,NBA Champion,,2002-03,,,,Award,Champion,,
121,Patrick,Ewing,New York Knicks,All-Defensive Team,2,1987-88,,,1610612752,Award,Kia Motors,KIADT,
121,Patrick,Ewing,New York Knicks,All-Defensive Team,2,1988-89,,,1610612752,Award,Kia Motors,KIADT,
121,Patrick,Ewing,New York Knicks,All-Defensive Team,2,1991-92,,,1610612752,Award,Kia Motors,KIADT,
121,Patrick,Ewing,New York Knicks,All-NBA,2,1987-88,,,1610612752,Award,Kia Motors,KIANT,
121,Patrick,Ewing,New York Knicks,All-NBA,2,1988-89,,,1610612752,Award,Kia Motors,KIANT,
121,Patrick,Ewing,New York Knicks,All-NBA,1,1989-90,,,1610612752,Award,Kia Motors,KIANT,
121,Patrick,Ewing,New York Knicks,All-NBA,2,1990-91,,,1610612752,Award,Kia Motors,KIANT,
121,Patrick,Ewing,New York Knicks,All-NBA,2,1991-92,,,1610612752,Award,Kia Motors,KIANT,
121,Patrick,Ewing,New York Knicks,All-NBA,2,1992-93,,,1610612752,Award,Kia Motors,KIANT,
121,Patrick,Ewing,New York Knicks,All-NBA,2,1996-97,,,1610612752,Award,Kia Motors,KIANT,
121,Patrick,Ewing,New York Knicks,All-Rookie Team,1,1985-86,,,1610612752,Award,Kia Motors,KIART,
121,Patrick,Ewing,,Hall of Fame Inductee,,2008,,,,Award,Hall of Fame,,
121,Patrick,Ewing,New York Knicks,NBA Player of the Month,,1988-89,04/01/1989,,,Award,Kia Motors,KIPMO,
121,Patrick,Ewing,New York Knicks,NBA Player of the Month,,1989-90,11/01/1989,,,Award,Kia Motors,KIPMO,
121,Patrick,Ewing,New York Knicks,NBA Player of the Month,,1992-93,03/01/1993,,,Award,Kia Motors,KIPMO,
121,Patrick,Ewing,New York Knicks,NBA Player of the Month,,1993-94,01/01/1994,,,Award,Kia Motors,KIPMO,
121,Patrick,Ewing,New York Knicks,NBA Player of the Month,,1994-95,01/01/1995,,,Award,Kia Motors,KIPMO,
121,Patrick,Ewing,New York Knicks,NBA Player of the Week,,1985-86,,1985-11-17T00:00:00,,Award,Kia Motors,KIPWK,
121,Patrick,Ewing,New York Knicks,NBA Player of the Week,,1986-87,,1986-12-28T00:00:00,,Award,Kia Motors,KIPWK,
121,Patrick,Ewing,New York Knicks,NBA Player of the Week,,1988-89,,1988-11-27T00:00:00,,Award,Kia Motors,KIPWK,
121,Patrick,Ewing,New York Knicks,NBA Player of the Week,,1988-89,,1989-02-26T00:00:00,,Award,Kia Motors,KIPWK,
121,Patrick,Ewing,New York Knicks,NBA Player of the Week,,1989-90,,1989-12-03T00:00:00,,Award,Kia Motors,KIPWK,
121,Patrick,Ewing,New York Knicks,NBA Player of the Week,,1991-92,,1992-01-05T00:00:00,,Award,Kia Motors,KIPWK,
121,Patrick,Ewing,New York Knicks,NBA Player of the Week,,1992-93,,1992-12-20T00:00:00,,Award,Kia Motors,KIPWK,
121,Patrick,Ewing,New York Knicks,NBA Player of the Week,,1992-93,,1993-01-24T00:00:00,,Award,Kia Motors,KIPWK,
121,Patrick,Ewing,New York Knicks,NBA Player of the Week,,1992-93,,1993-03-21T00:00:00,,Award,Kia Motors,KIPWK,
121,Patrick,Ewing,New York Knicks,NBA Player of the Week,,1993-94,,1994-01-16T00:00:00,,Award,Kia Motors,KIPWK,
121,Patrick,Ewing,New York Knicks,NBA Player of the Week,,1994-95,,1995-01-22T00:00:00,,Award,Kia Motors,KIPWK,
121,Patrick,Ewing,New York Knicks,NBA Player of the Week,,1996-97,,1997-03-09T00:00:00,,Award,Kia Motors,KIPWK,
121,Patrick,Ewing,New York Knicks,NBA Rookie of the Month,,1985-86,01/01/1986,,,Award,Kia Motors,KIRMO,
121,Patrick,Ewing,New York Knicks,NBA Rookie of the Month,,1985-86,11/01/1985,,,Award,Kia Motors,KIRMO,
121,Patrick,Ewing,New York Knicks,NBA Rookie of the Year,,1985-86,,,,Award,Kia Motors,KIROY,
121,Patrick,Ewing,New York Knicks,NBA Sporting News Rookie of the Year,,1985-86,,,,Award,Sporting News,SNROY,
121,Patrick,Ewing,USA,Olympic Gold Medal,,1984,,,,Award,Olympic,Gold,
121,Patrick,Ewing,USA,Olympic Gold Medal,,1992,,,,Award,Olympic,Gold,
121,Patrick,Ewing,,NBA All-Star,,1987-88,,,,Award,All-Star,,
121,Patrick,Ewing,,NBA All-Star,,1988-89,,,,Award,All-Star,,
121,Patrick,Ewing,,NBA All-Star,,1989-90,,,,Award,All-Star,,
121,Patrick,Ewing,,NBA All-Star,,1990-91,,,,Award,All-Star,,
121,Patrick,Ewing,,NBA All-Star,,1991-92,,,,Award,All-Star,,
121,Patrick,Ewing,,NBA All-Star,,1992-93,,,,Award,All-Star,,
121,Patrick,Ewing,,NBA All-Star,,1993-94,,,,Award,All-Star,,
121,Patrick,Ewing,,NBA All-Star,,1994-95,,,,Award,All-Star,,
121,Patrick,Ewing,,NBA All-Star,,1995-96,,,,Award,All-Star,,
121,Patrick,Ewing,,NBA All-Star,,1985-86,,,,Award,All-Star,,
121,Patrick,Ewing,,NBA All-Star,,1996-97,,,,Award,All-Star,,
124,Vlade,Divac,Los Angeles Lakers,All-Rookie Team,1,1989-90,,,1610612747,Award,Kia Motors,KIART,
124,Vlade,Divac,Sacramento Kings,J. Walter Kennedy Citizenship,,1999-00,,,,Award,Kia Motors,KIWKC,
124,Vlade,Divac,Los Angeles Lakers,NBA Player of the Week,,1994-95,,1995-03-26T00:00:00,,Award,Kia Motors,KIPWK,
124,Vlade,Divac,Yugoslavia,Olympic Silver Medal,,1988,,,,Award,Olympic,Silver,
124,Vlade,Divac,,NBA All-Star,,2000-01,,,,Award,All-Star,,
134,Kevin,Johnson,Phoenix Suns,All-NBA,2,1988-89,,,1610612756,Award,Kia Motors,KIANT,
134,Kevin,Johnson,Phoenix Suns,All-NBA,2,1989-90,,,1610612756,Award,Kia Motors,KIANT,
134,Kevin,Johnson,Phoenix Suns,All-NBA,2,1990-91,,,1610612756,Award,Kia Motors,KIANT,
134,Kevin,Johnson,Phoenix Suns,All-NBA,3,1991-92,,,1610612756,Award,Kia Motors,KIANT,
134,Kevin,Johnson,Phoenix Suns,All-NBA,2,1993-94,,,1610612756,Award,Kia Motors,KIANT,
134,Kevin,Johnson,Phoenix Suns,J. Walter Kennedy Citizenship,,1990-91,,,,Award,Kia Motors,KIWKC,
134,Kevin,Johnson,Phoenix Suns,NBA Most Improved Player,,1988-89,,,,Award,Kia Motors,KIMIP,
134,Kevin,Johnson,Phoenix Suns,NBA Player of the Month,,1988-89,02/01/1989,,,Award,Kia Motors,KIPMO,
134,Kevin,Johnson,Phoenix Suns,NBA Player of the Month,,1996-97,04/01/1997,,,Award,Kia Motors,KIPMO,
134,Kevin,Johnson,Phoenix Suns,NBA Player of the Week,,1988-89,,1989-03-19T00:00:00,,Award,Kia Motors,KIPWK,
134,Kevin,Johnson,Phoenix Suns,NBA Player of the Week,,1989-90,,1990-03-18T00:00:00,,Award,Kia Motors,KIPWK,
134,Kevin,Johnson,Phoenix Suns,NBA Player of the Week,,1990-91,,1990-12-16T00:00:00,,Award,Kia Motors,KIPWK,
134,Kevin,Johnson,Phoenix Suns,NBA Player of the Week,,1995-96,,1996-04-07T00:00:00,,Award,Kia Motors,KIPWK,
134,Kevin,Johnson,Phoenix Suns,NBA Player of the Week,,1996-97,,1997-03-30T00:00:00,,Award,Kia Motors,KIPWK,
134,Kevin,Johnson,Phoenix Suns,NBA Rookie of the Month,,1987-88,04/01/1988,,,Award,Kia Motors,KIRMO,
134,Kevin,Johnson,,NBA All-Star,,1989-90,,,,Award,All-Star,,
134,Kevin,Johnson,,NBA All-Star,,1990-91,,,,Award,All-Star,,
134,Kevin,Johnson,,NBA All-Star,,1993-94,,,,Award,All-Star,,
136,P.J.,Brown,Miami Heat,All-Defensive Team,2,1996-97,,,1610612748,Award,Kia Motors,KIADT,
136,P.J.,Brown,Miami Heat,All-Defensive Team,2,1998-99,,,1610612748,Award,Kia Motors,KIADT,
136,P.J.,Brown,Charlotte Hornets,All-Defensive Team,2,2000-01,,,1610612740,Award,Kia Motors,KIADT,
136,P.J.,Brown,Miami Heat,J. Walter Kennedy Citizenship,,1996-97,,,,Award,Kia Motors,KIWKC,
136,P.J.,Brown,New Orleans Hornets,NBA Sportsmanship,,2003-04,,,,Award,Kia Motors,KSPRT,
136,P.J.,Brown,Boston Celtics,NBA Champion,,2007-08,,,,Award,Champion,,
137,Vernon,Maxwell,Houston Rockets,NBA Champion,,1993-94,,,,Award,Champion,,
137,Vernon,Maxwell,Houston Rockets,NBA Champion,,1994-95,,,,Award,Champion,,
146,Jud,Buechler,Chicago Bulls,NBA Champion,,1995-96,,,,Award,Champion,,
146,Jud,Buechler,Chicago Bulls,NBA Champion,,1996-97,,,,Award,Champion,,
146,Jud,Buechler,Chicago Bulls,NBA Champion,,1997-98,,,,Award,Champion,,
147,Jalen,Rose,Denver Nuggets,All-Rookie Team,2,1994-95,,,1610612743,Award,Kia Motors,KIART,
147,Jalen,Rose,Indiana Pacers,NBA Most Improved Player,,1999-00,,,,Award,Kia Motors,KIMIP,
147,Jalen,Rose,Indiana Pacers,NBA Player of the Week,,1999-00,,2000-03-20T00:00:00,,Award,Kia Motors,KIPWK,
147,Jalen,Rose,Toronto Raptors,NBA Player of the Week,,2004-05,,2005-02-27T00:00:00,East,Award,Kia Motors,KIPWK,
157,Derek,Harper,Dallas Mavericks,All-Defensive Team,2,1986-87,,,1610612742,Award,Kia Motors,KIADT,
157,Derek,Harper,Dallas Mavericks,All-Defensive Team,2,1989-90,,,1610612742,Award,Kia Motors,KIADT,
165,Hakeem,Olajuwon,Houston Rockets,All-Defensive Team,2,1984-85,,,1610612745,Award,Kia Motors,KIADT,
165,Hakeem,Olajuwon,Houston Rockets,All-Defensive Team,1,1986-87,,,1610612745,Award,Kia Motors,KIADT,
165,Hakeem,Olajuwon,Houston Rockets,All-Defensive Team,1,1987-88,,,1610612745,Award,Kia Motors,KIADT,
165,Hakeem,Olajuwon,Houston Rockets,All-Defensive Team,1,1989-90,,,1610612745,Award,Kia Motors,KIADT,
165,Hakeem,Olajuwon,Houston Rockets,All-Defensive Team,2,1990-91,,,1610612745,Award,Kia Motors,KIADT,
165,Hakeem,Olajuwon,Houston Rockets,All-Defensive Team,1,1992-93,,,1610612745,Award,Kia Motors,KIADT,
165,Hakeem,Olajuwon,Houston Rockets,All-Defensive Team,1,1993-94,,,1610612745,Award,Kia Motors,KIADT,
165,Hakeem,Olajuwon,Houston Rockets,All-Defensive Team,2,1995-96,,,1610612745,Award,Kia Motors,KIADT,
165,Hakeem,Olajuwon,Houston Rockets,All-Defensive Team,2,1996-97,,,1610612745,Award,Kia Motors,KIADT,
165,Hakeem,Olajuwon,Houston Rockets,All-NBA,2,1985-86,,,1610612745,Award,Kia Motors,KIANT,
165,Hakeem,Olajuwon,Houston Rockets,All-NBA,1,1986-87,,,1610612745,Award,Kia Motors,KIANT,
165,Hakeem,Olajuwon,Houston Rockets,All-NBA,1,1987-88,,,1610612745,Award,Kia Motors,KIANT,
165,Hakeem,Olajuwon,Houston Rockets,All-NBA,1,1988-89,,,1610612745,Award,Kia Motors,KIANT,
165,Hakeem,Olajuwon,Houston Rockets,All-NBA,2,1989-90,,,1610612745,Award,Kia Motors,KIANT,
165,Hakeem,Olajuwon,Houston Rockets,All-NBA,3,1990-91,,,1610612745,Award,Kia Motors,KIANT,
165,Hakeem,Olajuwon,Houston Rockets,All-NBA,1,1992-93,,,1610612745,Award,Kia Motors,KIANT,
165,Hakeem,Olajuwon,Houston Rockets,All-NBA,1,1993-94,,,1610612745,Award,Kia Motors,KIANT,
165,Hakeem,Olajuwon,Houston Rockets,All-NBA,3,1994-95,,,1610612745,Award,Kia Motors,KIANT,
165,Hakeem,Olajuwon,Houston Rockets,All-NBA,2,1995-96,,,1610612745,Award,Kia Motors,KIANT,
165,Hakeem,Olajuwon,Houston Rockets,All-NBA,1,1996-97,,,1610612745,Award,Kia Motors,KIANT,
165,Hakeem,Olajuwon,Houston Rockets,All-NBA,3,1998-99,,,1610612745,Award,Kia Motors,KIANT,
165,Hakeem,Olajuwon,Houston Rockets,All-Rookie Team,1,1984-85,,,1610612745,Award,Kia Motors,KIART,
165,Hakeem,Olajuwon,,Hall of Fame Inductee,,2008,,,,Award,Hall of Fame,,
165,Hakeem,Olajuwon,Houston Rockets,IBM Award,,1992-93,,,,Award,IBM,IBMAW,
165,Hakeem,Olajuwon,Houston Rockets,NBA Defensive Player of the Year,,1992-93,,,,Award,Kia Motors,KDPYR,
165,Hakeem,Olajuwon,Houston Rockets,NBA Defensive Player of the Year,,1993-94,,,,Award,Kia Motors,KDPYR,
165,Hakeem,Olajuwon,Houston Rockets,NBA Finals Most Valuable Player,,1993-94,,,,Award,Kia Motors,KFMVP,
165,Hakeem,Olajuwon,Houston Rockets,NBA Finals Most Valuable Player,,1994-95,,,,Award,Kia Motors,KFMVP,
165,Hakeem,Olajuwon,Houston Rockets,NBA Most Valuable Player,,1993-94,,,,Award,Kia Motors,KIMVP,
165,Hakeem,Olajuwon,Houston Rockets,NBA Player of the Month,,1985-86,11/01/1985,,,Award,Kia Motors,KIPMO,
165,Hakeem,Olajuwon,Houston Rockets,NBA Player of the Month,,1989-90,04/01/1990,,,Award,Kia Motors,KIPMO,
165,Hakeem,Olajuwon,Houston Rockets,NBA Player of the Month,,1992-93,01/01/1993,,,Award,Kia Motors,KIPMO,
165,Hakeem,Olajuwon,Houston Rockets,NBA Player of the Month,,1992-93,04/01/1993,,,Award,Kia Motors,KIPMO,
165,Hakeem,Olajuwon,Houston Rockets,NBA Player of the Month,,1993-94,11/01/1993,,,Award,Kia Motors,KIPMO,
165,Hakeem,Olajuwon,Houston Rockets,NBA Player of the Month,,1994-95,02/01/1995,,,Award,Kia Motors,KIPMO,
165,Hakeem,Olajuwon,Houston Rockets,NBA Player of the Week,,1988-89,,1988-11-13T00:00:00,,Award,Kia Motors,KIPWK,
165,Hakeem,Olajuwon,Houston Rockets,NBA Player of the Week,,1988-89,,1989-02-19T00:00:00,,Award,Kia Motors,KIPWK,
165,Hakeem,Olajuwon,Houston Rockets,NBA Player of the Week,,1989-90,,1990-03-04T00:00:00,,Award,Kia Motors,KIPWK,
165,Hakeem,Olajuwon,Houston Rockets,NBA Player of the Week,,1992-93,,1993-01-17T00:00:00,,Award,Kia Motors,KIPWK,
165,Hakeem,Olajuwon,Houston Rockets,NBA Player of the Week,,1992-93,,1993-02-28T00:00:00,,Award,Kia Motors,KIPWK,
165,Hakeem,Olajuwon,Houston Rockets,NBA Player of the Week,,1992-93,,1993-04-11T00:00:00,,Award,Kia Motors,KIPWK,
165,Hakeem,Olajuwon,Houston Rockets,NBA Player of the Week,,1993-94,,1993-11-14T00:00:00,,Award,Kia Motors,KIPWK,
165,Hakeem,Olajuwon,Houston Rockets,NBA Player of the Week,,1993-94,,1994-03-20T00:00:00,,Award,Kia Motors,KIPWK,
165,Hakeem,Olajuwon,Houston Rockets,NBA Player of the Week,,1994-95,,1995-01-01T00:00:00,,Award,Kia Motors,KIPWK,
165,Hakeem,Olajuwon,Houston Rockets,NBA Player of the Week,,1994-95,,1995-02-05T00:00:00,,Award,Kia Motors,KIPWK,
165,Hakeem,Olajuwon,Houston Rockets,NBA Player of the Week,,1995-96,,1996-03-03T00:00:00,,Award,Kia Motors,KIPWK,
165,Hakeem,Olajuwon,Houston Rockets,NBA Player of the Week,,1996-97,,1996-11-10T00:00:00,,Award,Kia Motors,KIPWK,
165,Hakeem,Olajuwon,Houston Rockets,NBA Rookie of the Month,,1984-85,02/01/1985,,,Award,Kia Motors,KIRMO,
165,Hakeem,Olajuwon,Houston Rockets,NBA Rookie of the Month,,1984-85,03/01/1985,,,Award,Kia Motors,KIRMO,
165,Hakeem,Olajuwon,Houston Rockets,NBA Rookie of the Month,,1984-85,12/01/1984,,,Award,Kia Motors,KIRMO,
165,Hakeem,Olajuwon,Houston Rockets,NBA Sporting News Most Valuable Player of the Year,,1993-94,,,,Award,Sporting News,SNMVP,
165,Hakeem,Olajuwon,USA,Olympic Gold Medal,,1996,,,,Award,Olympic,Gold,
165,Hakeem,Olajuwon,,NBA All-Star,,1984-85,,,,Award,All-Star,,
165,Hakeem,Olajuwon,,NBA All-Star,,1985-86,,,,Award,All-Star,,
165,Hakeem,Olajuwon,,NBA All-Star,,1986-87,,,,Award,All-Star,,
165,Hakeem,Olajuwon,,NBA All-Star,,1987-88,,,,Award,All-Star,,
165,Hakeem,Olajuwon,,NBA All-Star,,1988-89,,,,Award,All-Star,,
165,Hakeem,Olajuwon,,NBA All-Star,,1989-90,,,,Award,All-Star,,
165,Hakeem,Olajuwon,,NBA All-Star,,1991-92,,,,Award,All-Star,,
165,Hakeem,Olajuwon,,NBA All-Star,,1992-93,,,,Award,All-Star,,
165,Hakeem,Olajuwon,,NBA All-Star,,1993-94,,,,Award,All-Star,,
165,Hakeem,Olajuwon,,NBA All-Star,,1994-95,,,,Award,All-Star,,
165,Hakeem,Olajuwon,,NBA All-Star,,1995-96,,,,Award,All-Star,,
165,Hakeem,Olajuwon,,NBA All-Star,,1996-97,,,,Award,All-Star,,
165,Hakeem,Olajuwon,Houston Rockets,NBA Champion,,1993-94,,,,Award,Champion,,
165,Hakeem,Olajuwon,Houston Rockets,NBA Champion,,1994-95,,,,Award,Champion,,
166,Ron,Harper,Cleveland Cavaliers,All-Rookie Team,1,1986-87,,,1610612739,Award,Kia Motors,KIART,
166,Ron,Harper,Cleveland Cavaliers,NBA Player of the Week,,1988-89,,1989-02-05T00:00:00,,Award,Kia Motors,KIPWK,
166,Ron,Harper,Los Angeles Clippers,NBA Player of the Week,,1989-90,,1990-01-14T00:00:00,,Award,Kia Motors,KIPWK,
166,Ron,Harper,Los Angeles Clippers,NBA Player of the Week,,1993-94,,1994-01-30T00:00:00,,Award,Kia Motors,KIPWK,
166,Ron,Harper,Cleveland Cavaliers,NBA Rookie of the Month,,1986-87,01/01/1987,,,Award,Kia Motors,KIRMO,
166,Ron,Harper,Cleveland Cavaliers,NBA Rookie of the Month,,1986-87,12/01/1986,,,Award,Kia Motors,KIRMO,
166,Ron,Harper,Chicago Bulls,NBA Champion,,1995-96,,,,Award,Champion,,
166,Ron,Harper,Chicago Bulls,NBA Champion,,1996-97,,,,Award,Champion,,
166,Ron,Harper,Chicago Bulls,NBA Champion,,1997-98,,,,Award,Champion,,
166,Ron,Harper,Los Angeles Lakers,NBA Champion,,1999-00,,,,Award,Champion,,
166,Ron,Harper,Los Angeles Lakers,NBA Champion,,2000-01,,,,Award,Champion,,
170,Joe,Kleine,USA,Olympic Gold Medal,,1984,,,,Award,Olympic,Gold,
182,Billy,Owens,Golden State Warriors,All-Rookie Team,1,1991-92,,,1610612744,Award,Kia Motors,KIART,
183,Bison,Dele,Chicago Bulls,NBA Champion,,1996-97,,,,Award,Champion,,
184,Bobby,Phills,Cleveland Cavaliers,All-Defensive Team,2,1995-96,,,1610612739,Award,Kia Motors,KIADT,
185,Chris,Webber,Sacramento Kings,All-NBA,2,1998-99,,,1610612758,Award,Kia Motors,KIANT,
185,Chris,Webber,Sacramento Kings,All-NBA,3,1999-00,,,1610612758,Award,Kia Motors,KIANT,
185,Chris,Webber,Sacramento Kings,All-NBA,1,2000-01,,,1610612758,Award,Kia Motors,KIANT,
185,Chris,Webber,Sacramento Kings,All-NBA,2,2001-02,,,1610612758,Award,Kia Motors,KIANT,
185,Chris,Webber,Sacramento Kings,All-NBA,2,2002-03,,,1610612758,Award,Kia Motors,KIANT,
185,Chris,Webber,Golden State Warriors,All-Rookie Team,1,1993-94,,,1610612744,Award,Kia Motors,KIART,
185,Chris,Webber,Sacramento Kings,NBA Player of the Month,,2001-02,01/01/2002,,West,Award,Kia Motors,KIPMO,
185,Chris,Webber,Sacramento Kings,NBA Player of the Month,,2002-03,12/01/2002,,West,Award,Kia Motors,KIPMO,
185,Chris,Webber,Philadelphia 76ers,NBA Player of the Month,,2004-05,01/01/2005,,East,Award,Kia Motors,KIPMO,
185,Chris,Webber,Golden State Warriors,NBA Player of the Week,,1993-94,,1994-01-19T00:00:00,,Award,Kia Motors,KIPWK,
185,Chris,Webber,Washington Wizards,NBA Player of the Week,,1996-97,,1997-04-20T00:00:00,,Award,Kia Motors,KIPWK,
185,Chris,Webber,Sacramento Kings,NBA Player of the Week,,1998-99,,1999-04-25T00:00:00,,Award,Kia Motors,KIPWK,
185,Chris,Webber,Sacramento Kings,NBA Player of the Week,,1999-00,,2000-01-03T00:00:00,,Award,Kia Motors,KIPWK,
185,Chris,Webber,Sacramento Kings,NBA Player of the Week,,1999-00,,2000-01-17T00:00:00,,Award,Kia Motors,KIPWK,
185,Chris,Webber,Sacramento Kings,NBA Player of the Week,,2000-01,,2000-12-10T00:00:00,,Award,Kia Motors,KIPWK,
185,Chris,Webber,Sacramento Kings,NBA Player of the Week,,2000-01,,2001-01-22T00:00:00,,Award,Kia Motors,KIPWK,
185,Chris,Webber,Sacramento Kings,NBA Player of the Week,,2001-02,,2002-01-06T00:00:00,West,Award,Kia Motors,KIPWK,
185,Chris,Webber,Sacramento Kings,NBA Player of the Week,,2002-03,,2002-12-15T00:00:00,West,Award,Kia Motors,KIPWK,
185,Chris,Webber,Golden State Warriors,NBA Rookie of the Month,,1993-94,03/01/1994,,,Award,Kia Motors,KIRMO,
185,Chris,Webber,Golden State Warriors,NBA Rookie of the Month,,1993-94,12/01/1993,,,Award,Kia Motors,KIRMO,
185,Chris,Webber,Golden State Warriors,NBA Rookie of the Year,,1993-94,,,,Award,Kia Motors,KIROY,
185,Chris,Webber,Golden State Warriors,NBA Sporting News Rookie of the Year,,1993-94,,,,Award,Sporting News,SNROY,
185,Chris,Webber,,NBA All-Star,,1996-97,,,,Award,All-Star,,
185,Chris,Webber,,NBA All-Star,,1999-00,,,,Award,All-Star,,
185,Chris,Webber,,NBA All-Star,,2000-01,,,,Award,All-Star,,
185,Chris,Webber,,NBA All-Star,,2001-02,,,,Award,All-Star,,
185,Chris,Webber,,NBA All-Star,,2002-03,,,,Award,All-Star,,
187,Terry,Cummings,Milwaukee Bucks,All-NBA,2,1984-85,,,1610612749,Award,Kia Motors,KIANT,
187,Terry,Cummings,Milwaukee Bucks,All-NBA,3,1988-89,,,1610612749,Award,Kia Motors,KIANT,
187,Terry,Cummings,San Diego Clippers,All-Rookie Team,1,1982-83,,,1610612746,Award,Kia Motors,KIART,
187,Terry,Cummings,Milwaukee Bucks,NBA Player of the Month,,1984-85,01/01/1985,,,Award,Kia Motors,KIPMO,
187,Terry,Cummings,Milwaukee Bucks,NBA Player of the Week,,1984-85,,1984-12-23T00:00:00,,Award,Kia Motors,KIPWK,
187,Terry,Cummings,San Antonio Spurs,NBA Player of the Week,,1989-90,,1989-12-24T00:00:00,,Award,Kia Motors,KIPWK,
187,Terry,Cummings,San Diego Clippers,NBA Rookie of the Month,,1982-83,01/01/1983,,,Award,Kia Motors,KIRMO,
187,Terry,Cummings,San Diego Clippers,NBA Rookie of the Month,,1982-83,02/01/1983,,,Award,Kia Motors,KIRMO,
187,Terry,Cummings,San Diego Clippers,NBA Rookie of the Month,,1982-83,03/01/1983,,,Award,Kia Motors,KIRMO,
187,Terry,Cummings,San Diego Clippers,NBA Rookie of the Month,,1982-83,04/01/1983,,,Award,Kia Motors,KIRMO,
187,Terry,Cummings,San Diego Clippers,NBA Rookie of the Month,,1982-83,11/01/1982,,,Award,Kia Motors,KIRMO,
187,Terry,Cummings,San Diego Clippers,NBA Rookie of the Year,,1982-83,,,,Award,Kia Motors,KIROY,
187,Terry,Cummings,San Diego Clippers,NBA Sporting News Rookie of the Year,,1982-83,,,,Award,Sporting News,SNROY,
187,Terry,Cummings,,NBA All-Star,,1984-85,,,,Award,All-Star,,
187,Terry,Cummings,,NBA All-Star,,1988-89,,,,Award,All-Star,,
192,Dennis,Scott,Orlando Magic,All-Rookie Team,1,1990-91,,,1610612753,Award,Kia Motors,KIART,
192,Dennis,Scott,Orlando Magic,NBA Player of the Week,,1990-91,,1991-03-10T00:00:00,,Award,Kia Motors,KIPWK,
192,Dennis,Scott,Orlando Magic,NBA Player of the Week,,1995-96,,1996-04-21T00:00:00,,Award,Kia Motors,KIPWK,
192,Dennis,Scott,Orlando Magic,NBA Rookie of the Month,,1990-91,03/01/1991,,,Award,Kia Motors,KIRMO,
193,Anthony,Mason,Charlotte Hornets,All-Defensive Team,2,1996-97,,,1610612740,Award,Kia Motors,KIADT,
193,Anthony,Mason,Charlotte Hornets,All-NBA,3,1996-97,,,1610612740,Award,Kia Motors,KIANT,
193,Anthony,Mason,New York Knicks,NBA Sixth Man of the Year,,1994-95,,,,Award,Kia Motors,KISMY,
193,Anthony,Mason,,NBA All-Star,,2000-01,,,,Award,All-Star,,
197,Scott,Burrell,Chicago Bulls,NBA Champion,,1997-98,,,,Award,Champion,,
198,Danny,Ferry,San Antonio Spurs,NBA Champion,,2002-03,,,,Award,Champion,,
201,Chris,Dudley,Portland Trail Blazers,J. Walter Kennedy Citizenship,,1995-96,,,,Award,Kia Motors,KIWKC,
203,Nate,McMillan,Seattle SuperSonics,All-Defensive Team,2,1993-94,,,1610612760,Award,Kia Motors,KIADT,
203,Nate,McMillan,Seattle SuperSonics,All-Defensive Team,2,1994-95,,,1610612760,Award,Kia Motors,KIADT,
204,Jeff,Hornacek,Phoenix Suns,NBA Player of the Month,,1991-92,12/01/1991,,,Award,Kia Motors,KIPMO,
204,Jeff,Hornacek,,NBA All-Star,,1991-92,,,,Award,All-Star,,
208,Sam,Cassell,Minnesota Timberwolves,All-NBA,2,2003-04,,,1610612750,Award,Kia Motors,KIANT,
208,Sam,Cassell,New Jersey Nets,NBA Player of the Week,,1997-98,,1998-04-12T00:00:00,,Award,Kia Motors,KIPWK,
208,Sam,Cassell,Milwaukee Bucks,NBA Player of the Week,,1999-00,,1999-11-07T00:00:00,,Award,Kia Motors,KIPWK,
208,Sam,Cassell,Minnesota Timberwolves,NBA Player of the Week,,2003-04,,2003-12-28T00:00:00,West,Award,Kia Motors,KIPWK,
208,Sam,Cassell,,NBA All-Star,,2003-04,,,,Award,All-Star,,
208,Sam,Cassell,Boston Celtics,NBA Champion,,2007-08,,,,Award,Champion,,
208,Sam,Cassell,Houston Rockets,NBA Champion,,1993-94,,,,Award,Champion,,
208,Sam,Cassell,Houston Rockets,NBA Champion,,1994-95,,,,Award,Champion,,
209,Dell,Curry,Charlotte Hornets,NBA Sixth Man of the Year,,1993-94,,,,Award,Kia Motors,KISMY,
210,Terrell,Brandon,Cleveland Cavaliers,All-Rookie Team,2,1991-92,,,1610612739,Award,Kia Motors,KIART,
210,Terrell,Brandon,Cleveland Cavaliers,NBA Player of the Week,,1995-96,,1995-12-03T00:00:00,,Award,Kia Motors,KIPWK,
210,Terrell,Brandon,Cleveland Cavaliers,NBA Player of the Week,,1996-97,,1996-12-22T00:00:00,,Award,Kia Motors,KIPWK,
210,Terrell,Brandon,Cleveland Cavaliers,NBA Sportsmanship,,1996-97,,,,Award,Kia Motors,KSPRT,
210,Terrell,Brandon,,NBA All-Star,,1995-96,,,,Award,All-Star,,
210,Terrell,Brandon,,NBA All-Star,,1996-97,,,,Award,All-Star,,
213,Antonio,Davis,,NBA All-Star,,2000-01,,,,Award,All-Star,,
216,Brian,Shaw,Boston Celtics,All-Rookie Team,2,1988-89,,,1610612738,Award,Kia Motors,KIART,
216,Brian,Shaw,Los Angeles Lakers,NBA Champion,,1999-00,,,,Award,Champion,,
216,Brian,Shaw,Los Angeles Lakers,NBA Champion,,2000-01,,,,Award,Champion,,
216,Brian,Shaw,Los Angeles Lakers,NBA Champion,,2001-02,,,,Award,Champion,,
221,Clarence,Weatherspoon,Philadelphia 76ers,All-Rookie Team,2,1992-93,,,1610612755,Award,Kia Motors,KIART,
224,Eddie,Jones,Los Angeles Lakers,All-Defensive Team,2,1997-98,,,1610612747,Award,Kia Motors,KIADT,
224,Eddie,Jones,Charlotte Hornets,All-Defensive Team,2,1998-99,,,1610612740,Award,Kia Motors,KIADT,
224,Eddie,Jones,Charlotte Hornets,All-Defensive Team,2,1999-00,,,1610612740,Award,Kia Motors,KIADT,
224,Eddie,Jones,Charlotte Hornets,All-NBA,3,1999-00,,,1610612740,Award,Kia Motors,KIANT,
224,Eddie,Jones,Los Angeles Lakers,All-Rookie Team,1,1994-95,,,1610612747,Award,Kia Motors,KIART,
224,Eddie,Jones,Los Angeles Lakers,NBA Player of the Month,,1997-98,11/01/1997,,,Award,Kia Motors,KIPMO,
224,Eddie,Jones,Miami Heat,NBA Player of the Week,,2001-02,,2002-01-06T00:00:00,East,Award,Kia Motors,KIPWK,
224,Eddie,Jones,,NBA All-Star,,1999-00,,,,Award,All-Star,,
224,Eddie,Jones,,NBA All-Star,,1996-97,,,,Award,All-Star,,
224,Eddie,Jones,,NBA All-Star,,1997-98,,,,Award,All-Star,,
236,Kevin,Edwards,Miami Heat,All-Rookie Team,2,1988-89,,,1610612748,Award,Kia Motors,KIART,
238,Tyrone,Hill,,NBA All-Star,,1994-95,,,,Award,All-Star,,
243,Aaron,McKie,Philadelphia 76ers,NBA Player of the Week,,2000-01,,2000-12-31T00:00:00,,Award,Kia Motors,KIPWK,
243,Aaron,McKie,Philadelphia 76ers,NBA Sixth Man of the Year,,2000-01,,,,Award,Kia Motors,KISMY,
244,Dee,Brown,Boston Celtics,All-Rookie Team,1,1990-91,,,1610612738,Award,Kia Motors,KIART,
246,Greg,Anderson,San Antonio Spurs,All-Rookie Team,1,1987-88,,,1610612759,Award,Kia Motors,KIART,
246,Greg,Anderson,San Antonio Spurs,NBA Rookie of the Month,,1987-88,03/01/1988,,,Award,Kia Motors,KIRMO,
247,Joe,Dumars,Detroit Pistons,All-Defensive Team,1,1988-89,,,1610612765,Award,Kia Motors,KIADT,
247,Joe,Dumars,Detroit Pistons,All-Defensive Team,1,1989-90,,,1610612765,Award,Kia Motors,KIADT,
247,Joe,Dumars,Detroit Pistons,All-Defensive Team,2,1990-91,,,1610612765,Award,Kia Motors,KIADT,
247,Joe,Dumars,Detroit Pistons,All-Defensive Team,1,1991-92,,,1610612765,Award,Kia Motors,KIADT,
247,Joe,Dumars,Detroit Pistons,All-Defensive Team,1,1992-93,,,1610612765,Award,Kia Motors,KIADT,
247,Joe,Dumars,Detroit Pistons,All-NBA,3,1989-90,,,1610612765,Award,Kia Motors,KIANT,
247,Joe,Dumars,Detroit Pistons,All-NBA,3,1990-91,,,1610612765,Award,Kia Motors,KIANT,
247,Joe,Dumars,Detroit Pistons,All-NBA,2,1992-93,,,1610612765,Award,Kia Motors,KIANT,
247,Joe,Dumars,Detroit Pistons,All-Rookie Team,1,1985-86,,,1610612765,Award,Kia Motors,KIART,
247,Joe,Dumars,,Hall of Fame Inductee,,2006,,,,Award,Hall of Fame,,
247,Joe,Dumars,Detroit Pistons,J. Walter Kennedy Citizenship,,1993-94,,,,Award,Kia Motors,KIWKC,
247,Joe,Dumars,Detroit Pistons,NBA Finals Most Valuable Player,,1988-89,,,,Award,Kia Motors,KFMVP,
247,Joe,Dumars,Detroit Pistons,NBA Player of the Week,,1991-92,,1992-03-15T00:00:00,,Award,Kia Motors,KIPWK,
247,Joe,Dumars,Detroit Pistons,NBA Player of the Week,,1993-94,,1994-03-13T00:00:00,,Award,Kia Motors,KIPWK,
247,Joe,Dumars,Detroit Pistons,NBA Sportsmanship,,1995-96,,,,Award,Kia Motors,KSPRT,
247,Joe,Dumars,,NBA All-Star,,1989-90,,,,Award,All-Star,,
247,Joe,Dumars,,NBA All-Star,,1990-91,,,,Award,All-Star,,
247,Joe,Dumars,,NBA All-Star,,1991-92,,,,Award,All-Star,,
247,Joe,Dumars,,NBA All-Star,,1992-93,,,,Award,All-Star,,
247,Joe,Dumars,,NBA All-Star,,1994-95,,,,Award,All-Star,,
247,Joe,Dumars,,NBA All-Star,,1996-97,,,,Award,All-Star,,
247,Joe,Dumars,Detroit Pistons,NBA Champion,,1988-89,,,,Award,Champion,,
247,Joe,Dumars,Detroit Pistons,NBA Champion,,1989-90,,,,Award,Champion,,
251,Sean,Elliott,San Antonio Spurs,All-Rookie Team,2,1989-90,,,1610612759,Award,Kia Motors,KIART,
251,Sean,Elliott,San Antonio Spurs,NBA Player of the Week,,1992-93,,1992-12-27T00:00:00,,Award,Kia Motors,KIPWK,
251,Sean,Elliott,,NBA All-Star,,1992-93,,,,Award,All-Star,,
251,Sean,Elliott,,NBA All-Star,,1995-96,,,,Award,All-Star,,
251,Sean,Elliott,San Antonio Spurs,NBA Champion,,1998-99,,,,Award,Champion,,
252,Karl,Malone,Utah Jazz,All-Defensive Team,2,1987-88,,,1610612762,Award,Kia Motors,KIADT,
252,Karl,Malone,Utah Jazz,All-Defensive Team,1,1996-97,,,1610612762,Award,Kia Motors,KIADT,
252,Karl,Malone,Utah Jazz,All-Defensive Team,1,1997-98,,,1610612762,Award,Kia Motors,KIADT,
252,Karl,Malone,Utah Jazz,All-Defensive Team,1,1998-99,,,1610612762,Award,Kia Motors,KIADT,
252,Karl,Malone,Utah Jazz,All-NBA,2,1987-88,,,1610612762,Award,Kia Motors,KIANT,
252,Karl,Malone,Utah Jazz,All-NBA,1,1988-89,,,1610612762,Award,Kia Motors,KIANT,
252,Karl,Malone,Utah Jazz,All-NBA,1,1989-90,,,1610612762,Award,Kia Motors,KIANT,
252,Karl,Malone,Utah Jazz,All-NBA,1,1990-91,,,1610612762,Award,Kia Motors,KIANT,
252,Karl,Malone,Utah Jazz,All-NBA,1,1991-92,,,1610612762,Award,Kia Motors,KIANT,
252,Karl,Malone,Utah Jazz,All-NBA,1,1992-93,,,1610612762,Award,Kia Motors,KIANT,
252,Karl,Malone,Utah Jazz,All-NBA,1,1993-94,,,1610612762,Award,Kia Motors,KIANT,
252,Karl,Malone,Utah Jazz,All-NBA,1,1994-95,,,1610612762,Award,Kia Motors,KIANT,
252,Karl,Malone,Utah Jazz,All-NBA,1,1995-96,,,1610612762,Award,Kia Motors,KIANT,
252,Karl,Malone,Utah Jazz,All-NBA,1,1996-97,,,1610612762,Award,Kia Motors,KIANT,
252,Karl,Malone,Utah Jazz,All-NBA,1,1997-98,,,1610612762,Award,Kia Motors,KIANT,
252,Karl,Malone,Utah Jazz,All-NBA,1,1998-99,,,1610612762,Award,Kia Motors,KIANT,
252,Karl,Malone,Utah Jazz,All-NBA,2,1999-00,,,1610612762,Award,Kia Motors,KIANT,
252,Karl,Malone,Utah Jazz,All-NBA,3,2000-01,,,1610612762,Award,Kia Motors,KIANT,
252,Karl,Malone,Utah Jazz,All-Rookie Team,1,1985-86,,,1610612762,Award,Kia Motors,KIART,
252,Karl,Malone,,Hall of Fame Inductee,,2010,,,,Award,Hall of Fame,,
252,Karl,Malone,Utah Jazz,IBM Award,,1997-98,,,,Award,IBM,IBMAW,
252,Karl,Malone,Utah Jazz,NBA All-Star Most Valuable Player,,1988-89,,,,Award,Kia Motors,KAMVP,
252,Karl,Malone,Utah Jazz,NBA All-Star Most Valuable Player,,1992-93,,,,Award,Kia Motors,KAMVP,
252,Karl,Malone,Utah Jazz,NBA Most Valuable Player,,1996-97,,,,Award,Kia Motors,KIMVP,
252,Karl,Malone,Utah Jazz,NBA Most Valuable Player,,1998-99,,,,Award,Kia Motors,KIMVP,
252,Karl,Malone,Utah Jazz,NBA Player of the Month,,1987-88,03/01/1988,,,Award,Kia Motors,KIPMO,
252,Karl,Malone,Utah Jazz,NBA Player of the Month,,1989-90,01/01/1990,,,Award,Kia Motors,KIPMO,
252,Karl,Malone,Utah Jazz,NBA Player of the Month,,1990-91,12/01/1990,,,Award,Kia Motors,KIPMO,
252,Karl,Malone,Utah Jazz,NBA Player of the Month,,1994-95,04/01/1995,,,Award,Kia Motors,KIPMO,
252,Karl,Malone,Utah Jazz,NBA Player of the Month,,1996-97,03/01/1997,,,Award,Kia Motors,KIPMO,
252,Karl,Malone,Utah Jazz,NBA Player of the Month,,1997-98,02/01/1998,,,Award,Kia Motors,KIPMO,
252,Karl,Malone,Utah Jazz,NBA Player of the Month,,2000-01,11/01/2000,,,Award,Kia Motors,KIPMO,
252,Karl,Malone,Utah Jazz,NBA Player of the Week,,1986-87,,1987-03-15T00:00:00,,Award,Kia Motors,KIPWK,
252,Karl,Malone,Utah Jazz,NBA Player of the Week,,1987-88,,1988-01-03T00:00:00,,Award,Kia Motors,KIPWK,
252,Karl,Malone,Utah Jazz,NBA Player of the Week,,1987-88,,1988-04-24T00:00:00,,Award,Kia Motors,KIPWK,
252,Karl,Malone,Utah Jazz,NBA Player of the Week,,1988-89,,1989-04-16T00:00:00,,Award,Kia Motors,KIPWK,
252,Karl,Malone,Utah Jazz,NBA Player of the Week,,1989-90,,1989-12-30T00:00:00,,Award,Kia Motors,KIPWK,
252,Karl,Malone,Utah Jazz,NBA Player of the Week,,1989-90,,1990-01-28T00:00:00,,Award,Kia Motors,KIPWK,
252,Karl,Malone,Utah Jazz,NBA Player of the Week,,1991-92,,1992-03-08T00:00:00,,Award,Kia Motors,KIPWK,
252,Karl,Malone,Utah Jazz,NBA Player of the Week,,1991-92,,1992-04-19T00:00:00,,Award,Kia Motors,KIPWK,
252,Karl,Malone,Utah Jazz,NBA Player of the Week,,1992-93,,1993-01-31T00:00:00,,Award,Kia Motors,KIPWK,
252,Karl,Malone,Utah Jazz,NBA Player of the Week,,1993-94,,1993-12-19T00:00:00,,Award,Kia Motors,KIPWK,
252,Karl,Malone,Utah Jazz,NBA Player of the Week,,1994-95,,1994-12-18T00:00:00,,Award,Kia Motors,KIPWK,
252,Karl,Malone,Utah Jazz,NBA Player of the Week,,1994-95,,1995-04-23T00:00:00,,Award,Kia Motors,KIPWK,
252,Karl,Malone,Utah Jazz,NBA Player of the Week,,1995-96,,1995-12-31T00:00:00,,Award,Kia Motors,KIPWK,
252,Karl,Malone,Utah Jazz,NBA Player of the Week,,1996-97,,1996-11-24T00:00:00,,Award,Kia Motors,KIPWK,
252,Karl,Malone,Utah Jazz,NBA Player of the Week,,1996-97,,1997-03-16T00:00:00,,Award,Kia Motors,KIPWK,
252,Karl,Malone,Utah Jazz,NBA Player of the Week,,1996-97,,1997-03-23T00:00:00,,Award,Kia Motors,KIPWK,
252,Karl,Malone,Utah Jazz,NBA Player of the Week,,1997-98,,1997-11-30T00:00:00,,Award,Kia Motors,KIPWK,
252,Karl,Malone,Utah Jazz,NBA Player of the Week,,1997-98,,1998-02-15T00:00:00,,Award,Kia Motors,KIPWK,
252,Karl,Malone,Utah Jazz,NBA Player of the Week,,1997-98,,1998-03-08T00:00:00,,Award,Kia Motors,KIPWK,
252,Karl,Malone,Utah Jazz,NBA Player of the Week,,1998-99,,1999-04-11T00:00:00,,Award,Kia Motors,KIPWK,
252,Karl,Malone,Utah Jazz,NBA Player of the Week,,1999-00,,2000-03-06T00:00:00,,Award,Kia Motors,KIPWK,
252,Karl,Malone,Utah Jazz,NBA Player of the Week,,2000-01,,2000-11-06T00:00:00,,Award,Kia Motors,KIPWK,
252,Karl,Malone,Utah Jazz,NBA Player of the Week,,2001-02,,2002-02-17T00:00:00,West,Award,Kia Motors,KIPWK,
252,Karl,Malone,Utah Jazz,NBA Rookie of the Month,,1985-86,12/01/1985,,,Award,Kia Motors,KIRMO,
252,Karl,Malone,Utah Jazz,NBA Sporting News Most Valuable Player of the Year,,1998-99,,,,Award,Sporting News,SNMVP,
252,Karl,Malone,USA,Olympic Gold Medal,,1992,,,,Award,Olympic,Gold,
252,Karl,Malone,USA,Olympic Gold Medal,,1996,,,,Award,Olympic,Gold,
252,Karl,Malone,,NBA All-Star,,1987-88,,,,Award,All-Star,,
252,Karl,Malone,,NBA All-Star,,1988-89,,,,Award,All-Star,,
252,Karl,Malone,,NBA All-Star,,1990-91,,,,Award,All-Star,,
252,Karl,Malone,,NBA All-Star,,1991-92,,,,Award,All-Star,,
252,Karl,Malone,,NBA All-Star,,1992-93,,,,Award,All-Star,,
252,Karl,Malone,,NBA All-Star,,1993-94,,,,Award,All-Star,,
252,Karl,Malone,,NBA All-Star,,1994-95,,,,Award,All-Star,,
252,Karl,Malone,,NBA All-Star,,1995-96,,,,Award,All-Star,,
252,Karl,Malone,,NBA All-Star,,1996-97,,,,Award,All-Star,,
252,Karl,Malone,,NBA All-Star,,1997-98,,,,Award,All-Star,,
252,Karl,Malone,,NBA All-Star,,1999-00,,,,Award,All-Star,,
252,Karl,Malone,,NBA All-Star,,2000-01,,,,Award,All-Star,,
252,Karl,Malone,,NBA All-Star,,1989-90,,,,Award,All-Star,,
252,Karl,Malone,,NBA All-Star,,2001-02,,,,Award,All-Star,,
255,Grant,Hill,Detroit Pistons,All-NBA,2,1995-96,,,1610612765,Award,Kia Motors,KIANT,
255,Grant,Hill,Detroit Pistons,All-NBA,1,1996-97,,,1610612765,Award,Kia Motors,KIANT,
255,Grant,Hill,Detroit Pistons,All-NBA,2,1997-98,,,1610612765,Award,Kia Motors,KIANT,
255,Grant,Hill,Detroit Pistons,All-NBA,2,1998-99,,,1610612765,Award,Kia Motors,KIANT,
255,Grant,Hill,Detroit Pistons,All-NBA,2,1999-00,,,1610612765,Award,Kia Motors,KIANT,
255,Grant,Hill,Detroit Pistons,All-Rookie Team,1,1994-95,,,1610612765,Award,Kia Motors,KIART,
255,Grant,Hill,,Hall of Fame Inductee,,2018,,,,Award,Hall of Fame,,
255,Grant,Hill,Detroit Pistons,IBM Award,,1996-97,,,,Award,IBM,IBMAW,
255,Grant,Hill,Detroit Pistons,NBA Player of the Month,,1996-97,01/01/1997,,,Award,Kia Motors,KIPMO,
255,Grant,Hill,Detroit Pistons,NBA Player of the Week,,1995-96,,1996-03-17T00:00:00,,Award,Kia Motors,KIPWK,
255,Grant,Hill,Detroit Pistons,NBA Player of the Week,,1996-97,,1997-01-19T00:00:00,,Award,Kia Motors,KIPWK,
255,Grant,Hill,Detroit Pistons,NBA Player of the Week,,1996-97,,1997-04-06T00:00:00,,Award,Kia Motors,KIPWK,
255,Grant,Hill,Detroit Pistons,NBA Player of the Week,,1998-99,,1999-05-02T00:00:00,,Award,Kia Motors,KIPWK,
255,Grant,Hill,Detroit Pistons,NBA Player of the Week,,1999-00,,2000-01-10T00:00:00,,Award,Kia Motors,KIPWK,
255,Grant,Hill,Orlando Magic,NBA Player of the Week,,2004-05,,2004-11-21T00:00:00,East,Award,Kia Motors,KIPWK,
255,Grant,Hill,Detroit Pistons,NBA Rookie of the Month,,1994-95,11/01/1994,,,Award,Kia Motors,KIRMO,
255,Grant,Hill,Detroit Pistons,NBA Rookie of the Year,,1994-95,,,,Award,Kia Motors,KIROY,
255,Grant,Hill,Detroit Pistons,NBA Sporting News Rookie of the Year,,1994-95,,,,Award,Sporting News,SNROY,
255,Grant,Hill,Orlando Magic,NBA Sportsmanship,,2004-05,,,,Award,Kia Motors,KSPRT,
255,Grant,Hill,Phoenix Suns,NBA Sportsmanship,,2007-08,,,,Award,Kia Motors,KSPRT,
255,Grant,Hill,Phoenix Suns,NBA Sportsmanship,,2009-10,,,,Award,Kia Motors,KSPRT,
255,Grant,Hill,USA,Olympic Gold Medal,,1996,,,,Award,Olympic,Gold,
255,Grant,Hill,,NBA All-Star,,1994-95,,,,Award,All-Star,,
255,Grant,Hill,,NBA All-Star,,1995-96,,,,Award,All-Star,,
255,Grant,Hill,,NBA All-Star,,1996-97,,,,Award,All-Star,,
255,Grant,Hill,,NBA All-Star,,1997-98,,,,Award,All-Star,,
255,Grant,Hill,,NBA All-Star,,1999-00,,,,Award,All-Star,,
255,Grant,Hill,,NBA All-Star,,2004-05,,,,Award,All-Star,,
255,Grant,Hill,,NBA All-Star,,2000-01,,,,Award,All-Star,,
258,Brian,Grant,Sacramento Kings,All-Rookie Team,1,1994-95,,,1610612758,Award,Kia Motors,KIART,
258,Brian,Grant,Portland Trail Blazers,J. Walter Kennedy Citizenship,,1998-99,,,,Award,Kia Motors,KIWKC,
258,Brian,Grant,Sacramento Kings,NBA Rookie of the Month,,1994-95,01/01/1995,,,Award,Kia Motors,KIRMO,
270,Horace,Grant,Chicago Bulls,All-Defensive Team,2,1992-93,,,1610612741,Award,Kia Motors,KIADT,
270,Horace,Grant,Chicago Bulls,All-Defensive Team,2,1993-94,,,1610612741,Award,Kia Motors,KIADT,
270,Horace,Grant,Orlando Magic,All-Defensive Team,2,1994-95,,,1610612753,Award,Kia Motors,KIADT,
270,Horace,Grant,Orlando Magic,All-Defensive Team,2,1995-96,,,1610612753,Award,Kia Motors,KIADT,
270,Horace,Grant,,NBA All-Star,,1993-94,,,,Award,All-Star,,
270,Horace,Grant,Chicago Bulls,NBA Champion,,1990-91,,,,Award,Champion,,
270,Horace,Grant,Chicago Bulls,NBA Champion,,1991-92,,,,Award,Champion,,
270,Horace,Grant,Chicago Bulls,NBA Champion,,1992-93,,,,Award,Champion,,
270,Horace,Grant,Los Angeles Lakers,NBA Champion,,2000-01,,,,Award,Champion,,
275,Allan,Houston,New York Knicks,NBA Player of the Week,,2002-03,,2003-02-16T00:00:00,East,Award,Kia Motors,KIPWK,
275,Allan,Houston,USA,Olympic Gold Medal,,2000,,,,Award,Olympic,Gold,
275,Allan,Houston,,NBA All-Star,,1999-00,,,,Award,All-Star,,
275,Allan,Houston,,NBA All-Star,,2000-01,,,,Award,All-Star,,
278,Stacey,Augmon,Atlanta Hawks,All-Rookie Team,1,1991-92,,,1610612737,Award,Kia Motors,KIART,
278,Stacey,Augmon,Atlanta Hawks,NBA Rookie of the Month,,1991-92,04/01/1992,,,Award,Kia Motors,KIRMO,
278,Stacey,Augmon,USA,Olympic Bronze Medal,,1988,,,,Award,Olympic,Bronze,
280,Felton,Spencer,Minnesota Timberwolves,All-Rookie Team,2,1990-91,,,1610612750,Award,Kia Motors,KIART,
281,Scott,Williams,Chicago Bulls,NBA Champion,,1990-91,,,,Award,Champion,,
281,Scott,Williams,Chicago Bulls,NBA Champion,,1991-92,,,,Award,Champion,,
281,Scott,Williams,Chicago Bulls,NBA Champion,,1992-93,,,,Award,Champion,,
283,Lindsey,Hunter,Detroit Pistons,All-Rookie Team,2,1993-94,,,1610612765,Award,Kia Motors,KIART,
283,Lindsey,Hunter,Detroit Pistons,NBA Champion,,2003-04,,,,Award,Champion,,
283,Lindsey,Hunter,Los Angeles Lakers,NBA Champion,,2001-02,,,,Award,Champion,,
288,Armon,Gilliam,Phoenix Suns,All-Rookie Team,1,1987-88,,,1610612756,Award,Kia Motors,KIART,
288,Armon,Gilliam,New Jersey Nets,NBA Player of the Week,,1995-96,,1996-02-18T00:00:00,,Award,Kia Motors,KIPWK,
296,Rick,Fox,Boston Celtics,All-Rookie Team,2,1991-92,,,1610612738,Award,Kia Motors,KIART,
296,Rick,Fox,Los Angeles Lakers,NBA Champion,,1999-00,,,,Award,Champion,,
296,Rick,Fox,Los Angeles Lakers,NBA Champion,,2000-01,,,,Award,Champion,,
296,Rick,Fox,Los Angeles Lakers,NBA Champion,,2001-02,,,,Award,Champion,,
297,Alanzo,Mourning,USA,Olympic Gold Medal,,2000,,,,Award,Olympic,Gold,
297,Alonzo,Mourning,Miami Heat,All-Defensive Team,1,1998-99,,,1610612748,Award,Kia Motors,KIADT,
297,Alonzo,Mourning,Miami Heat,All-Defensive Team,1,1999-00,,,1610612748,Award,Kia Motors,KIADT,
297,Alonzo,Mourning,Miami Heat,All-NBA,1,1998-99,,,1610612748,Award,Kia Motors,KIANT,
297,Alonzo,Mourning,Miami Heat,All-NBA,2,1999-00,,,1610612748,Award,Kia Motors,KIANT,
297,Alonzo,Mourning,Charlotte Hornets,All-Rookie Team,1,1992-93,,,1610612740,Award,Kia Motors,KIART,
297,Alonzo,Mourning,,Hall of Fame Inductee,,2014,,,,Award,Hall of Fame,,
297,Alonzo,Mourning,Miami Heat,J. Walter Kennedy Citizenship,,2001-02,,,,Award,Kia Motors,KIWKC,
297,Alonzo,Mourning,Miami Heat,NBA Defensive Player of the Year,,1998-99,,,,Award,Kia Motors,KDPYR,
297,Alonzo,Mourning,Miami Heat,NBA Defensive Player of the Year,,1999-00,,,,Award,Kia Motors,KDPYR,
297,Alonzo,Mourning,Miami Heat,NBA Player of the Month,,1999-00,12/01/1999,,,Award,Kia Motors,KIPMO,
297,Alonzo,Mourning,New Orleans Hornets,NBA Player of the Week,,1992-93,,1993-04-18T00:00:00,,Award,Kia Motors,KIPWK,
297,Alonzo,Mourning,Miami Heat,NBA Player of the Week,,1996-97,,1997-02-16T00:00:00,,Award,Kia Motors,KIPWK,
297,Alonzo,Mourning,Miami Heat,NBA Player of the Week,,1997-98,,1998-03-29T00:00:00,,Award,Kia Motors,KIPWK,
297,Alonzo,Mourning,Miami Heat,NBA Player of the Week,,1998-99,,1999-03-14T00:00:00,,Award,Kia Motors,KIPWK,
297,Alonzo,Mourning,Miami Heat,NBA Player of the Week,,1999-00,,1999-12-13T00:00:00,,Award,Kia Motors,KIPWK,
297,Alonzo,Mourning,Miami Heat,NBA Player of the Week,,1999-00,,2000-04-10T00:00:00,,Award,Kia Motors,KIPWK,
297,Alonzo,Mourning,Charlotte Hornets,NBA Rookie of the Month,,1992-93,03/01/1993,,,Award,Kia Motors,KIRMO,
297,Alonzo,Mourning,Charlotte Hornets,NBA Rookie of the Month,,1992-93,04/01/1993,,,Award,Kia Motors,KIRMO,
297,Alonzo,Mourning,,NBA All-Star,,1994-95,,,,Award,All-Star,,
297,Alonzo,Mourning,,NBA All-Star,,1995-96,,,,Award,All-Star,,
297,Alonzo,Mourning,,NBA All-Star,,1999-00,,,,Award,All-Star,,
297,Alonzo,Mourning,,NBA All-Star,,2001-02,,,,Award,All-Star,,
297,Alonzo,Mourning,,NBA All-Star,,1993-94,,,,Award,All-Star,,
297,Alonzo,Mourning,,NBA All-Star,,1996-97,,,,Award,All-Star,,
297,Alonzo,Mourning,,NBA All-Star,,2000-01,,,,Award,All-Star,,
297,Alonzo,Mourning,Miami Heat,NBA Champion,,2005-06,,,,Award,Champion,,
299,Glenn,Robinson,Milwaukee Bucks,All-Rookie Team,1,1994-95,,,1610612749,Award,Kia Motors,KIART,
299,Glenn,Robinson,Milwaukee Bucks,NBA Player of the Week,,1996-97,,1997-01-12T00:00:00,,Award,Kia Motors,KIPWK,
299,Glenn,Robinson,Milwaukee Bucks,NBA Player of the Week,,2000-01,,2000-12-17T00:00:00,,Award,Kia Motors,KIPWK,
299,Glenn,Robinson,Atlanta Hawks,NBA Player of the Week,,2002-03,,2002-11-03T00:00:00,East,Award,Kia Motors,KIPWK,
299,Glenn,Robinson,Milwaukee Bucks,NBA Rookie of the Month,,1994-95,04/01/1995,,,Award,Kia Motors,KIRMO,
299,Glenn,Robinson,Milwaukee Bucks,NBA Rookie of the Month,,1994-95,12/01/1994,,,Award,Kia Motors,KIRMO,
299,Glenn,Robinson,,NBA All-Star,,1999-00,,,,Award,All-Star,,
299,Glenn,Robinson,,NBA All-Star,,2000-01,,,,Award,All-Star,,
299,Glenn,Robinson,San Antonio Spurs,NBA Champion,,2004-05,,,,Award,Champion,,
302,Mookie,Blaylock,Atlanta Hawks,All-Defensive Team,1,1993-94,,,1610612737,Award,Kia Motors,KIADT,
302,Mookie,Blaylock,Atlanta Hawks,All-Defensive Team,1,1994-95,,,1610612737,Award,Kia Motors,KIADT,
302,Mookie,Blaylock,Atlanta Hawks,All-Defensive Team,2,1995-96,,,1610612737,Award,Kia Motors,KIADT,
302,Mookie,Blaylock,Atlanta Hawks,All-Defensive Team,2,1996-97,,,1610612737,Award,Kia Motors,KIADT,
302,Mookie,Blaylock,Atlanta Hawks,All-Defensive Team,2,1997-98,,,1610612737,Award,Kia Motors,KIADT,
302,Mookie,Blaylock,Atlanta Hawks,All-Defensive Team,2,1998-99,,,1610612737,Award,Kia Motors,KIADT,
302,Mookie,Blaylock,New Jersey Nets,NBA Player of the Week,,1991-92,,1992-04-05T00:00:00,,Award,Kia Motors,KIPWK,
302,Mookie,Blaylock,,NBA All-Star,,1993-94,,,,Award,All-Star,,
304,John,Stockton,Utah Jazz,All-Defensive Team,2,1988-89,,,1610612762,Award,Kia Motors,KIADT,
304,John,Stockton,Utah Jazz,All-Defensive Team,2,1990-91,,,1610612762,Award,Kia Motors,KIADT,
304,John,Stockton,Utah Jazz,All-Defensive Team,2,1991-92,,,1610612762,Award,Kia Motors,KIADT,
304,John,Stockton,Utah Jazz,All-Defensive Team,2,1994-95,,,1610612762,Award,Kia Motors,KIADT,
304,John,Stockton,Utah Jazz,All-Defensive Team,2,1996-97,,,1610612762,Award,Kia Motors,KIADT,
304,John,Stockton,Utah Jazz,All-NBA,2,1987-88,,,1610612762,Award,Kia Motors,KIANT,
304,John,Stockton,Utah Jazz,All-NBA,2,1988-89,,,1610612762,Award,Kia Motors,KIANT,
304,John,Stockton,Utah Jazz,All-NBA,2,1989-90,,,1610612762,Award,Kia Motors,KIANT,
304,John,Stockton,Utah Jazz,All-NBA,3,1990-91,,,1610612762,Award,Kia Motors,KIANT,
304,John,Stockton,Utah Jazz,All-NBA,2,1991-92,,,1610612762,Award,Kia Motors,KIANT,
304,John,Stockton,Utah Jazz,All-NBA,2,1992-93,,,1610612762,Award,Kia Motors,KIANT,
304,John,Stockton,Utah Jazz,All-NBA,1,1993-94,,,1610612762,Award,Kia Motors,KIANT,
304,John,Stockton,Utah Jazz,All-NBA,1,1994-95,,,1610612762,Award,Kia Motors,KIANT,
304,John,Stockton,Utah Jazz,All-NBA,2,1995-96,,,1610612762,Award,Kia Motors,KIANT,
304,John,Stockton,Utah Jazz,All-NBA,3,1996-97,,,1610612762,Award,Kia Motors,KIANT,
304,John,Stockton,Utah Jazz,All-NBA,3,1998-99,,,1610612762,Award,Kia Motors,KIANT,
304,John,Stockton,,Hall of Fame Inductee,,2009,,,,Award,Hall of Fame,,
304,John,Stockton,Utah Jazz,NBA All-Star Most Valuable Player,,1992-93,,,,Award,Kia Motors,KAMVP,
304,John,Stockton,Utah Jazz,NBA Player of the Month,,1987-88,02/01/1988,,,Award,Kia Motors,KIPMO,
304,John,Stockton,Utah Jazz,NBA Player of the Week,,1987-88,,1988-02-21T00:00:00,,Award,Kia Motors,KIPWK,
304,John,Stockton,Utah Jazz,NBA Player of the Week,,1989-90,,1989-11-19T00:00:00,,Award,Kia Motors,KIPWK,
304,John,Stockton,Utah Jazz,NBA Player of the Week,,1990-91,,1990-12-09T00:00:00,,Award,Kia Motors,KIPWK,
304,John,Stockton,Utah Jazz,NBA Player of the Week,,1991-92,,1992-02-16T00:00:00,,Award,Kia Motors,KIPWK,
304,John,Stockton,Utah Jazz,NBA Player of the Week,,1994-95,,1995-01-29T00:00:00,,Award,Kia Motors,KIPWK,
304,John,Stockton,Utah Jazz,NBA Player of the Week,,2000-01,,2000-11-06T00:00:00,,Award,Kia Motors,KIPWK,
304,John,Stockton,USA,Olympic Gold Medal,,1992,,,,Award,Olympic,Gold,
304,John,Stockton,USA,Olympic Gold Medal,,1996,,,,Award,Olympic,Gold,
304,John,Stockton,,NBA All-Star,,1988-89,,,,Award,All-Star,,
304,John,Stockton,,NBA All-Star,,1989-90,,,,Award,All-Star,,
304,John,Stockton,,NBA All-Star,,1990-91,,,,Award,All-Star,,
304,John,Stockton,,NBA All-Star,,1991-92,,,,Award,All-Star,,
304,John,Stockton,,NBA All-Star,,1992-93,,,,Award,All-Star,,
304,John,Stockton,,NBA All-Star,,1993-94,,,,Award,All-Star,,
304,John,Stockton,,NBA All-Star,,1994-95,,,,Award,All-Star,,
304,John,Stockton,,NBA All-Star,,1995-96,,,,Award,All-Star,,
304,John,Stockton,,NBA All-Star,,1996-97,,,,Award,All-Star,,
304,John,Stockton,,NBA All-Star,,1999-00,,,,Award,All-Star,,
317,John,Starks,New York Knicks,All-Defensive Team,2,1992-93,,,1610612752,Award,Kia Motors,KIADT,
317,John,Starks,New York Knicks,NBA Sixth Man of the Year,,1996-97,,,,Award,Sporting News,KISMY,
317,John,Starks,,NBA All-Star,,1993-94,,,,Award,All-Star,,
1630529,Herbert,Jones,New Orleans Pelicans,All-Rookie Team,2,2021-22,,,West,Award,Kia Motors,KIART,
1630529,Herbert,Jones,New Orleans Pelicans,All-Defensive Team,1,2023-24,,,West,Award,Kia Motors,KIADT,
323,Greg,Foster,Los Angeles Lakers,NBA Champion,,2000-01,,,,Award,Champion,,
328,Rick,Mahorn,Philadelphia 76ers,All-Defensive Team,2,1989-90,,,1610612755,Award,Kia Motors,KIADT,
328,Rick,Mahorn,Detroit Pistons,NBA Champion,,1988-89,,,,Award,Champion,,
330,Danny,Manning,Los Angeles Clippers,NBA Player of the Week,,1991-92,,1992-03-01T00:00:00,,Award,Kia Motors,KIPWK,
330,Danny,Manning,Phoenix Suns,NBA Sixth Man of the Year,,1997-98,,,,Award,Kia Motors,KISMY,
330,Danny,Manning,USA,Olympic Bronze Medal,,1988,,,,Award,Olympic,Bronze,
330,Danny,Manning,,NBA All-Star,,1992-93,,,,Award,All-Star,,
330,Danny,Manning,,NBA All-Star,,1993-94,,,,Award,All-Star,,
1630537,Chris,Duarte,Indiana Pacers,All-Rookie Team,2,2021-22,,,East,Award,Kia Motors,KIART,
1630541,Moses,Moody,Golden State Warriors,NBA Champion,,2021-22,,,,Award,Champion,,
1630538,Bones,Hyland,Denver Nuggets,All-Rookie Team,2,2021-22,,,West,Award,Kia Motors,KIART,
339,Tom,Gugliotta,Washington Bullets,All-Rookie Team,1,1992-93,,,1610612764,Award,Kia Motors,KIART,
339,Tom,Gugliotta,,NBA All-Star,,1996-97,,,,Award,All-Star,,
344,Dana,Barros,Philadelphia 76ers,NBA Most Improved Player,,1994-95,,,,Award,Kia Motors,KIMIP,
344,Dana,Barros,,NBA All-Star,,1994-95,,,,Award,All-Star,,
345,Terry,Porter,Portland Trail Blazers,J. Walter Kennedy Citizenship,,1992-93,,,,Award,Kia Motors,KIWKC,
345,Terry,Porter,,NBA All-Star,,1990-91,,,,Award,All-Star,,
345,Terry,Porter,,NBA All-Star,,1992-93,,,,Award,All-Star,,
349,Mark,Jackson,New York Knicks,All-Rookie Team,1,1987-88,,,1610612752,Award,Kia Motors,KIART,
349,Mark,Jackson,New York Knicks,NBA Player of the Week,,1991-92,,1992-03-29T00:00:00,,Award,Kia Motors,KIPWK,
349,Mark,Jackson,New York Knicks,NBA Rookie of the Month,,1987-88,02/01/1988,,,Award,Kia Motors,KIRMO,
349,Mark,Jackson,New York Knicks,NBA Rookie of the Month,,1987-88,11/01/1987,,,Award,Kia Motors,KIRMO,
349,Mark,Jackson,New York Knicks,NBA Rookie of the Month,,1987-88,12/01/1987,,,Award,Kia Motors,KIRMO,
349,Mark,Jackson,New York Knicks,NBA Rookie of the Year,,1987-88,,,,Award,Kia Motors,KIROY,
349,Mark,Jackson,New York Knicks,NBA Sporting News Rookie of the Year,,1987-88,,,,Award,Sporting News,SNROY,
349,Mark,Jackson,,NBA All-Star,,1988-89,,,,Award,All-Star,,
353,Darrell,Armstrong,Orlando Magic,NBA Most Improved Player,,1998-99,,,,Award,Kia Motors,KIMIP,
353,Darrell,Armstrong,Orlando Magic,NBA Player of the Week,,1998-99,,1999-03-28T00:00:00,,Award,Kia Motors,KIPWK,
353,Darrell,Armstrong,Orlando Magic,NBA Player of the Week,,2000-01,,2001-02-04T00:00:00,,Award,Kia Motors,KIPWK,
353,Darrell,Armstrong,Orlando Magic,NBA Sixth Man of the Year,,1998-99,,,,Award,Kia Motors,KISMY,
356,Chris,Morris,New Jersey Nets,All-Rookie Team,2,1988-89,,,1610612751,Award,Kia Motors,KIART,
358,Anfernee,Hardaway,Orlando Magic,All-NBA,1,1994-95,,,1610612753,Award,Kia Motors,KIANT,
358,Anfernee,Hardaway,Orlando Magic,All-NBA,1,1995-96,,,1610612753,Award,Kia Motors,KIANT,
358,Anfernee,Hardaway,Orlando Magic,All-NBA,3,1996-97,,,1610612753,Award,Kia Motors,KIANT,
358,Anfernee,Hardaway,Orlando Magic,All-Rookie Team,1,1993-94,,,1610612753,Award,Kia Motors,KIART,
358,Anfernee,Hardaway,Orlando Magic,NBA Player of the Month,,1995-96,11/01/1995,,,Award,Kia Motors,KIPMO,
358,Anfernee,Hardaway,Orlando Magic,NBA Player of the Week,,1994-95,,1994-11-27T00:00:00,,Award,Kia Motors,KIPWK,
358,Anfernee,Hardaway,Orlando Magic,NBA Player of the Week,,1995-96,,1995-11-12T00:00:00,,Award,Kia Motors,KIPWK,
358,Anfernee,Hardaway,Orlando Magic,NBA Rookie of the Month,,1993-94,01/01/1994,,,Award,Kia Motors,KIRMO,
358,Anfernee,Hardaway,Orlando Magic,NBA Rookie of the Month,,1993-94,04/01/1994,,,Award,Kia Motors,KIRMO,
358,Anfernee,Hardaway,USA,Olympic Gold Medal,,1996,,,,Award,Olympic,Gold,
358,Anfernee,Hardaway,,NBA All-Star,,1994-95,,,,Award,All-Star,,
358,Anfernee,Hardaway,,NBA All-Star,,1995-96,,,,Award,All-Star,,
358,Anfernee,Hardaway,,NBA All-Star,,1996-97,,,,Award,All-Star,,
358,Anfernee,Hardaway,,NBA All-Star,,1997-98,,,,Award,All-Star,,
359,Chucky,Brown,Houston Rockets,NBA Champion,,1994-95,,,,Award,Champion,,
1630567,Scottie,Barnes,Toronto Raptors,NBA Rookie of the Month,,2021-22,2/1/2022,,East,Award,Kia Motors,KIRMO,
1630567,Scottie,Barnes,Toronto Raptors,NBA Rookie of the Month,,2021-22,3/1/2022,,East,Award,Kia Motors,KIRMO,
1630567,Scottie,Barnes,Toronto Raptors,NBA Rookie of the Year,,2021-22,,,East,Award,Kia Motors,KIROY,
1630567,Scottie,Barnes,Toronto Raptors,All-Rookie Team,1,2021-22,,,East,Award,Kia Motors,KIART,
1630567,Scottie,Barnes,,NBA All-Star,,2023-24,,,,Award,All-Star,,
361,Clifford,Robinson,Phoenix Suns,All-Defensive Team,2,1999-00,,,1610612756,Award,Kia Motors,KIADT,
361,Clifford,Robinson,Detroit Pistons,All-Defensive Team,2,2001-02,,,1610612765,Award,Kia Motors,KIADT,
361,Clifford,Robinson,Portland Trail Blazers,NBA Player of the Week,,1995-96,,1996-01-07T00:00:00,,Award,Kia Motors,KIPWK,
361,Clifford,Robinson,Portland Trail Blazers,NBA Sixth Man of the Year,,1992-93,,,,Award,Sporting News,KISMY,
361,Clifford,Robinson,,NBA All-Star,,1993-94,,,,Award,All-Star,,
363,Christian,Laettner,Minnesota Timberwolves,All-Rookie Team,1,1992-93,,,1610612750,Award,Kia Motors,KIART,
363,Christian,Laettner,USA,Olympic Gold Medal,,1992,,,,Award,Olympic,Gold,
363,Christian,Laettner,,NBA All-Star,,1996-97,,,,Award,All-Star,,
364,Rex,Chapman,Charlotte Hornets,All-Rookie Team,2,1988-89,,,1610612740,Award,Kia Motors,KIART,
365,Derrick,McKey,Indiana Pacers,All-Defensive Team,2,1994-95,,,1610612754,Award,Kia Motors,KIADT,
365,Derrick,McKey,Indiana Pacers,All-Defensive Team,2,1995-96,,,1610612754,Award,Kia Motors,KIADT,
365,Derrick,McKey,Seattle SuperSonics,All-Rookie Team,1,1987-88,,,1610612760,Award,Kia Motors,KIART,
1630573,Sam,Hauser,Boston Celtics,NBA Champion,,2023-24,,,,Award,Champion,,
1630578,Alperen,Sengun,Houston Rockets,NBA Player of the Week,,2023-24,,2024-01-01T00:00:00,West,Award,Kia Motors,KIPWK,
1630578,Alperen,Sengun,Houston Rockets,NBA Player of the Week,,2024-25,,2024-11-25T00:00:00,West,Award,Kia Motors,KIPWK,
371,Terry,Mills,Detroit Pistons,NBA Player of the Week,,1996-97,,1996-12-08T00:00:00,,Award,Kia Motors,KIPWK,
375,Isaiah,Rider,Minnesota Timberwolves,All-Rookie Team,1,1993-94,,,1610612750,Award,Kia Motors,KIART,
376,Eric,Montross,Boston Celtics,All-Rookie Team,2,1994-95,,,1610612738,Award,Kia Motors,KIART,
1630581,Josh,Giddey,Oklahoma City Thunder,NBA Rookie of the Month,,2021-22,11/1/2021,,West,Award,Kia Motors,KIRMO,
1630581,Josh,Giddey,Oklahoma City Thunder,NBA Rookie of the Month,,2021-22,12/1/2021,,West,Award,Kia Motors,KIRMO,
1630581,Josh,Giddey,Oklahoma City Thunder,NBA Rookie of the Month,,2021-22,1/1/2022,,West,Award,Kia Motors,KIRMO,
1630581,Josh,Giddey,Oklahoma City Thunder,NBA Rookie of the Month,,2021-22,2/1/2022,,West,Award,Kia Motors,KIRMO,
1630581,Josh,Giddey,Oklahoma City Thunder,All-Rookie Team,2,2021-22,,,West,Award,Kia Motors,KIART,
383,Kendall,Gill,Charlotte Hornets,All-Rookie Team,1,1990-91,,,1610612740,Award,Kia Motors,KIART,
1630591,Jalen,Suggs,Orlando Magic,All-Defensive Team,2,2023-24,,,East,Award,Kia Motors,KIADT,
386,Elliot,Perry,Phoenix Suns,NBA Player of the Week,,1994-95,,1994-11-20T00:00:00,,Award,Kia Motors,KIPWK,
1630595,Cade,Cunningham,Detroit Pistons,NBA Rookie of the Month,,2021-22,1/1/2022,,East,Award,Kia Motors,KIRMO,
1630595,Cade,Cunningham,Detroit Pistons,All-Rookie Team,1,2021-22,,,East,Award,Kia Motors,KIART,
1630596,Evan,Mobley,Cleveland Cavaliers,NBA Rookie of the Month,,2021-22,11/1/2021,,East,Award,Kia Motors,KIRMO,
1630596,Evan,Mobley,Cleveland Cavaliers,All-Rookie Team,1,2021-22,,,East,Award,Kia Motors,KIART,
1630596,Evan,Mobley,Cleveland Cavaliers,All-Defensive Team,1,2022-23,,,East,Award,Kia Motors,KIADT,
389,Toni,Kukoc,Chicago Bulls,All-Rookie Team,2,1993-94,,,1610612741,Award,Kia Motors,KIART,
389,Toni,Kukoc,Chicago Bulls,NBA Sixth Man of the Year,,1995-96,,,,Award,Kia Motors,KISMY,
389,Toni,Kukoc,Croatia,Olympic Appearance,,1996,,,,Award,Olympic,Appearance,
389,Toni,Kukoc,Yugoslavia,Olympic Silver Medal,,1988,,,,Award,Olympic,Silver,
389,Toni,Kukoc,Croatia,Olympic Silver Medal,,1992,,,,Award,Olympic,Silver,
389,Toni,Kukoc,Chicago Bulls,NBA Champion,,1995-96,,,,Award,Champion,,
389,Toni,Kukoc,Chicago Bulls,NBA Champion,,1996-97,,,,Award,Champion,,
389,Toni,Kukoc,Chicago Bulls,NBA Champion,,1997-98,,,,Award,Champion,,
393,Rod,Strickland,Washington Wizards,All-NBA,2,1997-98,,,1610612764,Award,Kia Motors,KIANT,
393,Rod,Strickland,New York Knicks,All-Rookie Team,2,1988-89,,,1610612752,Award,Kia Motors,KIART,
393,Rod,Strickland,Portland Trail Blazers,NBA Player of the Week,,1994-95,,1995-02-26T00:00:00,,Award,Kia Motors,KIPWK,
397,Reggie,Miller,Indiana Pacers,All-NBA,3,1994-95,,,1610612754,Award,Kia Motors,KIANT,
397,Reggie,Miller,Indiana Pacers,All-NBA,3,1995-96,,,1610612754,Award,Kia Motors,KIANT,
397,Reggie,Miller,Indiana Pacers,All-NBA,3,1997-98,,,1610612754,Award,Kia Motors,KIANT,
397,Reggie,Miller,,Hall of Fame Inductee,,2012,,,,Award,Hall of Fame,,
397,Reggie,Miller,Indiana Pacers,J. Walter Kennedy Citizenship,,2003-04,,,,Award,Kia Motors,KIWKC,
397,Reggie,Miller,Indiana Pacers,NBA Player of the Week,,1990-91,,1991-02-24T00:00:00,,Award,Kia Motors,KIPWK,
397,Reggie,Miller,Indiana Pacers,NBA Player of the Week,,1995-96,,1996-01-28T00:00:00,,Award,Kia Motors,KIPWK,
397,Reggie,Miller,Indiana Pacers,NBA Player of the Week,,2004-05,,2005-04-03T00:00:00,East,Award,Kia Motors,KIPWK,
397,Reggie,Miller,USA,Olympic Gold Medal,,1996,,,,Award,Olympic,Gold,
397,Reggie,Miller,,NBA All-Star,,1989-90,,,,Award,All-Star,,
397,Reggie,Miller,,NBA All-Star,,1994-95,,,,Award,All-Star,,
397,Reggie,Miller,,NBA All-Star,,1995-96,,,,Award,All-Star,,
397,Reggie,Miller,,NBA All-Star,,1997-98,,,,Award,All-Star,,
397,Reggie,Miller,,NBA All-Star,,1999-00,,,,Award,All-Star,,
406,Shaquille,O'Neal,Los Angeles Lakers,All-Defensive Team,2,1999-00,,,1610612747,Award,Kia Motors,KIADT,
406,Shaquille,O'Neal,Los Angeles Lakers,All-Defensive Team,2,2000-01,,,1610612747,Award,Kia Motors,KIADT,
406,Shaquille,O'Neal,Los Angeles Lakers,All-Defensive Team,2,2002-03,,,1610612747,Award,Kia Motors,KIADT,
406,Shaquille,O'Neal,Orlando Magic,All-NBA,3,1993-94,,,1610612753,Award,Kia Motors,KIANT,
406,Shaquille,O'Neal,Orlando Magic,All-NBA,2,1994-95,,,1610612753,Award,Kia Motors,KIANT,
406,Shaquille,O'Neal,Orlando Magic,All-NBA,3,1995-96,,,1610612753,Award,Kia Motors,KIANT,
406,Shaquille,O'Neal,Los Angeles Lakers,All-NBA,3,1996-97,,,1610612747,Award,Kia Motors,KIANT,
406,Shaquille,O'Neal,Los Angeles Lakers,All-NBA,1,1997-98,,,1610612747,Award,Kia Motors,KIANT,
406,Shaquille,O'Neal,Los Angeles Lakers,All-NBA,2,1998-99,,,1610612747,Award,Kia Motors,KIANT,
406,Shaquille,O'Neal,Los Angeles Lakers,All-NBA,1,1999-00,,,1610612747,Award,Kia Motors,KIANT,
406,Shaquille,O'Neal,Los Angeles Lakers,All-NBA,1,2000-01,,,1610612747,Award,Kia Motors,KIANT,
406,Shaquille,O'Neal,Los Angeles Lakers,All-NBA,1,2001-02,,,1610612747,Award,Kia Motors,KIANT,
406,Shaquille,O'Neal,Los Angeles Lakers,All-NBA,1,2002-03,,,1610612747,Award,Kia Motors,KIANT,
406,Shaquille,O'Neal,Los Angeles Lakers,All-NBA,1,2003-04,,,1610612747,Award,Kia Motors,KIANT,
406,Shaquille,O'Neal,Miami Heat,All-NBA,1,2004-05,,,1610612748,Award,Kia Motors,KIANT,
406,Shaquille,O'Neal,Miami Heat,All-NBA,1,2005-06,,,1610612748,Award,Kia Motors,KIANT,
406,Shaquille,O'Neal,Phoenix Suns,All-NBA,3,2008-09,,,1610612756,Award,Kia Motors,KIANT,
406,Shaquille,O'Neal,Orlando Magic,All-Rookie Team,1,1992-93,,,1610612753,Award,Kia Motors,KIART,
406,Shaquille,O'Neal,,Hall of Fame Inductee,,2016,,,,Award,Hall of Fame,,
406,Shaquille,O'Neal,Los Angeles Lakers,IBM Award,,1999-00,,,,Award,IBM,IBMAW,
406,Shaquille,O'Neal,Los Angeles Lakers,IBM Award,,2000-01,,,,Award,IBM,IBMAW,
406,Shaquille,O'Neal,Los Angeles Lakers,NBA All-Star Most Valuable Player,,1999-00,,,,Award,Kia Motors,KAMVP,
406,Shaquille,O'Neal,Los Angeles Lakers,NBA All-Star Most Valuable Player,,2003-04,,,,Award,Kia Motors,KAMVP,
406,Shaquille,O'Neal,Phoenix Suns,NBA All-Star Most Valuable Player,,2008-09,,,,Award,Kia Motors,KAMVP,
406,Shaquille,O'Neal,Los Angeles Lakers,NBA Finals Most Valuable Player,,1999-00,,,,Award,Kia Motors,KFMVP,
406,Shaquille,O'Neal,Los Angeles Lakers,NBA Finals Most Valuable Player,,2000-01,,,,Award,Kia Motors,KFMVP,
406,Shaquille,O'Neal,Los Angeles Lakers,NBA Finals Most Valuable Player,,2001-02,,,,Award,Kia Motors,KFMVP,
406,Shaquille,O'Neal,Los Angeles Lakers,NBA Most Valuable Player,,1999-00,,,,Award,Kia Motors,KIMVP,
406,Shaquille,O'Neal,Orlando Magic,NBA Player of the Month,,1993-94,03/01/1994,,,Award,Kia Motors,KIPMO,
406,Shaquille,O'Neal,Orlando Magic,NBA Player of the Month,,1993-94,12/01/1993,,,Award,Kia Motors,KIPMO,
406,Shaquille,O'Neal,Orlando Magic,NBA Player of the Month,,1994-95,11/01/1994,,,Award,Kia Motors,KIPMO,
406,Shaquille,O'Neal,Los Angeles Lakers,NBA Player of the Month,,1996-97,12/01/1996,,,Award,Kia Motors,KIPMO,
406,Shaquille,O'Neal,Los Angeles Lakers,NBA Player of the Month,,1997-98,01/01/1998,,,Award,Kia Motors,KIPMO,
406,Shaquille,O'Neal,Los Angeles Lakers,NBA Player of the Month,,1997-98,04/01/1998,,,Award,Kia Motors,KIPMO,
406,Shaquille,O'Neal,Los Angeles Lakers,NBA Player of the Month,,1999-00,02/01/2000,,,Award,Kia Motors,KIPMO,
406,Shaquille,O'Neal,Los Angeles Lakers,NBA Player of the Month,,1999-00,03/01/2000,,,Award,Kia Motors,KIPMO,
406,Shaquille,O'Neal,Los Angeles Lakers,NBA Player of the Month,,1999-00,11/01/1999,,,Award,Kia Motors,KIPMO,
406,Shaquille,O'Neal,Los Angeles Lakers,NBA Player of the Month,,2000-01,04/01/2001,,,Award,Kia Motors,KIPMO,
406,Shaquille,O'Neal,Los Angeles Lakers,NBA Player of the Month,,2002-03,03/01/2003,,West,Award,Kia Motors,KIPMO,
406,Shaquille,O'Neal,Miami Heat,NBA Player of the Month,,2004-05,03/01/2005,,East,Award,Kia Motors,KIPMO,
406,Shaquille,O'Neal,Orlando Magic,NBA Player of the Week,,1992-93,,1992-11-15T00:00:00,,Award,Kia Motors,KIPWK,
406,Shaquille,O'Neal,Orlando Magic,NBA Player of the Week,,1993-94,,1993-12-12T00:00:00,,Award,Kia Motors,KIPWK,
406,Shaquille,O'Neal,Orlando Magic,NBA Player of the Week,,1994-95,,1994-12-04T00:00:00,,Award,Kia Motors,KIPWK,
406,Shaquille,O'Neal,Orlando Magic,NBA Player of the Week,,1994-95,,1995-03-05T00:00:00,,Award,Kia Motors,KIPWK,
406,Shaquille,O'Neal,Orlando Magic,NBA Player of the Week,,1995-96,,1996-03-03T00:00:00,,Award,Kia Motors,KIPWK,
406,Shaquille,O'Neal,Los Angeles Lakers,NBA Player of the Week,,1996-97,,1996-12-15T00:00:00,,Award,Kia Motors,KIPWK,
406,Shaquille,O'Neal,Los Angeles Lakers,NBA Player of the Week,,1997-98,,1998-03-22T00:00:00,,Award,Kia Motors,KIPWK,
406,Shaquille,O'Neal,Los Angeles Lakers,NBA Player of the Week,,1999-00,,1999-12-05T00:00:00,,Award,Kia Motors,KIPWK,
406,Shaquille,O'Neal,Los Angeles Lakers,NBA Player of the Week,,1999-00,,2000-02-22T00:00:00,,Award,Kia Motors,KIPWK,
406,Shaquille,O'Neal,Los Angeles Lakers,NBA Player of the Week,,1999-00,,2000-03-13T00:00:00,,Award,Kia Motors,KIPWK,
406,Shaquille,O'Neal,Los Angeles Lakers,NBA Player of the Week,,2000-01,,2001-04-08T00:00:00,,Award,Kia Motors,KIPWK,
406,Shaquille,O'Neal,Los Angeles Lakers,NBA Player of the Week,,2001-02,,2002-02-03T00:00:00,West,Award,Kia Motors,KIPWK,
406,Shaquille,O'Neal,Los Angeles Lakers,NBA Player of the Week,,2001-02,,2002-02-24T00:00:00,West,Award,Kia Motors,KIPWK,
406,Shaquille,O'Neal,Los Angeles Lakers,NBA Player of the Week,,2001-02,,2002-03-10T00:00:00,West,Award,Kia Motors,KIPWK,
406,Shaquille,O'Neal,Los Angeles Lakers,NBA Player of the Week,,2002-03,,2003-03-09T00:00:00,West,Award,Kia Motors,KIPWK,
406,Shaquille,O'Neal,Los Angeles Lakers,NBA Player of the Week,,2002-03,,2003-04-06T00:00:00,West,Award,Kia Motors,KIPWK,
406,Shaquille,O'Neal,Los Angeles Lakers,NBA Player of the Week,,2003-04,,2003-12-07T00:00:00,West,Award,Kia Motors,KIPWK,
406,Shaquille,O'Neal,Los Angeles Lakers,NBA Player of the Week,,2003-04,,2004-03-21T00:00:00,West,Award,Kia Motors,KIPWK,
406,Shaquille,O'Neal,Miami Heat,NBA Player of the Week,,2004-05,,2004-12-19T00:00:00,East,Award,Kia Motors,KIPWK,
406,Shaquille,O'Neal,Orlando Magic,NBA Rookie of the Month,,1992-93,01/01/1993,,,Award,Kia Motors,KIRMO,
406,Shaquille,O'Neal,Orlando Magic,NBA Rookie of the Month,,1992-93,02/01/1993,,,Award,Kia Motors,KIRMO,
406,Shaquille,O'Neal,Orlando Magic,NBA Rookie of the Month,,1992-93,11/01/1992,,,Award,Kia Motors,KIRMO,
406,Shaquille,O'Neal,Orlando Magic,NBA Rookie of the Month,,1992-93,12/01/1992,,,Award,Kia Motors,KIRMO,
406,Shaquille,O'Neal,Orlando Magic,NBA Rookie of the Year,,1992-93,,,,Award,Kia Motors,KIROY,
406,Shaquille,O'Neal,Los Angeles Lakers,NBA Sporting News Most Valuable Player of the Year,,1999-00,,,,Award,Sporting News,SNMVP,
406,Shaquille,O'Neal,Miami Heat,NBA Sporting News Most Valuable Player of the Year,,2004-05,,,,Award,Sporting News,SNMVP,
406,Shaquille,O'Neal,Orlando Magic,NBA Sporting News Rookie of the Year,,1992-93,,,,Award,Sporting News,SNROY,
406,Shaquille,O'Neal,USA,Olympic Gold Medal,,1996,,,,Award,Olympic,Gold,
406,Shaquille,O'Neal,,NBA All-Star,,1992-93,,,,Award,All-Star,,
406,Shaquille,O'Neal,,NBA All-Star,,1993-94,,,,Award,All-Star,,
406,Shaquille,O'Neal,,NBA All-Star,,1994-95,,,,Award,All-Star,,
406,Shaquille,O'Neal,,NBA All-Star,,1995-96,,,,Award,All-Star,,
406,Shaquille,O'Neal,,NBA All-Star,,2004-05,,,,Award,All-Star,,
406,Shaquille,O'Neal,,NBA All-Star,,2005-06,,,,Award,All-Star,,
406,Shaquille,O'Neal,,NBA All-Star,,2006-07,,,,Award,All-Star,,
406,Shaquille,O'Neal,,NBA All-Star,,1997-98,,,,Award,All-Star,,
406,Shaquille,O'Neal,,NBA All-Star,,1999-00,,,,Award,All-Star,,
406,Shaquille,O'Neal,,NBA All-Star,,2002-03,,,,Award,All-Star,,
406,Shaquille,O'Neal,,NBA All-Star,,2003-04,,,,Award,All-Star,,
406,Shaquille,O'Neal,,NBA All-Star,,2008-09,,,,Award,All-Star,,
406,Shaquille,O'Neal,,NBA All-Star,,1996-97,,,,Award,All-Star,,
406,Shaquille,O'Neal,,NBA All-Star,,2000-01,,,,Award,All-Star,,
406,Shaquille,O'Neal,,NBA All-Star,,2001-02,,,,Award,All-Star,,
406,Shaquille,O'Neal,Los Angeles Lakers,NBA Champion,,1999-00,,,,Award,Champion,,
406,Shaquille,O'Neal,Los Angeles Lakers,NBA Champion,,2000-01,,,,Award,Champion,,
406,Shaquille,O'Neal,Los Angeles Lakers,NBA Champion,,2001-02,,,,Award,Champion,,
406,Shaquille,O'Neal,Miami Heat,NBA Champion,,2005-06,,,,Award,Champion,,
412,Sharone,Wright,Philadelphia 76ers,All-Rookie Team,2,1994-95,,,1610612755,Award,Kia Motors,KIART,
416,Willie,Burton,Miami Heat,All-Rookie Team,2,1990-91,,,1610612748,Award,Kia Motors,KIART,
418,Scott,Brooks,Houston Rockets,NBA Champion,,1993-94,,,,Award,Champion,,
420,Jayson,Williams,New Jersey Nets,NBA Player of the Week,,1997-98,,1998-01-25T00:00:00,,Award,Kia Motors,KIPWK,
420,Jayson,Williams,,NBA All-Star,,1997-98,,,,Award,All-Star,,
422,Avery,Johnson,San Antonio Spurs,NBA Sportsmanship,,1997-98,,,,Award,Kia Motors,KSPRT,
422,Avery,Johnson,San Antonio Spurs,NBA Champion,,1998-99,,,,Award,Champion,,
423,Chris,Gatling,Miami Heat,NBA Player of the Week,,1995-96,,1996-03-24T00:00:00,,Award,Kia Motors,KIPWK,
423,Chris,Gatling,,NBA All-Star,,1996-97,,,,Award,All-Star,,
428,Sherman,Douglas,Miami Heat,All-Rookie Team,1,1989-90,,,1610612748,Award,Kia Motors,KIART,
431,Shawn,Kemp,Seattle SuperSonics,All-NBA,2,1993-94,,,1610612760,Award,Kia Motors,KIANT,
431,Shawn,Kemp,Seattle SuperSonics,All-NBA,2,1994-95,,,1610612760,Award,Kia Motors,KIANT,
431,Shawn,Kemp,Seattle SuperSonics,All-NBA,2,1995-96,,,1610612760,Award,Kia Motors,KIANT,
431,Shawn,Kemp,Seattle SuperSonics,NBA Player of the Week,,1992-93,,1993-01-10T00:00:00,,Award,Kia Motors,KIPWK,
431,Shawn,Kemp,Seattle SuperSonics,NBA Player of the Week,,1993-94,,1994-02-27T00:00:00,,Award,Kia Motors,KIPWK,
431,Shawn,Kemp,Seattle SuperSonics,NBA Player of the Week,,1993-94,,1994-04-03T00:00:00,,Award,Kia Motors,KIPWK,
431,Shawn,Kemp,Seattle SuperSonics,NBA Player of the Week,,1995-96,,1995-11-26T00:00:00,,Award,Kia Motors,KIPWK,
431,Shawn,Kemp,Seattle SuperSonics,NBA Player of the Week,,1995-96,,1996-02-25T00:00:00,,Award,Kia Motors,KIPWK,
431,Shawn,Kemp,,NBA All-Star,,1997-98,,,,Award,All-Star,,
431,Shawn,Kemp,,NBA All-Star,,1992-93,,,,Award,All-Star,,
431,Shawn,Kemp,,NBA All-Star,,1993-94,,,,Award,All-Star,,
431,Shawn,Kemp,,NBA All-Star,,1994-95,,,,Award,All-Star,,
431,Shawn,Kemp,,NBA All-Star,,1995-96,,,,Award,All-Star,,
431,Shawn,Kemp,,NBA All-Star,,1996-97,,,,Award,All-Star,,
432,Pete,Chilcutt,Houston Rockets,NBA Champion,,1994-95,,,,Award,Champion,,
433,Buck,Williams,New Jersey Nets,All-Defensive Team,2,1987-88,,,1610612751,Award,Kia Motors,KIADT,
433,Buck,Williams,Portland Trail Blazers,All-Defensive Team,1,1989-90,,,1610612757,Award,Kia Motors,KIADT,
433,Buck,Williams,Portland Trail Blazers,All-Defensive Team,1,1990-91,,,1610612757,Award,Kia Motors,KIADT,
433,Buck,Williams,Portland Trail Blazers,All-Defensive Team,2,1991-92,,,1610612757,Award,Kia Motors,KIADT,
433,Buck,Williams,New Jersey Nets,All-NBA,2,1982-83,,,1610612751,Award,Kia Motors,KIANT,
433,Buck,Williams,New Jersey Nets,All-Rookie Team,1,1981-82,,,1610612751,Award,Kia Motors,KIART,
433,Buck,Williams,New Jersey Nets,NBA Player of the Week,,1982-83,,1982-12-05T00:00:00,,Award,Kia Motors,KIPWK,
433,Buck,Williams,New Jersey Nets,NBA Player of the Week,,1983-84,,1984-01-22T00:00:00,,Award,Kia Motors,KIPWK,
433,Buck,Williams,New Jersey Nets,NBA Player of the Week,,1985-86,,1985-11-10T00:00:00,,Award,Kia Motors,KIPWK,
433,Buck,Williams,New Jersey Nets,NBA Rookie of the Month,,1981-82,02/01/1982,,,Award,Kia Motors,KIRMO,
433,Buck,Williams,New Jersey Nets,NBA Rookie of the Year,,1981-82,,,,Award,Kia Motors,KIROY,
433,Buck,Williams,,NBA All-Star,,1981-82,,,,Award,All-Star,,
433,Buck,Williams,,NBA All-Star,,1982-83,,,,Award,All-Star,,
433,Buck,Williams,,NBA All-Star,,1985-86,,,,Award,All-Star,,
436,Juwan,Howard,Washington Bullets,All-NBA,3,1995-96,,,1610612764,Award,Kia Motors,KIANT,
436,Juwan,Howard,Washington Bullets,All-Rookie Team,2,1994-95,,,1610612764,Award,Kia Motors,KIART,
436,Juwan,Howard,Washington Bullets,NBA Player of the Month,,1995-96,04/01/1996,,,Award,Kia Motors,KIPMO,
436,Juwan,Howard,Washington Bullets,NBA Player of the Week,,1995-96,,1996-04-14T00:00:00,,Award,Kia Motors,KIPWK,
436,Juwan,Howard,Washington Bullets,NBA Rookie of the Month,,1994-95,02/01/1995,,,Award,Kia Motors,KIRMO,
436,Juwan,Howard,,NBA All-Star,,1995-96,,,,Award,All-Star,,
436,Juwan,Howard,Miami Heat,NBA Champion,,2011-12,,,,Award,Champion,,
436,Juwan,Howard,Miami Heat,NBA Champion,,2012-13,,,,Award,Champion,,
440,Zan,Tabak,Croatia,Olympic Appearance,,1996,,,,Award,Olympic,Appearance,
440,Zan,Tabak,Croatia,Olympic Silver Medal,,1992,,,,Award,Olympic,Silver,
440,Zan,Tabak,Houston Rockets,NBA Champion,,1994-95,,,,Award,Champion,,
442,Pervis,Ellison,Washington Wizards,NBA Most Improved Player,,1991-92,,,,Award,Kia Motors,KIMIP,
442,Pervis,Ellison,Washington Wizards,NBA Player of the Week,,1991-92,,1991-12-22T00:00:00,,Award,Kia Motors,KIPWK,
445,Wesley,Person,Phoenix Suns,All-Rookie Team,2,1994-95,,,1610612756,Award,Kia Motors,KIART,
445,Wesley,Person,Cleveland Cavaliers,NBA Player of the Week,,1997-98,,1997-12-07T00:00:00,,Award,Kia Motors,KIPWK,
446,Lucious,Harris,New Jersey Nets,NBA Player of the Week,,2002-03,,2002-12-29T00:00:00,East,Award,Kia Motors,KIPWK,
452,Vin,Baker,Milwaukee Bucks,All-NBA,3,1996-97,,,1610612749,Award,Kia Motors,KIANT,
452,Vin,Baker,Seattle SuperSonics,All-NBA,2,1997-98,,,1610612760,Award,Kia Motors,KIANT,
452,Vin,Baker,Milwaukee Bucks,All-Rookie Team,1,1993-94,,,1610612749,Award,Kia Motors,KIART,
452,Vin,Baker,Milwaukee Bucks,NBA Rookie of the Month,,1993-94,02/01/1994,,,Award,Kia Motors,KIRMO,
452,Vin,Baker,USA,Olympic Gold Medal,,2000,,,,Award,Olympic,Gold,
452,Vin,Baker,,NBA All-Star,,1994-95,,,,Award,All-Star,,
452,Vin,Baker,,NBA All-Star,,1995-96,,,,Award,All-Star,,
452,Vin,Baker,,NBA All-Star,,1996-97,,,,Award,All-Star,,
452,Vin,Baker,,NBA All-Star,,1997-98,,,,Award,All-Star,,
456,Chuck,Person,Indiana Pacers,All-Rookie Team,1,1986-87,,,1610612754,Award,Kia Motors,KIART,
456,Chuck,Person,Indiana Pacers,NBA Player of the Week,,1988-89,,1989-03-05T00:00:00,,Award,Kia Motors,KIPWK,
456,Chuck,Person,Indiana Pacers,NBA Rookie of the Month,,1986-87,02/01/1987,,,Award,Kia Motors,KIRMO,
456,Chuck,Person,Indiana Pacers,NBA Rookie of the Month,,1986-87,11/01/1986,,,Award,Kia Motors,KIRMO,
456,Chuck,Person,Indiana Pacers,NBA Rookie of the Year,,1986-87,,,,Award,Kia Motors,KIROY,
456,Chuck,Person,Indiana Pacers,NBA Sporting News Rookie of the Year,,1986-87,,,,Award,Sporting News,SNROY,
462,JR,Reid,Charlotte Hornets,All-Rookie Team,2,1989-90,,,1610612740,Award,Kia Motors,KIART,
462,JR,Reid,USA,Olympic Bronze Medal,,1988,,,,Award,Olympic,Bronze,
467,Jason,Kidd,Phoenix Suns,All-Defensive Team,1,1998-99,,,1610612756,Award,Kia Motors,KIADT,
467,Jason,Kidd,Phoenix Suns,All-Defensive Team,2,1999-00,,,1610612756,Award,Kia Motors,KIADT,
467,Jason,Kidd,Phoenix Suns,All-Defensive Team,1,2000-01,,,1610612756,Award,Kia Motors,KIADT,
467,Jason,Kidd,New Jersey Nets,All-Defensive Team,1,2001-02,,,1610612751,Award,Kia Motors,KIADT,
467,Jason,Kidd,New Jersey Nets,All-Defensive Team,2,2002-03,,,1610612751,Award,Kia Motors,KIADT,
467,Jason,Kidd,New Jersey Nets,All-Defensive Team,2,2003-04,,,1610612751,Award,Kia Motors,KIADT,
467,Jason,Kidd,New Jersey Nets,All-Defensive Team,2,2004-05,,,1610612751,Award,Kia Motors,KIADT,
467,Jason,Kidd,New Jersey Nets,All-Defensive Team,1,2005-06,,,1610612751,Award,Kia Motors,KIADT,
467,Jason,Kidd,New Jersey Nets,All-Defensive Team,2,2006-07,,,1610612751,Award,Kia Motors,KIADT,
467,Jason,Kidd,Phoenix Suns,All-NBA,1,1998-99,,,1610612756,Award,Kia Motors,KIANT,
467,Jason,Kidd,Phoenix Suns,All-NBA,1,1999-00,,,1610612756,Award,Kia Motors,KIANT,
467,Jason,Kidd,Phoenix Suns,All-NBA,1,2000-01,,,1610612756,Award,Kia Motors,KIANT,
467,Jason,Kidd,New Jersey Nets,All-NBA,1,2001-02,,,1610612751,Award,Kia Motors,KIANT,
467,Jason,Kidd,New Jersey Nets,All-NBA,2,2002-03,,,1610612751,Award,Kia Motors,KIANT,
467,Jason,Kidd,New Jersey Nets,All-NBA,1,2003-04,,,1610612751,Award,Kia Motors,KIANT,
467,Jason,Kidd,Dallas Mavericks,All-Rookie Team,1,1994-95,,,1610612742,Award,Kia Motors,KIART,
467,Jason,Kidd,,Hall of Fame Inductee,,2018,,,,Award,Hall of Fame,,
467,Jason,Kidd,Phoenix Suns,NBA Player of the Month,,1998-99,04/01/1999,,,Award,Kia Motors,KIPMO,
467,Jason,Kidd,New Jersey Nets,NBA Player of the Month,,2001-02,11/01/2001,,East,Award,Kia Motors,KIPMO,
467,Jason,Kidd,New Jersey Nets,NBA Player of the Month,,2002-03,12/01/2002,,East,Award,Kia Motors,KIPMO,
467,Jason,Kidd,Dallas Mavericks,NBA Player of the Week,,1994-95,,1995-03-19T00:00:00,,Award,Kia Motors,KIPWK,
467,Jason,Kidd,Dallas Mavericks,NBA Player of the Week,,1995-96,,1996-02-04T00:00:00,,Award,Kia Motors,KIPWK,
467,Jason,Kidd,Phoenix Suns,NBA Player of the Week,,1997-98,,1998-03-15T00:00:00,,Award,Kia Motors,KIPWK,
467,Jason,Kidd,Phoenix Suns,NBA Player of the Week,,1997-98,,1998-04-19T00:00:00,,Award,Kia Motors,KIPWK,
467,Jason,Kidd,Phoenix Suns,NBA Player of the Week,,1998-99,,1999-04-18T00:00:00,,Award,Kia Motors,KIPWK,
467,Jason,Kidd,Phoenix Suns,NBA Player of the Week,,1999-00,,1999-12-20T00:00:00,,Award,Kia Motors,KIPWK,
467,Jason,Kidd,Phoenix Suns,NBA Player of the Week,,2000-01,,2001-04-01T00:00:00,,Award,Kia Motors,KIPWK,
467,Jason,Kidd,New Jersey Nets,NBA Player of the Week,,2001-02,,2001-12-30T00:00:00,East,Award,Kia Motors,KIPWK,
467,Jason,Kidd,New Jersey Nets,NBA Player of the Week,,2001-02,,2002-02-03T00:00:00,East,Award,Kia Motors,KIPWK,
467,Jason,Kidd,New Jersey Nets,NBA Player of the Week,,2001-02,,2002-03-24T00:00:00,East,Award,Kia Motors,KIPWK,
467,Jason,Kidd,New Jersey Nets,NBA Player of the Week,,2002-03,,2002-12-22T00:00:00,East,Award,Kia Motors,KIPWK,
467,Jason,Kidd,New Jersey Nets,NBA Player of the Week,,2002-03,,2003-04-06T00:00:00,East,Award,Kia Motors,KIPWK,
467,Jason,Kidd,New Jersey Nets,NBA Player of the Week,,2003-04,,2003-12-28T00:00:00,East,Award,Kia Motors,KIPWK,
467,Jason,Kidd,New Jersey Nets,NBA Player of the Week,,2003-04,,2004-02-01T00:00:00,East,Award,Kia Motors,KIPWK,
467,Jason,Kidd,New Jersey Nets,NBA Player of the Week,,2004-05,,2005-04-17T00:00:00,East,Award,Kia Motors,KIPWK,
467,Jason,Kidd,New Jersey Nets,NBA Player of the Week,,2006-07,,2007-03-18T00:00:00,East,Award,Kia Motors,KIPWK,
467,Jason,Kidd,Dallas Mavericks,NBA Player of the Week,,2008-09,,2009-04-06T00:00:00,West,Award,Kia Motors,KIPWK,
467,Jason,Kidd,Dallas Mavericks,NBA Rookie of the Month,,1994-95,03/01/1995,,,Award,Kia Motors,KIRMO,
467,Jason,Kidd,Dallas Mavericks,NBA Rookie of the Year,,1994-95,,,,Award,Kia Motors,KIROY,
467,Jason,Kidd,Dallas Mavericks,NBA Sportsmanship,,2011-12,,,,Award,Kia Motors,KSPRT,
467,Jason,Kidd,New York Knicks,NBA Sportsmanship,,2012-13,,,,Award,Kia Motors,KSPRT,
467,Jason,Kidd,USA,Olympic Gold Medal,,2000,,,,Award,Olympic,Gold,
467,Jason,Kidd,USA,Olympic Gold Medal,,2008,,,,Award,Olympic,Gold,
467,Jason,Kidd,,NBA All-Star,,2001-02,,,,Award,All-Star,,
467,Jason,Kidd,,NBA All-Star,,2002-03,,,,Award,All-Star,,
467,Jason,Kidd,,NBA All-Star,,2003-04,,,,Award,All-Star,,
467,Jason,Kidd,,NBA All-Star,,2007-08,,,,Award,All-Star,,
467,Jason,Kidd,,NBA All-Star,,1995-96,,,,Award,All-Star,,
467,Jason,Kidd,,NBA All-Star,,1997-98,,,,Award,All-Star,,
467,Jason,Kidd,,NBA All-Star,,1999-00,,,,Award,All-Star,,
467,Jason,Kidd,,NBA All-Star,,2000-01,,,,Award,All-Star,,
467,Jason,Kidd,,NBA All-Star,,2009-10,,,,Award,All-Star,,
467,Jason,Kidd,,NBA All-Star,,2006-07,,,,Award,All-Star,,
467,Jason,Kidd,Dallas Mavericks,NBA Champion,,2010-11,,,,Award,Champion,,
469,Jamal,Mashburn,New Orleans Hornets,All-NBA,3,2002-03,,,1610612740,Award,Kia Motors,KIANT,
469,Jamal,Mashburn,Dallas Mavericks,All-Rookie Team,1,1993-94,,,1610612742,Award,Kia Motors,KIART,
469,Jamal,Mashburn,New Orleans Hornets,NBA Player of the Month,,2002-03,02/01/2003,,West,Award,Kia Motors,KIPMO,
469,Jamal,Mashburn,Dallas Mavericks,NBA Player of the Week,,1994-95,,1994-12-11T00:00:00,,Award,Kia Motors,KIPWK,
469,Jamal,Mashburn,,NBA All-Star,,2002-03,,,,Award,All-Star,,
1630700,Dyson,Daniels,Atlanta Hawks,NBA Defensive Player of the Month,,2024-25,11/1/2024,,East,Award,Kia Motors,KIRMO,
1631117,Walker,Kessler,Utah Jazz,NBA Rookie of the Month,,2022-23,2/1/2023,,West,Award,Kia Motors,KIRMO,
1631117,Walker,Kessler,Utah Jazz,All-Rookie Team,1,2022-23,,,West,Award,Kia Motors,KIART,
672,Matt,Bullard,Houston Rockets,NBA Champion,,1993-94,,,,Award,Champion,,
673,Alan,Henderson,Atlanta Hawks,NBA Most Improved Player,,1997-98,,,,Award,Kia Motors,KIMIP,
679,Jason,Caffey,Chicago Bulls,NBA Champion,,1996-97,,,,Award,Champion,,
686,Antonio,McDyess,Denver Nuggets,All-NBA,3,1998-99,,,1610612743,Award,Kia Motors,KIANT,
686,Antonio,McDyess,Denver Nuggets,All-Rookie Team,1,1995-96,,,1610612743,Award,Kia Motors,KIART,
686,Antonio,McDyess,Denver Nuggets,NBA Player of the Week,,1998-99,,1999-02-28T00:00:00,,Award,Kia Motors,KIPWK,
686,Antonio,McDyess,Denver Nuggets,NBA Player of the Week,,2000-01,,2000-12-03T00:00:00,,Award,Kia Motors,KIPWK,
686,Antonio,McDyess,USA,Olympic Gold Medal,,2000,,,,Award,Olympic,Gold,
686,Antonio,McDyess,,NBA All-Star,,2000-01,,,,Award,All-Star,,
689,Theo,Ratliff,Philadelphia 76ers,All-Defensive Team,2,1998-99,,,1610612755,Award,Kia Motors,KIADT,
689,Theo,Ratliff,Portland Trail Blazers,All-Defensive Team,2,2003-04,,,1610612757,Award,Kia Motors,KIADT,
689,Theo,Ratliff,,NBA All-Star,,2000-01,,,,Award,All-Star,,
693,Joe,Smith,Golden State Warriors,All-Rookie Team,1,1995-96,,,1610612744,Award,Kia Motors,KIART,
693,Joe,Smith,Golden State Warriors,NBA Rookie of the Month,,1995-96,02/01/1996,,,Award,Kia Motors,KIRMO,
693,Joe,Smith,Golden State Warriors,NBA Rookie of the Month,,1995-96,12/01/1995,,,Award,Kia Motors,KIRMO,
699,Brent,Barry,Los Angeles Clippers,All-Rookie Team,2,1995-96,,,1610612746,Award,Kia Motors,KIART,
699,Brent,Barry,San Antonio Spurs,NBA Champion,,2004-05,,,,Award,Champion,,
699,Brent,Barry,San Antonio Spurs,NBA Champion,,2006-07,,,,Award,Champion,,
702,Voshon,Lenard,Denver Nuggets,NBA Player of the Week,,2003-04,,2003-11-30T00:00:00,West,Award,Kia Motors,KIPWK,
703,Kurt,Thomas,New York Knicks,NBA Player of the Week,,2001-02,,2002-03-10T00:00:00,East,Award,Kia Motors,KIPWK,
708,Kevin,Garnett,Minnesota Timberwolves,All-Defensive Team,1,1999-00,,,1610612750,Award,Kia Motors,KIADT,
708,Kevin,Garnett,Minnesota Timberwolves,All-Defensive Team,1,2000-01,,,1610612750,Award,Kia Motors,KIADT,
708,Kevin,Garnett,Minnesota Timberwolves,All-Defensive Team,1,2001-02,,,1610612750,Award,Kia Motors,KIADT,
708,Kevin,Garnett,Minnesota Timberwolves,All-Defensive Team,1,2002-03,,,1610612750,Award,Kia Motors,KIADT,
708,Kevin,Garnett,Minnesota Timberwolves,All-Defensive Team,1,2003-04,,,1610612750,Award,Kia Motors,KIADT,
708,Kevin,Garnett,Minnesota Timberwolves,All-Defensive Team,1,2004-05,,,1610612750,Award,Kia Motors,KIADT,
708,Kevin,Garnett,Minnesota Timberwolves,All-Defensive Team,2,2005-06,,,1610612750,Award,Kia Motors,KIADT,
708,Kevin,Garnett,Minnesota Timberwolves,All-Defensive Team,2,2006-07,,,1610612750,Award,Kia Motors,KIADT,
708,Kevin,Garnett,Boston Celtics,All-Defensive Team,1,2007-08,,,1610612738,Award,Kia Motors,KIADT,
708,Kevin,Garnett,Boston Celtics,All-Defensive Team,1,2008-09,,,1610612738,Award,Kia Motors,KIADT,
708,Kevin,Garnett,Boston Celtics,All-Defensive Team,1,2010-11,,,1610612738,Award,Kia Motors,KIADT,
708,Kevin,Garnett,Boston Celtics,All-Defensive Team,2,2011-12,,,1610612738,Award,Kia Motors,KIADT,
708,Kevin,Garnett,Minnesota Timberwolves,All-NBA,3,1998-99,,,1610612750,Award,Kia Motors,KIANT,
708,Kevin,Garnett,Minnesota Timberwolves,All-NBA,1,1999-00,,,1610612750,Award,Kia Motors,KIANT,
708,Kevin,Garnett,Minnesota Timberwolves,All-NBA,2,2000-01,,,1610612750,Award,Kia Motors,KIANT,
708,Kevin,Garnett,Minnesota Timberwolves,All-NBA,2,2001-02,,,1610612750,Award,Kia Motors,KIANT,
708,Kevin,Garnett,Minnesota Timberwolves,All-NBA,1,2002-03,,,1610612750,Award,Kia Motors,KIANT,
708,Kevin,Garnett,Minnesota Timberwolves,All-NBA,1,2003-04,,,1610612750,Award,Kia Motors,KIANT,
708,Kevin,Garnett,Minnesota Timberwolves,All-NBA,2,2004-05,,,1610612750,Award,Kia Motors,KIANT,
708,Kevin,Garnett,Minnesota Timberwolves,All-NBA,3,2006-07,,,1610612750,Award,Kia Motors,KIANT,
708,Kevin,Garnett,Boston Celtics,All-NBA,1,2007-08,,,1610612738,Award,Kia Motors,KIANT,
708,Kevin,Garnett,Minnesota Timberwolves,All-Rookie Team,2,1995-96,,,1610612750,Award,Kia Motors,KIART,
708,Kevin,Garnett,Minnesota Timberwolves,J. Walter Kennedy Citizenship,,2005-06,,,,Award,Kia Motors,KIWKC,
708,Kevin,Garnett,Minnesota Timberwolves,NBA All-Star Most Valuable Player,,2002-03,,,,Award,Kia Motors,KAMVP,
708,Kevin,Garnett,Boston Celtics,NBA Defensive Player of the Year,,2007-08,,,,Award,Kia Motors,KDPYR,
708,Kevin,Garnett,Minnesota Timberwolves,NBA Most Valuable Player,,2003-04,,,,Award,Kia Motors,KIMVP,
708,Kevin,Garnett,Minnesota Timberwolves,NBA Player of the Month,,1999-00,01/01/2000,,,Award,Kia Motors,KIPMO,
708,Kevin,Garnett,Minnesota Timberwolves,NBA Player of the Month,,2001-02,02/01/2002,,West,Award,Kia Motors,KIPMO,
708,Kevin,Garnett,Minnesota Timberwolves,NBA Player of the Month,,2002-03,02/01/2003,,West,Award,Kia Motors,KIPMO,
708,Kevin,Garnett,Minnesota Timberwolves,NBA Player of the Month,,2002-03,04/01/2003,,West,Award,Kia Motors,KIPMO,
708,Kevin,Garnett,Minnesota Timberwolves,NBA Player of the Month,,2003-04,01/01/2004,,West,Award,Kia Motors,KIPMO,
708,Kevin,Garnett,Minnesota Timberwolves,NBA Player of the Month,,2003-04,02/01/2004,,West,Award,Kia Motors,KIPMO,
708,Kevin,Garnett,Minnesota Timberwolves,NBA Player of the Month,,2003-04,04/01/2004,,West,Award,Kia Motors,KIPMO,
708,Kevin,Garnett,Minnesota Timberwolves,NBA Player of the Month,,2003-04,12/01/2003,,West,Award,Kia Motors,KIPMO,
708,Kevin,Garnett,Minnesota Timberwolves,NBA Player of the Month,,2004-05,03/01/2005,,West,Award,Kia Motors,KIPMO,
708,Kevin,Garnett,Minnesota Timberwolves,NBA Player of the Week,,1998-99,,1999-04-04T00:00:00,,Award,Kia Motors,KIPWK,
708,Kevin,Garnett,Minnesota Timberwolves,NBA Player of the Week,,1999-00,,1999-11-14T00:00:00,,Award,Kia Motors,KIPWK,
708,Kevin,Garnett,Minnesota Timberwolves,NBA Player of the Week,,1999-00,,1999-12-27T00:00:00,,Award,Kia Motors,KIPWK,
708,Kevin,Garnett,Minnesota Timberwolves,NBA Player of the Week,,1999-00,,2000-03-27T00:00:00,,Award,Kia Motors,KIPWK,
708,Kevin,Garnett,Minnesota Timberwolves,NBA Player of the Week,,2000-01,,2000-11-19T00:00:00,,Award,Kia Motors,KIPWK,
708,Kevin,Garnett,Minnesota Timberwolves,NBA Player of the Week,,2001-02,,2001-11-18T00:00:00,West,Award,Kia Motors,KIPWK,
708,Kevin,Garnett,Minnesota Timberwolves,NBA Player of the Week,,2001-02,,2002-01-13T00:00:00,West,Award,Kia Motors,KIPWK,
708,Kevin,Garnett,Minnesota Timberwolves,NBA Player of the Week,,2002-03,,2002-11-24T00:00:00,West,Award,Kia Motors,KIPWK,
708,Kevin,Garnett,Minnesota Timberwolves,NBA Player of the Week,,2003-04,,2003-11-23T00:00:00,West,Award,Kia Motors,KIPWK,
708,Kevin,Garnett,Minnesota Timberwolves,NBA Player of the Week,,2003-04,,2003-12-21T00:00:00,West,Award,Kia Motors,KIPWK,
708,Kevin,Garnett,Minnesota Timberwolves,NBA Player of the Week,,2003-04,,2004-01-25T00:00:00,West,Award,Kia Motors,KIPWK,
708,Kevin,Garnett,Minnesota Timberwolves,NBA Player of the Week,,2003-04,,2004-02-01T00:00:00,West,Award,Kia Motors,KIPWK,
708,Kevin,Garnett,Minnesota Timberwolves,NBA Player of the Week,,2004-05,,2004-11-07T00:00:00,West,Award,Kia Motors,KIPWK,
708,Kevin,Garnett,Minnesota Timberwolves,NBA Player of the Week,,2005-06,,2006-01-15T00:00:00,West,Award,Kia Motors,KIPWK,
708,Kevin,Garnett,Minnesota Timberwolves,NBA Player of the Week,,2006-07,,2007-01-07T00:00:00,West,Award,Kia Motors,KIPWK,
708,Kevin,Garnett,Boston Celtics,NBA Player of the Week,,2007-08,,2007-11-11T00:00:00,East,Award,Kia Motors,KIPWK,
708,Kevin,Garnett,Boston Celtics,NBA Player of the Week,,2007-08,,2008-03-23T00:00:00,East,Award,Kia Motors,KIPWK,
708,Kevin,Garnett,Boston Celtics,NBA Player of the Week,,2007-08,,2008-04-13T00:00:00,East,Award,Kia Motors,KIPWK,
708,Kevin,Garnett,Boston Celtics,NBA Player of the Week,,2009-10,,2009-12-07T00:00:00,East,Award,Kia Motors,KIPWK,
708,Kevin,Garnett,Boston Celtics,NBA Player of the Week,,2011-12,,2012-04-09T00:00:00,East,Award,Kia Motors,KIPWK,
708,Kevin,Garnett,Minnesota Timberwolves,NBA Sporting News Most Valuable Player of the Year,,2003-04,,,,Award,Sporting News,SNMVP,
708,Kevin,Garnett,USA,Olympic Gold Medal,,2000,,,,Award,Olympic,Gold,
708,Kevin,Garnett,,NBA All-Star,,2007-08,,,,Award,All-Star,,
708,Kevin,Garnett,,NBA All-Star,,2008-09,,,,Award,All-Star,,
708,Kevin,Garnett,,NBA All-Star,,2009-10,,,,Award,All-Star,,
708,Kevin,Garnett,,NBA All-Star,,2010-11,,,,Award,All-Star,,
708,Kevin,Garnett,,NBA All-Star,,2012-13,,,,Award,All-Star,,
708,Kevin,Garnett,,NBA All-Star,,1996-97,,,,Award,All-Star,,
708,Kevin,Garnett,,NBA All-Star,,1997-98,,,,Award,All-Star,,
708,Kevin,Garnett,,NBA All-Star,,1999-00,,,,Award,All-Star,,
708,Kevin,Garnett,,NBA All-Star,,2000-01,,,,Award,All-Star,,
708,Kevin,Garnett,,NBA All-Star,,2001-02,,,,Award,All-Star,,
708,Kevin,Garnett,,NBA All-Star,,2002-03,,,,Award,All-Star,,
708,Kevin,Garnett,,NBA All-Star,,2003-04,,,,Award,All-Star,,
708,Kevin,Garnett,,NBA All-Star,,2004-05,,,,Award,All-Star,,
708,Kevin,Garnett,,NBA All-Star,,2005-06,,,,Award,All-Star,,
708,Kevin,Garnett,,NBA All-Star,,2006-07,,,,Award,All-Star,,
708,Kevin,Garnett,Boston Celtics,NBA Champion,,2007-08,,,,Award,Champion,,
711,Jerry,Stackhouse,Philadelphia 76ers,All-Rookie Team,1,1995-96,,,1610612755,Award,Kia Motors,KIART,
711,Jerry,Stackhouse,Washington Wizards,NBA Player of the Week,,2002-03,,2002-11-10T00:00:00,East,Award,Kia Motors,KIPWK,
711,Jerry,Stackhouse,Philadelphia 76ers,NBA Rookie of the Month,,1995-96,03/01/1996,,,Award,Kia Motors,KIRMO,
711,Jerry,Stackhouse,,NBA All-Star,,1999-00,,,,Award,All-Star,,
711,Jerry,Stackhouse,,NBA All-Star,,2000-01,,,,Award,All-Star,,
714,Michael,Finley,Phoenix Suns,All-Rookie Team,1,1995-96,,,1610612756,Award,Kia Motors,KIART,
714,Michael,Finley,Dallas Mavericks,NBA Player of the Month,,2002-03,11/01/2002,,West,Award,Kia Motors,KIPMO,
714,Michael,Finley,Dallas Mavericks,NBA Player of the Week,,1999-00,,2000-02-07T00:00:00,,Award,Kia Motors,KIPWK,
714,Michael,Finley,Dallas Mavericks,NBA Player of the Week,,2003-04,,2004-01-18T00:00:00,East,Award,Kia Motors,KIPWK,
714,Michael,Finley,,NBA All-Star,,1999-00,,,,Award,All-Star,,
714,Michael,Finley,,NBA All-Star,,2000-01,,,,Award,All-Star,,
714,Michael,Finley,San Antonio Spurs,NBA Champion,,2006-07,,,,Award,Champion,,
717,Arvydas,Sabonis,Portland Trail Blazers,All-Rookie Team,1,1995-96,,,1610612757,Award,Kia Motors,KIART,
717,Arvydas,Sabonis,,Hall of Fame Inductee,,2011,,,,Award,Hall of Fame,,
717,Arvydas,Sabonis,Portland Trail Blazers,NBA Player of the Week,,1995-96,,1996-03-31T00:00:00,,Award,Kia Motors,KIPWK,
717,Arvydas,Sabonis,Portland Trail Blazers,NBA Rookie of the Month,,1995-96,04/01/1996,,,Award,Kia Motors,KIRMO,
717,Arvydas,Sabonis,Lithuania,Olympic Bronze Medal,,1992,,,,Award,Olympic,Bronze,
717,Arvydas,Sabonis,Lithuania,Olympic Bronze Medal,,1996,,,,Award,Olympic,Bronze,
717,Arvydas,Sabonis,Soviet Union,Olympic Gold Medal,,1988,,,,Award,Olympic,Gold,
721,Tyus,Edney,Sacramento Kings,All-Rookie Team,2,1995-96,,,1610612758,Award,Kia Motors,KIART,
722,Corliss,Williamson,Detroit Pistons,NBA Sixth Man of the Year,,2001-02,,,,Award,Sporting News,KISMY,
722,Corliss,Williamson,Detroit Pistons,NBA Champion,,2003-04,,,,Award,Champion,,
727,Eric,Snow,Philadelphia 76ers,All-Defensive Team,2,2002-03,,,1610612755,Award,Kia Motors,KIADT,
727,Eric,Snow,Cleveland Cavaliers,J. Walter Kennedy Citizenship,,2004-05,,,,Award,Kia Motors,KIWKC,
727,Eric,Snow,Philadelphia 76ers,NBA Sportsmanship,,1999-00,,,,Award,Kia Motors,KSPRT,
735,Bryant,Reeves,Vancouver Grizzlies,All-Rookie Team,2,1995-96,,,1610612763,Award,Kia Motors,KIART,
739,Rasheed,Wallace,Washington Bullets,All-Rookie Team,2,1995-96,,,1610612764,Award,Kia Motors,KIART,
739,Rasheed,Wallace,Portland Trail Blazers,NBA Player of the Week,,2001-02,,2002-03-03T00:00:00,West,Award,Kia Motors,KIPWK,
739,Rasheed,Wallace,,NBA All-Star,,2005-06,,,,Award,All-Star,,
739,Rasheed,Wallace,,NBA All-Star,,2007-08,,,,Award,All-Star,,
739,Rasheed,Wallace,,NBA All-Star,,1999-00,,,,Award,All-Star,,
739,Rasheed,Wallace,,NBA All-Star,,2000-01,,,,Award,All-Star,,
739,Rasheed,Wallace,Detroit Pistons,NBA Champion,,2003-04,,,,Award,Champion,,
753,Randy,Brown,Chicago Bulls,NBA Champion,,1995-96,,,,Award,Champion,,
753,Randy,Brown,Chicago Bulls,NBA Champion,,1996-97,,,,Award,Champion,,
753,Randy,Brown,Chicago Bulls,NBA Champion,,1997-98,,,,Award,Champion,,
757,Damon,Stoudamire,Toronto Raptors,All-Rookie Team,1,1995-96,,,1610612761,Award,Kia Motors,KIART,
757,Damon,Stoudamire,Toronto Raptors,NBA Rookie of the Year,,1995-96,,,,Award,Kia Motors,KIROY,
757,Damon,Stoudamire,Toronto Raptors,NBA Sporting News Rookie of the Year,,1995-96,,,,Award,Sporting News,SNROY,
757,Damon,Stoudemire,Toronto Raptors,NBA Rookie of the Month,,1995-96,01/01/1996,,,Award,Kia Motors,KIRMO,
757,Damon,Stoudemire,Toronto Raptors,NBA Rookie of the Month,,1995-96,11/01/1995,,,Award,Kia Motors,KIRMO,
760,Jerome,Kersey,San Antonio Spurs,NBA Champion,,1998-99,,,,Award,Champion,,
762,Dudley,Bradley,Indiana Pacers,All-Defensive Team,2,1980-81,,,1610612754,Award,Kia Motors,KIADT,
762,Shawn,Bradley,Philadelphia 76ers,All-Rookie Team,2,1993-94,,,1610612755,Award,Kia Motors,KIART,
763,Tony,Massenburg,San Antonio Spurs,NBA Champion,,2004-05,,,,Award,Champion,,
764,David,Robinson,San Antonio Spurs,All-Defensive Team,2,1989-90,,,1610612759,Award,Kia Motors,KIADT,
764,David,Robinson,San Antonio Spurs,All-Defensive Team,1,1990-91,,,1610612759,Award,Kia Motors,KIADT,
764,David,Robinson,San Antonio Spurs,All-Defensive Team,1,1991-92,,,1610612759,Award,Kia Motors,KIADT,
764,David,Robinson,San Antonio Spurs,All-Defensive Team,2,1992-93,,,1610612759,Award,Kia Motors,KIADT,
764,David,Robinson,San Antonio Spurs,All-Defensive Team,2,1993-94,,,1610612759,Award,Kia Motors,KIADT,
764,David,Robinson,San Antonio Spurs,All-Defensive Team,1,1994-95,,,1610612759,Award,Kia Motors,KIADT,
764,David,Robinson,San Antonio Spurs,All-Defensive Team,1,1995-96,,,1610612759,Award,Kia Motors,KIADT,
764,David,Robinson,San Antonio Spurs,All-Defensive Team,2,1997-98,,,1610612759,Award,Kia Motors,KIADT,
764,David,Robinson,San Antonio Spurs,All-NBA,3,1989-90,,,1610612759,Award,Kia Motors,KIANT,
764,David,Robinson,San Antonio Spurs,All-NBA,1,1990-91,,,1610612759,Award,Kia Motors,KIANT,
764,David,Robinson,San Antonio Spurs,All-NBA,1,1991-92,,,1610612759,Award,Kia Motors,KIANT,
764,David,Robinson,San Antonio Spurs,All-NBA,3,1992-93,,,1610612759,Award,Kia Motors,KIANT,
764,David,Robinson,San Antonio Spurs,All-NBA,2,1993-94,,,1610612759,Award,Kia Motors,KIANT,
764,David,Robinson,San Antonio Spurs,All-NBA,1,1994-95,,,1610612759,Award,Kia Motors,KIANT,
764,David,Robinson,San Antonio Spurs,All-NBA,1,1995-96,,,1610612759,Award,Kia Motors,KIANT,
764,David,Robinson,San Antonio Spurs,All-NBA,2,1997-98,,,1610612759,Award,Kia Motors,KIANT,
764,David,Robinson,San Antonio Spurs,All-NBA,3,1999-00,,,1610612759,Award,Kia Motors,KIANT,
764,David,Robinson,San Antonio Spurs,All-NBA,3,2000-01,,,1610612759,Award,Kia Motors,KIANT,
764,David,Robinson,San Antonio Spurs,All-Rookie Team,1,1989-90,,,1610612759,Award,Kia Motors,KIART,
764,David,Robinson,,Hall of Fame Inductee,,2009,,,,Award,Hall of Fame,,
764,David,Robinson,San Antonio Spurs,IBM Award,,1989-90,,,,Award,IBM,IBMAW,
764,David,Robinson,San Antonio Spurs,IBM Award,,1990-91,,,,Award,IBM,IBMAW,
764,David,Robinson,San Antonio Spurs,IBM Award,,1993-94,,,,Award,IBM,IBMAW,
764,David,Robinson,San Antonio Spurs,IBM Award,,1994-95,,,,Award,IBM,IBMAW,
764,David,Robinson,San Antonio Spurs,IBM Award,,1995-96,,,,Award,IBM,IBMAW,
764,David,Robinson,San Antonio Spurs,J. Walter Kennedy Citizenship,,2002-03,,,,Award,Kia Motors,KIWKC,
764,David,Robinson,San Antonio Spurs,NBA Defensive Player of the Year,,1991-92,,,,Award,Kia Motors,KDPYR,
764,David,Robinson,San Antonio Spurs,NBA Most Valuable Player,,1994-95,,,,Award,Kia Motors,KIMVP,
764,David,Robinson,San Antonio Spurs,NBA Player of the Month,,1990-91,01/01/1991,,,Award,Kia Motors,KIPMO,
764,David,Robinson,San Antonio Spurs,NBA Player of the Month,,1993-94,02/01/1994,,,Award,Kia Motors,KIPMO,
764,David,Robinson,San Antonio Spurs,NBA Player of the Month,,1994-95,03/01/1995,,,Award,Kia Motors,KIPMO,
764,David,Robinson,San Antonio Spurs,NBA Player of the Month,,1995-96,03/01/1996,,,Award,Kia Motors,KIPMO,
764,David,Robinson,San Antonio Spurs,NBA Player of the Week,,1989-90,,1990-02-25T00:00:00,,Award,Kia Motors,KIPWK,
764,David,Robinson,San Antonio Spurs,NBA Player of the Week,,1989-90,,1990-03-25T00:00:00,,Award,Kia Motors,KIPWK,
764,David,Robinson,San Antonio Spurs,NBA Player of the Week,,1989-90,,1990-04-22T00:00:00,,Award,Kia Motors,KIPWK,
764,David,Robinson,San Antonio Spurs,NBA Player of the Week,,1991-92,,1991-12-01T00:00:00,,Award,Kia Motors,KIPWK,
764,David,Robinson,San Antonio Spurs,NBA Player of the Week,,1992-93,,1992-11-29T00:00:00,,Award,Kia Motors,KIPWK,
764,David,Robinson,San Antonio Spurs,NBA Player of the Week,,1992-93,,1993-01-03T00:00:00,,Award,Kia Motors,KIPWK,
764,David,Robinson,San Antonio Spurs,NBA Player of the Week,,1993-94,,1993-12-05T00:00:00,,Award,Kia Motors,KIPWK,
764,David,Robinson,San Antonio Spurs,NBA Player of the Week,,1993-94,,1994-02-06T00:00:00,,Award,Kia Motors,KIPWK,
764,David,Robinson,San Antonio Spurs,NBA Player of the Week,,1993-94,,1994-02-20T00:00:00,,Award,Kia Motors,KIPWK,
764,David,Robinson,San Antonio Spurs,NBA Player of the Week,,1993-94,,1994-03-06T00:00:00,,Award,Kia Motors,KIPWK,
764,David,Robinson,San Antonio Spurs,NBA Player of the Week,,1993-94,,1994-04-24T00:00:00,,Award,Kia Motors,KIPWK,
764,David,Robinson,San Antonio Spurs,NBA Player of the Week,,1994-95,,1995-04-02T00:00:00,,Award,Kia Motors,KIPWK,
764,David,Robinson,San Antonio Spurs,NBA Player of the Week,,1995-96,,1996-01-14T00:00:00,,Award,Kia Motors,KIPWK,
764,David,Robinson,San Antonio Spurs,NBA Player of the Week,,1997-98,,1997-12-28T00:00:00,,Award,Kia Motors,KIPWK,
764,David,Robinson,San Antonio Spurs,NBA Rookie of the Month,,1989-90,01/01/1990,,,Award,Kia Motors,KIRMO,
764,David,Robinson,San Antonio Spurs,NBA Rookie of the Month,,1989-90,02/01/1990,,,Award,Kia Motors,KIRMO,
764,David,Robinson,San Antonio Spurs,NBA Rookie of the Month,,1989-90,03/01/1990,,,Award,Kia Motors,KIRMO,
764,David,Robinson,San Antonio Spurs,NBA Rookie of the Month,,1989-90,04/01/1990,,,Award,Kia Motors,KIRMO,
764,David,Robinson,San Antonio Spurs,NBA Rookie of the Month,,1989-90,11/01/1989,,,Award,Kia Motors,KIRMO,
764,David,Robinson,San Antonio Spurs,NBA Rookie of the Month,,1989-90,12/01/1989,,,Award,Kia Motors,KIRMO,
764,David,Robinson,San Antonio Spurs,NBA Rookie of the Year,,1989-90,,,,Award,Kia Motors,KIROY,
764,David,Robinson,San Antonio Spurs,NBA Sporting News Most Valuable Player of the Year,,1994-95,,,,Award,Sporting News,SNMVP,
764,David,Robinson,San Antonio Spurs,NBA Sporting News Rookie of the Year,,1989-90,,,,Award,Sporting News,SNROY,
764,David,Robinson,San Antonio Spurs,NBA Sportsmanship,,2000-01,,,,Award,Kia Motors,KSPRT,
764,David,Robinson,USA,Olympic Bronze Medal,,1988,,,,Award,Olympic,Bronze,
764,David,Robinson,USA,Olympic Gold Medal,,1992,,,,Award,Olympic,Gold,
764,David,Robinson,USA,Olympic Gold Medal,,1996,,,,Award,Olympic,Gold,
764,David,Robinson,,NBA All-Star,,1989-90,,,,Award,All-Star,,
764,David,Robinson,,NBA All-Star,,1990-91,,,,Award,All-Star,,
764,David,Robinson,,NBA All-Star,,1991-92,,,,Award,All-Star,,
764,David,Robinson,,NBA All-Star,,1992-93,,,,Award,All-Star,,
764,David,Robinson,,NBA All-Star,,1993-94,,,,Award,All-Star,,
764,David,Robinson,,NBA All-Star,,1994-95,,,,Award,All-Star,,
764,David,Robinson,,NBA All-Star,,1995-96,,,,Award,All-Star,,
764,David,Robinson,,NBA All-Star,,1997-98,,,,Award,All-Star,,
764,David,Robinson,,NBA All-Star,,1999-00,,,,Award,All-Star,,
764,David,Robinson,,NBA All-Star,,2000-01,,,,Award,All-Star,,
764,David,Robinson,San Antonio Spurs,NBA Champion,,1998-99,,,,Award,Champion,,
764,David,Robinson,San Antonio Spurs,NBA Champion,,2002-03,,,,Award,Champion,,
765,Hersey,Hawkins,Philadelphia 76ers,All-Rookie Team,1,1988-89,,,1610612755,Award,Kia Motors,KIART,
765,Hersey,Hawkins,Seattle SuperSonics,NBA Sportsmanship,,1998-99,,,,Award,Kia Motors,KSPRT,
765,Hersey,Hawkins,USA,Olympic Bronze Medal,,1988,,,,Award,Olympic,Bronze,
765,Hersey,Hawkins,,NBA All-Star,,1990-91,,,,Award,All-Star,,
769,B.J.,Armstrong,,NBA All-Star,,1993-94,,,,Award,All-Star,,
769,B.J.,Armstrong,Chicago Bulls,NBA Champion,,1990-91,,,,Award,Champion,,
769,B.J.,Armstrong,Chicago Bulls,NBA Champion,,1991-92,,,,Award,Champion,,
769,B.J.,Armstrong,Chicago Bulls,NBA Champion,,1992-93,,,,Award,Champion,,
779,Glen,Rice,Charlotte Hornets,All-NBA,2,1996-97,,,1610612740,Award,Kia Motors,KIANT,
779,Glen,Rice,Charlotte Hornets,All-NBA,3,1997-98,,,1610612740,Award,Kia Motors,KIANT,
779,Glen,Rice,Miami Heat,All-Rookie Team,2,1989-90,,,1610612748,Award,Kia Motors,KIART,
779,Glen,Rice,Charlotte Hornets,NBA All-Star Most Valuable Player,,1996-97,,,,Award,Kia Motors,KAMVP,
779,Glen,Rice,Miami Heat,NBA Player of the Month,,1991-92,04/01/1992,,,Award,Kia Motors,KIPMO,
779,Glen,Rice,Charlotte Hornets,NBA Player of the Month,,1996-97,02/01/1997,,,Award,Kia Motors,KIPMO,
779,Glen,Rice,Miami Heat,NBA Player of the Week,,1993-94,,1993-11-28T00:00:00,,Award,Kia Motors,KIPWK,
779,Glen,Rice,New Orleans Hornets,NBA Player of the Week,,1996-97,,1997-01-05T00:00:00,,Award,Kia Motors,KIPWK,
779,Glen,Rice,New Orleans Hornets,NBA Player of the Week,,1996-97,,1997-02-02T00:00:00,,Award,Kia Motors,KIPWK,
779,Glen,Rice,New Orleans Hornets,NBA Player of the Week,,1997-98,,1997-12-14T00:00:00,,Award,Kia Motors,KIPWK,
779,Glen,Rice,,NBA All-Star,,1995-96,,,,Award,All-Star,,
779,Glen,Rice,,NBA All-Star,,1996-97,,,,Award,All-Star,,
779,Glen,Rice,,NBA All-Star,,1997-98,,,,Award,All-Star,,
779,Glen,Rice,Los Angeles Lakers,NBA Champion,,1999-00,,,,Award,Champion,,
781,Will,Perdue,Chicago Bulls,NBA Champion,,1990-91,,,,Award,Champion,,
781,Will,Perdue,Chicago Bulls,NBA Champion,,1991-92,,,,Award,Champion,,
781,Will,Perdue,Chicago Bulls,NBA Champion,,1992-93,,,,Award,Champion,,
781,Will,Perdue,San Antonio Spurs,NBA Champion,,1998-99,,,,Award,Champion,,
782,Mitch,Richmond,Sacramento Kings,All-NBA,2,1993-94,,,1610612758,Award,Kia Motors,KIANT,
782,Mitch,Richmond,Sacramento Kings,All-NBA,2,1994-95,,,1610612758,Award,Kia Motors,KIANT,
782,Mitch,Richmond,Sacramento Kings,All-NBA,3,1995-96,,,1610612758,Award,Kia Motors,KIANT,
782,Mitch,Richmond,Sacramento Kings,All-NBA,2,1996-97,,,1610612758,Award,Kia Motors,KIANT,
782,Mitch,Richmond,Sacramento Kings,All-NBA,3,1997-98,,,1610612758,Award,Kia Motors,KIANT,
782,Mitch,Richmond,Golden State Warriors,All-Rookie Team,1,1988-89,,,1610612744,Award,Kia Motors,KIART,
782,Mitch,Richmond,,Hall of Fame Inductee,,2014,,,,Award,Hall of Fame,,
782,Mitch,Richmond,Sacramento Kings,NBA All-Star Most Valuable Player,,1994-95,,,,Award,Kia Motors,KAMVP,
782,Mitch,Richmond,Golden State Warriors,NBA Player of the Week,,1990-91,,1991-03-24T00:00:00,,Award,Kia Motors,KIPWK,
782,Mitch,Richmond,Sacramento Kings,NBA Player of the Week,,1996-97,,1997-01-26T00:00:00,,Award,Kia Motors,KIPWK,
782,Mitch,Richmond,Golden State Warriors,NBA Rookie of the Month,,1988-89,01/01/1989,,,Award,Kia Motors,KIRMO,
782,Mitch,Richmond,Golden State Warriors,NBA Rookie of the Month,,1988-89,03/01/1989,,,Award,Kia Motors,KIRMO,
782,Mitch,Richmond,Golden State Warriors,NBA Rookie of the Month,,1988-89,12/01/1988,,,Award,Kia Motors,KIRMO,
782,Mitch,Richmond,Golden State Warriors,NBA Rookie of the Year,,1988-89,,,,Award,Kia Motors,KIROY,
782,Mitch,Richmond,Golden State Warriors,NBA Sporting News Rookie of the Year,,1988-89,,,,Award,Sporting News,SNROY,
782,Mitch,Richmond,USA,Olympic Bronze Medal,,1988,,,,Award,Olympic,Bronze,
782,Mitch,Richmond,USA,Olympic Gold Medal,,1996,,,,Award,Olympic,Gold,
782,Mitch,Richmond,,NBA All-Star,,1993-94,,,,Award,All-Star,,
782,Mitch,Richmond,,NBA All-Star,,1994-95,,,,Award,All-Star,,
782,Mitch,Richmond,,NBA All-Star,,1995-96,,,,Award,All-Star,,
782,Mitch,Richmond,,NBA All-Star,,1996-97,,,,Award,All-Star,,
782,Mitch,Richmond,,NBA All-Star,,1997-98,,,,Award,All-Star,,
782,Mitch,Richmond,,NBA All-Star,,1992-93,,,,Award,All-Star,,
782,Mitch,Richmond,Los Angeles Lakers,NBA Champion,,2001-02,,,,Award,Champion,,
786,Gerald,Wilkins,New York Knicks,NBA Player of the Week,,1990-91,,1991-03-03T00:00:00,,Award,Kia Motors,KIPWK,
787,Charles,Barkley,Philadelphia 76ers,All-NBA,2,1985-86,,,1610612755,Award,Kia Motors,KIANT,
787,Charles,Barkley,Philadelphia 76ers,All-NBA,2,1986-87,,,1610612755,Award,Kia Motors,KIANT,
787,Charles,Barkley,Philadelphia 76ers,All-NBA,1,1987-88,,,1610612755,Award,Kia Motors,KIANT,
787,Charles,Barkley,Philadelphia 76ers,All-NBA,1,1988-89,,,1610612755,Award,Kia Motors,KIANT,
787,Charles,Barkley,Philadelphia 76ers,All-NBA,1,1989-90,,,1610612755,Award,Kia Motors,KIANT,
787,Charles,Barkley,Philadelphia 76ers,All-NBA,1,1990-91,,,1610612755,Award,Kia Motors,KIANT,
787,Charles,Barkley,Philadelphia 76ers,All-NBA,2,1991-92,,,1610612755,Award,Kia Motors,KIANT,
787,Charles,Barkley,Phoenix Suns,All-NBA,1,1992-93,,,1610612756,Award,Kia Motors,KIANT,
787,Charles,Barkley,Phoenix Suns,All-NBA,2,1993-94,,,1610612756,Award,Kia Motors,KIANT,
787,Charles,Barkley,Phoenix Suns,All-NBA,2,1994-95,,,1610612756,Award,Kia Motors,KIANT,
787,Charles,Barkley,Phoenix Suns,All-NBA,3,1995-96,,,1610612756,Award,Kia Motors,KIANT,
787,Charles,Barkley,Philadelphia 76ers,All-Rookie Team,1,1984-85,,,1610612755,Award,Kia Motors,KIART,
787,Charles,Barkley,,Hall of Fame Inductee,,2006,,,,Award,Hall of Fame,,
787,Charles,Barkley,Philadelphia 76ers,IBM Award,,1985-86,,,,Award,IBM,IBMAW,
787,Charles,Barkley,Philadelphia 76ers,IBM Award,,1986-87,,,,Award,IBM,IBMAW,
787,Charles,Barkley,Philadelphia 76ers,IBM Award,,1987-88,,,,Award,IBM,IBMAW,
787,Charles,Barkley,Philadelphia 76ers,NBA All-Star Most Valuable Player,,1990-91,,,,Award,Kia Motors,KAMVP,
787,Charles,Barkley,Phoenix Suns,NBA Most Valuable Player,,1992-93,,,,Award,Kia Motors,KIMVP,
787,Charles,Barkley,Philadelphia 76ers,NBA Player of the Month,,1986-87,01/01/1987,,,Award,Kia Motors,KIPMO,
787,Charles,Barkley,Philadelphia 76ers,NBA Player of the Month,,1988-89,11/01/1988,,,Award,Kia Motors,KIPMO,
787,Charles,Barkley,Phoenix Suns,NBA Player of the Month,,1992-93,12/01/1992,,,Award,Kia Motors,KIPMO,
787,Charles,Barkley,Phoenix Suns,NBA Player of the Month,,1995-96,02/01/1996,,,Award,Kia Motors,KIPMO,
787,Charles,Barkley,Philadelphia 76ers,NBA Player of the Week,,1985-86,,1986-01-26T00:00:00,,Award,Kia Motors,KIPWK,
787,Charles,Barkley,Philadelphia 76ers,NBA Player of the Week,,1985-86,,1986-03-02T00:00:00,,Award,Kia Motors,KIPWK,
787,Charles,Barkley,Philadelphia 76ers,NBA Player of the Week,,1985-86,,1986-03-30T00:00:00,,Award,Kia Motors,KIPWK,
787,Charles,Barkley,Philadelphia 76ers,NBA Player of the Week,,1987-88,,1988-03-20T00:00:00,,Award,Kia Motors,KIPWK,
787,Charles,Barkley,Philadelphia 76ers,NBA Player of the Week,,1989-90,,1990-04-08T00:00:00,,Award,Kia Motors,KIPWK,
787,Charles,Barkley,Philadelphia 76ers,NBA Player of the Week,,1990-91,,1990-11-25T00:00:00,,Award,Kia Motors,KIPWK,
787,Charles,Barkley,Phoenix Suns,NBA Player of the Week,,1992-93,,1992-12-13T00:00:00,,Award,Kia Motors,KIPWK,
787,Charles,Barkley,Phoenix Suns,NBA Player of the Week,,1992-93,,1993-04-04T00:00:00,,Award,Kia Motors,KIPWK,
787,Charles,Barkley,Phoenix Suns,NBA Player of the Week,,1993-94,,1993-11-21T00:00:00,,Award,Kia Motors,KIPWK,
787,Charles,Barkley,Phoenix Suns,NBA Player of the Week,,1994-95,,1995-02-19T00:00:00,,Award,Kia Motors,KIPWK,
787,Charles,Barkley,Houston Rockets,NBA Player of the Week,,1996-97,,1996-11-24T00:00:00,,Award,Kia Motors,KIPWK,
787,Charles,Barkley,Philadelphia 76ers,NBA Sporting News Most Valuable Player of the Year,,1989-90,,,,Award,Sporting News,SNMVP,
787,Charles,Barkley,Phoenix Suns,NBA Sporting News Most Valuable Player of the Year,,1992-93,,,,Award,Sporting News,SNMVP,
787,Charles,Barkley,USA,Olympic Gold Medal,,1992,,,,Award,Olympic,Gold,
787,Charles,Barkley,USA,Olympic Gold Medal,,1996,,,,Award,Olympic,Gold,
787,Charles,Barkley,,NBA All-Star,,1986-87,,,,Award,All-Star,,
787,Charles,Barkley,,NBA All-Star,,1987-88,,,,Award,All-Star,,
787,Charles,Barkley,,NBA All-Star,,1988-89,,,,Award,All-Star,,
787,Charles,Barkley,,NBA All-Star,,1989-90,,,,Award,All-Star,,
787,Charles,Barkley,,NBA All-Star,,1990-91,,,,Award,All-Star,,
787,Charles,Barkley,,NBA All-Star,,1991-92,,,,Award,All-Star,,
787,Charles,Barkley,,NBA All-Star,,1992-93,,,,Award,All-Star,,
787,Charles,Barkley,,NBA All-Star,,1994-95,,,,Award,All-Star,,
787,Charles,Barkley,,NBA All-Star,,1995-96,,,,Award,All-Star,,
787,Charles,Barkley,,NBA All-Star,,1993-94,,,,Award,All-Star,,
787,Charles,Barkley,,NBA All-Star,,1996-97,,,,Award,All-Star,,
788,Kevin,Willis,Atlanta Hawks,All-NBA,3,1991-92,,,1610612737,Award,Kia Motors,KIANT,
788,Kevin,Willis,Atlanta Hawks,NBA Player of the Week,,1991-92,,1991-11-24T00:00:00,,Award,Kia Motors,KIPWK,
788,Kevin,Willis,Atlanta Hawks,NBA Player of the Week,,1993-94,,1994-03-27T00:00:00,,Award,Kia Motors,KIPWK,
788,Kevin,Willis,,NBA All-Star,,1991-92,,,,Award,All-Star,,
788,Kevin,Willis,San Antonio Spurs,NBA Champion,,2002-03,,,,Award,Champion,,
1631093,Jaden,Ivey,Detroit Pistons,All-Rookie Team,2,2022-23,,,East,Award,Kia Motors,KIART,
1631094,Paolo,Banchero,Orlando Magic,NBA Rookie of the Month,,2022-23,1/1/2023,,East,Award,Kia Motors,KIRMO,
1631094,Paolo,Banchero,Orlando Magic,NBA Rookie of the Month,,2022-23,12/1/2022,,East,Award,Kia Motors,KIRMO,
1631094,Paolo,Banchero,Orlando Magic,NBA Rookie of the Month,,2022-23,2/1/2023,,East,Award,Kia Motors,KIRMO,
1631094,Paolo,Banchero,Orlando Magic,NBA Rookie of the Month,,2022-23,3/1/2023,,East,Award,Kia Motors,KIRMO,
1631094,Paolo,Banchero,Orlando Magic,NBA Rookie of the Year,,2022-23,,,East,Award,Kia Motors,KIROY,
1631094,Paolo,Banchero,Orlando Magic,All-Rookie Team,1,2022-23,,,East,Award,Kia Motors,KIART,
1631094,Paolo,Banchero,Orlando Magic,NBA Player of the Week,,2023-24,,2023-11-20T00:00:00,East,Award,Kia Motors,KIPWK,
1631094,Paolo,Banchero,,NBA All-Star,,2023-24,,,,Award,All-Star,,
1631095,Jabari,Smith Jr.,Houston Rockets,All-Rookie Team,2,2022-23,,,West,Award,Kia Motors,KIART,
1631096,Chet,Holmgren,Oklahoma City Thunder,NBA Rookie of the Month,,2023-24,11/1/2023,,West,Award,Kia Motors,KIRMO,
1631096,Chet,Holmgren,Oklahoma City Thunder,NBA Rookie of the Month,,2023-24,12/1/2023,,West,Award,Kia Motors,KIRMO,
1631096,Chet,Holmgren,Oklahoma City Thunder,All-Rookie Team,1,2023-24,,,West,Award,Kia Motors,KIART,
1631097,Bennedict,Mathurin,Indiana Pacers,NBA Rookie of the Month,,2022-23,11/1/2022,,East,Award,Kia Motors,KIRMO,
1631097,Bennedict,Mathurin,Indiana Pacers,All-Rookie Team,1,2022-23,,,East,Award,Kia Motors,KIART,
891,Charles,Oakley,New York Knicks,All-Defensive Team,1,1993-94,,,1610612752,Award,Kia Motors,KIADT,
891,Charles,Oakley,New York Knicks,All-Defensive Team,2,1997-98,,,1610612752,Award,Kia Motors,KIADT,
891,Charles,Oakley,Chicago Bulls,All-Rookie Team,1,1985-86,,,1610612741,Award,Kia Motors,KIART,
891,Charles,Oakley,Chicago Bulls,NBA Rookie of the Month,,1985-86,02/01/1986,,,Award,Kia Motors,KIRMO,
891,Charles,Oakley,,NBA All-Star,,1993-94,,,,Award,All-Star,,
893,Michael,Jordan,Chicago Bulls,All-Defensive Team,1,1987-88,,,1610612741,Award,Kia Motors,KIADT,
893,Michael,Jordan,Chicago Bulls,All-Defensive Team,1,1988-89,,,1610612741,Award,Kia Motors,KIADT,
893,Michael,Jordan,Chicago Bulls,All-Defensive Team,1,1989-90,,,1610612741,Award,Kia Motors,KIADT,
893,Michael,Jordan,Chicago Bulls,All-Defensive Team,1,1990-91,,,1610612741,Award,Kia Motors,KIADT,
893,Michael,Jordan,Chicago Bulls,All-Defensive Team,1,1991-92,,,1610612741,Award,Kia Motors,KIADT,
893,Michael,Jordan,Chicago Bulls,All-Defensive Team,1,1992-93,,,1610612741,Award,Kia Motors,KIADT,
893,Michael,Jordan,Chicago Bulls,All-Defensive Team,1,1995-96,,,1610612741,Award,Kia Motors,KIADT,
893,Michael,Jordan,Chicago Bulls,All-Defensive Team,1,1996-97,,,1610612741,Award,Kia Motors,KIADT,
893,Michael,Jordan,Chicago Bulls,All-Defensive Team,1,1997-98,,,1610612741,Award,Kia Motors,KIADT,
893,Michael,Jordan,Chicago Bulls,All-NBA,2,1984-85,,,1610612741,Award,Kia Motors,KIANT,
893,Michael,Jordan,Chicago Bulls,All-NBA,1,1986-87,,,1610612741,Award,Kia Motors,KIANT,
893,Michael,Jordan,Chicago Bulls,All-NBA,1,1987-88,,,1610612741,Award,Kia Motors,KIANT,
893,Michael,Jordan,Chicago Bulls,All-NBA,1,1988-89,,,1610612741,Award,Kia Motors,KIANT,
893,Michael,Jordan,Chicago Bulls,All-NBA,1,1989-90,,,1610612741,Award,Kia Motors,KIANT,
893,Michael,Jordan,Chicago Bulls,All-NBA,1,1990-91,,,1610612741,Award,Kia Motors,KIANT,
893,Michael,Jordan,Chicago Bulls,All-NBA,1,1991-92,,,1610612741,Award,Kia Motors,KIANT,
893,Michael,Jordan,Chicago Bulls,All-NBA,1,1992-93,,,1610612741,Award,Kia Motors,KIANT,
893,Michael,Jordan,Chicago Bulls,All-NBA,1,1995-96,,,1610612741,Award,Kia Motors,KIANT,
893,Michael,Jordan,Chicago Bulls,All-NBA,1,1996-97,,,1610612741,Award,Kia Motors,KIANT,
893,Michael,Jordan,Chicago Bulls,All-NBA,1,1997-98,,,1610612741,Award,Kia Motors,KIANT,
893,Michael,Jordan,Chicago Bulls,All-Rookie Team,1,1984-85,,,1610612741,Award,Kia Motors,KIART,
893,Michael,Jordan,,Hall of Fame Inductee,,2009,,,,Award,Hall of Fame,,
893,Michael,Jordan,Chicago Bulls,IBM Award,,1984-85,,,,Award,IBM,IBMAW,
893,Michael,Jordan,Chicago Bulls,IBM Award,,1988-89,,,,Award,IBM,IBMAW,
893,Michael,Jordan,Chicago Bulls,NBA All-Star Most Valuable Player,,1987-88,,,,Award,Kia Motors,KAMVP,
893,Michael,Jordan,Chicago Bulls,NBA All-Star Most Valuable Player,,1995-96,,,,Award,Kia Motors,KAMVP,
893,Michael,Jordan,Chicago Bulls,NBA All-Star Most Valuable Player,,1997-98,,,,Award,Kia Motors,KAMVP,
893,Michael,Jordan,Chicago Bulls,NBA Defensive Player of the Year,,1987-88,,,,Award,Kia Motors,KDPYR,
893,Michael,Jordan,Chicago Bulls,NBA Finals Most Valuable Player,,1990-91,,,,Award,Kia Motors,KFMVP,
893,Michael,Jordan,Chicago Bulls,NBA Finals Most Valuable Player,,1991-92,,,,Award,Kia Motors,KFMVP,
893,Michael,Jordan,Chicago Bulls,NBA Finals Most Valuable Player,,1992-93,,,,Award,Kia Motors,KFMVP,
893,Michael,Jordan,Chicago Bulls,NBA Finals Most Valuable Player,,1995-96,,,,Award,Kia Motors,KFMVP,
893,Michael,Jordan,Chicago Bulls,NBA Finals Most Valuable Player,,1996-97,,,,Award,Kia Motors,KFMVP,
893,Michael,Jordan,Chicago Bulls,NBA Finals Most Valuable Player,,1997-98,,,,Award,Kia Motors,KFMVP,
893,Michael,Jordan,Chicago Bulls,NBA Most Valuable Player,,1987-88,,,,Award,Kia Motors,KIMVP,
893,Michael,Jordan,Chicago Bulls,NBA Most Valuable Player,,1990-91,,,,Award,Kia Motors,KIMVP,
893,Michael,Jordan,Chicago Bulls,NBA Most Valuable Player,,1991-92,,,,Award,Kia Motors,KIMVP,
893,Michael,Jordan,Chicago Bulls,NBA Most Valuable Player,,1995-96,,,,Award,Kia Motors,KIMVP,
893,Michael,Jordan,Chicago Bulls,NBA Most Valuable Player,,1997-98,,,,Award,Kia Motors,KIMVP,
893,Michael,Jordan,Chicago Bulls,NBA Player of the Month,,1986-87,02/01/1987,,,Award,Kia Motors,KIPMO,
893,Michael,Jordan,Chicago Bulls,NBA Player of the Month,,1986-87,11/01/1986,,,Award,Kia Motors,KIPMO,
893,Michael,Jordan,Chicago Bulls,NBA Player of the Month,,1987-88,01/01/1988,,,Award,Kia Motors,KIPMO,
893,Michael,Jordan,Chicago Bulls,NBA Player of the Month,,1987-88,11/01/1987,,,Award,Kia Motors,KIPMO,
893,Michael,Jordan,Chicago Bulls,NBA Player of the Month,,1988-89,03/01/1989,,,Award,Kia Motors,KIPMO,
893,Michael,Jordan,Chicago Bulls,NBA Player of the Month,,1988-89,12/01/1988,,,Award,Kia Motors,KIPMO,
893,Michael,Jordan,Chicago Bulls,NBA Player of the Month,,1989-90,03/01/1990,,,Award,Kia Motors,KIPMO,
893,Michael,Jordan,Chicago Bulls,NBA Player of the Month,,1989-90,12/01/1989,,,Award,Kia Motors,KIPMO,
893,Michael,Jordan,Chicago Bulls,NBA Player of the Month,,1990-91,03/01/1991,,,Award,Kia Motors,KIPMO,
893,Michael,Jordan,Chicago Bulls,NBA Player of the Month,,1990-91,04/01/1991,,,Award,Kia Motors,KIPMO,
893,Michael,Jordan,Chicago Bulls,NBA Player of the Month,,1991-92,03/01/1992,,,Award,Kia Motors,KIPMO,
893,Michael,Jordan,Chicago Bulls,NBA Player of the Month,,1992-93,11/01/1992,,,Award,Kia Motors,KIPMO,
893,Michael,Jordan,Chicago Bulls,NBA Player of the Month,,1995-96,01/01/1996,,,Award,Kia Motors,KIPMO,
893,Michael,Jordan,Chicago Bulls,NBA Player of the Month,,1996-97,11/01/1996,,,Award,Kia Motors,KIPMO,
893,Michael,Jordan,Chicago Bulls,NBA Player of the Month,,1997-98,03/01/1998,,,Award,Kia Motors,KIPMO,
893,Michael,Jordan,Chicago Bulls,NBA Player of the Month,,1997-98,12/01/1997,,,Award,Kia Motors,KIPMO,
893,Michael,Jordan,Chicago Bulls,NBA Player of the Week,,1984-85,,1985-01-20T00:00:00,,Award,Kia Motors,KIPWK,
893,Michael,Jordan,Chicago Bulls,NBA Player of the Week,,1986-87,,1986-11-09T00:00:00,,Award,Kia Motors,KIPWK,
893,Michael,Jordan,Chicago Bulls,NBA Player of the Week,,1986-87,,1987-03-01T00:00:00,,Award,Kia Motors,KIPWK,
893,Michael,Jordan,Chicago Bulls,NBA Player of the Week,,1986-87,,1987-04-12T00:00:00,,Award,Kia Motors,KIPWK,
893,Michael,Jordan,Chicago Bulls,NBA Player of the Week,,1987-88,,1988-01-24T00:00:00,,Award,Kia Motors,KIPWK,
893,Michael,Jordan,Chicago Bulls,NBA Player of the Week,,1987-88,,1988-03-27T00:00:00,,Award,Kia Motors,KIPWK,
893,Michael,Jordan,Chicago Bulls,NBA Player of the Week,,1987-88,,1988-04-03T00:00:00,,Award,Kia Motors,KIPWK,
893,Michael,Jordan,Chicago Bulls,NBA Player of the Week,,1988-89,,1988-11-20T00:00:00,,Award,Kia Motors,KIPWK,
893,Michael,Jordan,Chicago Bulls,NBA Player of the Week,,1988-89,,1989-01-15T00:00:00,,Award,Kia Motors,KIPWK,
893,Michael,Jordan,Chicago Bulls,NBA Player of the Week,,1988-89,,1989-03-26T00:00:00,,Award,Kia Motors,KIPWK,
893,Michael,Jordan,Chicago Bulls,NBA Player of the Week,,1988-89,,1989-04-02T00:00:00,,Award,Kia Motors,KIPWK,
893,Michael,Jordan,Chicago Bulls,NBA Player of the Week,,1989-90,,1989-12-10T00:00:00,,Award,Kia Motors,KIPWK,
893,Michael,Jordan,Chicago Bulls,NBA Player of the Week,,1989-90,,1990-04-01T00:00:00,,Award,Kia Motors,KIPWK,
893,Michael,Jordan,Chicago Bulls,NBA Player of the Week,,1990-91,,1990-12-02T00:00:00,,Award,Kia Motors,KIPWK,
893,Michael,Jordan,Chicago Bulls,NBA Player of the Week,,1990-91,,1990-12-25T00:00:00,,Award,Kia Motors,KIPWK,
893,Michael,Jordan,Chicago Bulls,NBA Player of the Week,,1991-92,,1992-01-12T00:00:00,,Award,Kia Motors,KIPWK,
893,Michael,Jordan,Chicago Bulls,NBA Player of the Week,,1992-93,,1992-11-22T00:00:00,,Award,Kia Motors,KIPWK,
893,Michael,Jordan,Chicago Bulls,NBA Player of the Week,,1995-96,,1995-12-24T00:00:00,,Award,Kia Motors,KIPWK,
893,Michael,Jordan,Chicago Bulls,NBA Player of the Week,,1995-96,,1996-01-21T00:00:00,,Award,Kia Motors,KIPWK,
893,Michael,Jordan,Chicago Bulls,NBA Player of the Week,,1995-96,,1996-03-10T00:00:00,,Award,Kia Motors,KIPWK,
893,Michael,Jordan,Chicago Bulls,NBA Player of the Week,,1997-98,,1997-11-23T00:00:00,,Award,Kia Motors,KIPWK,
893,Michael,Jordan,Chicago Bulls,NBA Player of the Week,,1997-98,,1997-12-21T00:00:00,,Award,Kia Motors,KIPWK,
893,Michael,Jordan,Chicago Bulls,NBA Player of the Week,,1997-98,,1998-04-05T00:00:00,,Award,Kia Motors,KIPWK,
893,Michael,Jordan,Washington Wizards,NBA Player of the Week,,2002-03,,2003-01-05T00:00:00,East,Award,Kia Motors,KIPWK,
893,Michael,Jordan,Washington Wizards,NBA Player of the Week,,2002-03,,2003-03-02T00:00:00,East,Award,Kia Motors,KIPWK,
893,Michael,Jordan,Chicago Bulls,NBA Rookie of the Month,,1984-85,01/01/1985,,,Award,Kia Motors,KIRMO,
893,Michael,Jordan,Chicago Bulls,NBA Rookie of the Month,,1984-85,03/01/1985,,,Award,Kia Motors,KIRMO,
893,Michael,Jordan,Chicago Bulls,NBA Rookie of the Month,,1984-85,11/01/1984,,,Award,Kia Motors,KIRMO,
893,Michael,Jordan,Chicago Bulls,NBA Rookie of the Year,,1984-85,,,,Award,Kia Motors,KIROY,
893,Michael,Jordan,Chicago Bulls,NBA Sporting News Most Valuable Player of the Year,,1987-88,,,,Award,Sporting News,SNMVP,
893,Michael,Jordan,Chicago Bulls,NBA Sporting News Most Valuable Player of the Year,,1988-89,,,,Award,Sporting News,SNMVP,
893,Michael,Jordan,Chicago Bulls,NBA Sporting News Most Valuable Player of the Year,,1990-91,,,,Award,Sporting News,SNMVP,
893,Michael,Jordan,Chicago Bulls,NBA Sporting News Most Valuable Player of the Year,,1991-92,,,,Award,Sporting News,SNMVP,
893,Michael,Jordan,Chicago Bulls,NBA Sporting News Most Valuable Player of the Year,,1995-96,,,,Award,Sporting News,SNMVP,
893,Michael,Jordan,Chicago Bulls,NBA Sporting News Most Valuable Player of the Year,,1996-97,,,,Award,Sporting News,SNMVP,
893,Michael,Jordan,Chicago Bulls,NBA Sporting News Most Valuable Player of the Year,,1997-98,,,,Award,Sporting News,SNMVP,
893,Michael,Jordan,Chicago Bulls,NBA Sporting News Rookie of the Year,,1984-85,,,,Award,Sporting News,SNROY,
893,Michael,Jordan,USA,Olympic Gold Medal,,1984,,,,Award,Olympic,Gold,
893,Michael,Jordan,USA,Olympic Gold Medal,,1992,,,,Award,Olympic,Gold,
893,Michael,Jordan,,NBA All-Star,,1984-85,,,,Award,All-Star,,
893,Michael,Jordan,,NBA All-Star,,1986-87,,,,Award,All-Star,,
893,Michael,Jordan,,NBA All-Star,,1987-88,,,,Award,All-Star,,
893,Michael,Jordan,,NBA All-Star,,1988-89,,,,Award,All-Star,,
893,Michael,Jordan,,NBA All-Star,,1989-90,,,,Award,All-Star,,
893,Michael,Jordan,,NBA All-Star,,1990-91,,,,Award,All-Star,,
893,Michael,Jordan,,NBA All-Star,,1991-92,,,,Award,All-Star,,
893,Michael,Jordan,,NBA All-Star,,1992-93,,,,Award,All-Star,,
893,Michael,Jordan,,NBA All-Star,,1995-96,,,,Award,All-Star,,
893,Michael,Jordan,,NBA All-Star,,1996-97,,,,Award,All-Star,,
893,Michael,Jordan,,NBA All-Star,,1997-98,,,,Award,All-Star,,
893,Michael,Jordan,,NBA All-Star,,2001-02,,,,Award,All-Star,,
893,Michael,Jordan,,NBA All-Star,,2002-03,,,,Award,All-Star,,
893,Michael,Jordan,,NBA All-Star,,1985-86,,,,Award,All-Star,,
893,Michael,Jordan,Chicago Bulls,NBA Champion,,1990-91,,,,Award,Champion,,
893,Michael,Jordan,Chicago Bulls,NBA Champion,,1991-92,,,,Award,Champion,,
893,Michael,Jordan,Chicago Bulls,NBA Champion,,1992-93,,,,Award,Champion,,
893,Michael,Jordan,Chicago Bulls,NBA Champion,,1995-96,,,,Award,Champion,,
893,Michael,Jordan,Chicago Bulls,NBA Champion,,1996-97,,,,Award,Champion,,
893,Michael,Jordan,Chicago Bulls,NBA Champion,,1997-98,,,,Award,Champion,,
894,Ricky,Pierce,Milwaukee Bucks,NBA Player of the Week,,1990-91,,1990-12-30T00:00:00,,Award,Kia Motors,KIPWK,
894,Ricky,Pierce,Milwaukee Bucks,NBA Sixth Man of the Year,,1986-87,,,,Award,Sporting News,KISMY,
894,Ricky,Pierce,Milwaukee Bucks,NBA Sixth Man of the Year,,1989-90,,,,Award,Sporting News,KISMY,
894,Ricky,Pierce,,NBA All-Star,,1990-91,,,,Award,All-Star,,
896,Tim,Hardaway,Golden State Warriors,All-NBA,2,1991-92,,,1610612744,Award,Kia Motors,KIANT,
896,Tim,Hardaway,Golden State Warriors,All-NBA,3,1992-93,,,1610612744,Award,Kia Motors,KIANT,
896,Tim,Hardaway,Miami Heat,All-NBA,1,1996-97,,,1610612748,Award,Kia Motors,KIANT,
896,Tim,Hardaway,Miami Heat,All-NBA,2,1997-98,,,1610612748,Award,Kia Motors,KIANT,
896,Tim,Hardaway,Miami Heat,All-NBA,2,1998-99,,,1610612748,Award,Kia Motors,KIANT,
896,Tim,Hardaway,Golden State Warriors,All-Rookie Team,1,1989-90,,,1610612744,Award,Kia Motors,KIART,
896,Tim,Hardaway,Golden State Warriors,NBA Player of the Week,,1989-90,,1990-02-04T00:00:00,,Award,Kia Motors,KIPWK,
896,Tim,Hardaway,Golden State Warriors,NBA Player of the Week,,1990-91,,1991-01-20T00:00:00,,Award,Kia Motors,KIPWK,
896,Tim,Hardaway,Golden State Warriors,NBA Player of the Week,,1991-92,,1992-01-19T00:00:00,,Award,Kia Motors,KIPWK,
896,Tim,Hardaway,Golden State Warriors,NBA Player of the Week,,1991-92,,1992-02-23T00:00:00,,Award,Kia Motors,KIPWK,
896,Tim,Hardaway,Golden State Warriors,NBA Player of the Week,,1994-95,,1994-11-13T00:00:00,,Award,Kia Motors,KIPWK,
896,Tim,Hardaway,Miami Heat,NBA Player of the Week,,1996-97,,1996-12-29T00:00:00,,Award,Kia Motors,KIPWK,
896,Tim,Hardaway,USA,Olympic Gold Medal,,2000,,,,Award,Olympic,Gold,
896,Tim,Hardaway,,NBA All-Star,,1996-97,,,,Award,All-Star,,
896,Tim,Hardaway,,NBA All-Star,,1997-98,,,,Award,All-Star,,
896,Tim,Hardaway,,NBA All-Star,,1990-91,,,,Award,All-Star,,
896,Tim,Hardaway,,NBA All-Star,,1991-92,,,,Award,All-Star,,
896,Tim,Hardaway,,NBA All-Star,,1992-93,,,,Award,All-Star,,
898,Blue,Edwards,Utah Jazz,All-Rookie Team,2,1989-90,,,1610612762,Award,Kia Motors,KIART,
899,Mark,Price,Cleveland Cavaliers,All-NBA,3,1988-89,,,1610612739,Award,Kia Motors,KIANT,
899,Mark,Price,Cleveland Cavaliers,All-NBA,3,1991-92,,,1610612739,Award,Kia Motors,KIANT,
899,Mark,Price,Cleveland Cavaliers,All-NBA,1,1992-93,,,1610612739,Award,Kia Motors,KIANT,
899,Mark,Price,Cleveland Cavaliers,All-NBA,3,1993-94,,,1610612739,Award,Kia Motors,KIANT,
899,Mark,Price,,NBA All-Star,,1988-89,,,,Award,All-Star,,
899,Mark,Price,,NBA All-Star,,1991-92,,,,Award,All-Star,,
899,Mark,Price,,NBA All-Star,,1992-93,,,,Award,All-Star,,
899,Mark,Price,,NBA All-Star,,1993-94,,,,Award,All-Star,,
1631105,Jalen,Duren,Detroit Pistons,All-Rookie Team,2,2022-23,,,East,Award,Kia Motors,KIART,
901,Otis,Thorpe,Sacramento Kings,NBA Player of the Week,,1986-87,,1987-01-18T00:00:00,,Award,Kia Motors,KIPWK,
901,Otis,Thorpe,Houston Rockets,NBA Player of the Week,,1990-91,,1991-02-03T00:00:00,,Award,Kia Motors,KIPWK,
901,Otis,Thorpe,,NBA All-Star,,1991-92,,,,Award,All-Star,,
901,Otis,Thorpe,Houston Rockets,NBA Champion,,1993-94,,,,Award,Champion,,
902,Bimbo,Coles,USA,Olympic Bronze Medal,,1988,,,,Award,Olympic,Bronze,
904,Chris,Mullin,Golden State Warriors,All-NBA,2,1988-89,,,1610612744,Award,Kia Motors,KIANT,
904,Chris,Mullin,Golden State Warriors,All-NBA,3,1989-90,,,1610612744,Award,Kia Motors,KIANT,
904,Chris,Mullin,Golden State Warriors,All-NBA,2,1990-91,,,1610612744,Award,Kia Motors,KIANT,
904,Chris,Mullin,Golden State Warriors,All-NBA,1,1991-92,,,1610612744,Award,Kia Motors,KIANT,
904,Chris,Mullin,,Hall of Fame Inductee,,2011,,,,Award,Hall of Fame,,
904,Chris,Mullin,Golden State Warriors,NBA Player of the Month,,1988-89,01/01/1989,,,Award,Kia Motors,KIPMO,
904,Chris,Mullin,Golden State Warriors,NBA Player of the Month,,1990-91,11/01/1990,,,Award,Kia Motors,KIPMO,
904,Chris,Mullin,Golden State Warriors,NBA Player of the Week,,1988-89,,1989-01-22T00:00:00,,Award,Kia Motors,KIPWK,
904,Chris,Mullin,Golden State Warriors,NBA Player of the Week,,1989-90,,1989-12-17T00:00:00,,Award,Kia Motors,KIPWK,
904,Chris,Mullin,Golden State Warriors,NBA Player of the Week,,1990-91,,1990-11-11T00:00:00,,Award,Kia Motors,KIPWK,
904,Chris,Mullin,Golden State Warriors,NBA Player of the Week,,1991-92,,1991-11-10T00:00:00,,Award,Kia Motors,KIPWK,
904,Chris,Mullin,USA,Olympic Gold Medal,,1984,,,,Award,Olympic,Gold,
904,Chris,Mullin,USA,Olympic Gold Medal,,1992,,,,Award,Olympic,Gold,
904,Chris,Mullin,,NBA All-Star,,1988-89,,,,Award,All-Star,,
904,Chris,Mullin,,NBA All-Star,,1989-90,,,,Award,All-Star,,
904,Chris,Mullin,,NBA All-Star,,1990-91,,,,Award,All-Star,,
904,Chris,Mullin,,NBA All-Star,,1991-92,,,,Award,All-Star,,
904,Chris,Mullin,,NBA All-Star,,1992-93,,,,Award,All-Star,,
905,Dale,Davis,,NBA All-Star,,1999-00,,,,Award,All-Star,,
913,Larry,Johnson,Charlotte Hornets,All-NBA,2,1992-93,,,1610612740,Award,Kia Motors,KIANT,
913,Larry,Johnson,Charlotte Hornets,All-Rookie Team,1,1991-92,,,1610612740,Award,Kia Motors,KIART,
913,Larry,Johnson,Charlotte Hornets,NBA Player of the Week,,1991-92,,1992-03-22T00:00:00,,Award,Kia Motors,KIPWK,
913,Larry,Johnson,New Orleans Hornets,NBA Player of the Week,,1992-93,,1993-02-14T00:00:00,,Award,Kia Motors,KIPWK,
913,Larry,Johnson,New Orleans Hornets,NBA Player of the Week,,1992-93,,1993-04-25T00:00:00,,Award,Kia Motors,KIPWK,
913,Larry,Johnson,New Orleans Hornets,NBA Player of the Week,,1994-95,,1995-01-15T00:00:00,,Award,Kia Motors,KIPWK,
913,Larry,Johnson,Charlotte Hornets,NBA Rookie of the Month,,1991-92,02/01/1992,,,Award,Kia Motors,KIRMO,
913,Larry,Johnson,Charlotte Hornets,NBA Rookie of the Month,,1991-92,03/01/1992,,,Award,Kia Motors,KIRMO,
913,Larry,Johnson,Charlotte Hornets,NBA Rookie of the Month,,1991-92,12/01/1991,,,Award,Kia Motors,KIRMO,
913,Larry,Johnson,Charlotte Hornets,NBA Rookie of the Year,,1991-92,,,,Award,Kia Motors,KIROY,
913,Larry,Johnson,Charlotte Hornets,NBA Sporting News Rookie of the Year,,1991-92,,,,Award,Sporting News,SNROY,
913,Larry,Johnson,,NBA All-Star,,1992-93,,,,Award,All-Star,,
913,Larry,Johnson,,NBA All-Star,,1994-95,,,,Award,All-Star,,
914,Stanley,Roberts,Orlando Magic,All-Rookie Team,2,1991-92,,,1610612753,Award,Kia Motors,KIART,
915,Rodney,Rogers,Phoenix Suns,NBA Sixth Man of the Year,,1999-00,,,,Award,Sporting News,KISMY,
919,Loy,Vaught,Los Angeles Clippers,NBA Player of the Week,,1996-97,,1997-03-02T00:00:00,,Award,Kia Motors,KIPWK,
920,AC,Green,Los Angeles Lakers,All-Defensive Team,2,1988-89,,,1610612747,Award,Kia Motors,KIADT,
920,A.C.,Green,,NBA All-Star,,1989-90,,,,Award,All-Star,,
920,A.C.,Green,Los Angeles Lakers,NBA Champion,,1986-87,,,,Award,Champion,,
920,A.C.,Green,Los Angeles Lakers,NBA Champion,,1987-88,,,,Award,Champion,,
920,A.C.,Green,Los Angeles Lakers,NBA Champion,,1999-00,,,,Award,Champion,,
922,Elden,Campbell,Detroit Pistons,NBA Champion,,2003-04,,,,Award,Champion,,
923,Donyell,Marshall,Golden State Warriors,All-Rookie Team,2,1994-95,,,1610612744,Award,Kia Motors,KIART,
927,John,Salley,Chicago Bulls,NBA Champion,,1995-96,,,,Award,Champion,,
927,John,Salley,Detroit Pistons,NBA Champion,,1988-89,,,,Award,Champion,,
927,John,Salley,Detroit Pistons,NBA Champion,,1989-90,,,,Award,Champion,,
927,John,Salley,Los Angeles Lakers,NBA Champion,,1999-00,,,,Award,Champion,,
1631128,Christian,Braun,Denver Nuggets,NBA Champion,,2022-23,,,,Award,Champion,,
931,Don,MacLean,Washington Bullets,NBA Most Improved Player,,1993-94,,,,Award,Kia Motors,KIMIP,
932,Oliver,Miller,Phoenix Suns,NBA Player of the Week,,1993-94,,1994-01-02T00:00:00,,Award,Kia Motors,KIPWK,
934,Derrick,Coleman,New Jersey Nets,All-NBA,3,1992-93,,,1610612751,Award,Kia Motors,KIANT,
934,Derrick,Coleman,New Jersey Nets,All-NBA,3,1993-94,,,1610612751,Award,Kia Motors,KIANT,
934,Derrick,Coleman,New Jersey Nets,All-Rookie Team,1,1990-91,,,1610612751,Award,Kia Motors,KIART,
934,Derrick,Coleman,New Jersey Nets,NBA Rookie of the Month,,1990-91,01/01/1991,,,Award,Kia Motors,KIRMO,
934,Derrick,Coleman,New Jersey Nets,NBA Rookie of the Month,,1990-91,04/01/1991,,,Award,Kia Motors,KIRMO,
934,Derrick,Coleman,New Jersey Nets,NBA Rookie of the Month,,1990-91,11/01/1990,,,Award,Kia Motors,KIRMO,
934,Derrick,Coleman,New Jersey Nets,NBA Rookie of the Year,,1990-91,,,,Award,Kia Motors,KIROY,
934,Derrick,Coleman,New Jersey Nets,NBA Sporting News Rookie of the Year,,1990-91,,,,Award,Sporting News,SNROY,
934,Derrick,Coleman,,NBA All-Star,,1993-94,,,,Award,All-Star,,
937,Scottie,Pippen,Chicago Bulls,All-Defensive Team,2,1990-91,,,1610612741,Award,Kia Motors,KIADT,
937,Scottie,Pippen,Chicago Bulls,All-Defensive Team,1,1991-92,,,1610612741,Award,Kia Motors,KIADT,
937,Scottie,Pippen,Chicago Bulls,All-Defensive Team,1,1992-93,,,1610612741,Award,Kia Motors,KIADT,
937,Scottie,Pippen,Chicago Bulls,All-Defensive Team,1,1993-94,,,1610612741,Award,Kia Motors,KIADT,
937,Scottie,Pippen,Chicago Bulls,All-Defensive Team,1,1994-95,,,1610612741,Award,Kia Motors,KIADT,
937,Scottie,Pippen,Chicago Bulls,All-Defensive Team,1,1995-96,,,1610612741,Award,Kia Motors,KIADT,
937,Scottie,Pippen,Chicago Bulls,All-Defensive Team,1,1996-97,,,1610612741,Award,Kia Motors,KIADT,
937,Scottie,Pippen,Chicago Bulls,All-Defensive Team,1,1997-98,,,1610612741,Award,Kia Motors,KIADT,
937,Scottie,Pippen,Chicago Bulls,All-Defensive Team,1,1998-99,,,1610612741,Award,Kia Motors,KIADT,
937,Scottie,Pippen,Portland Trail Blazers,All-Defensive Team,2,1999-00,,,1610612757,Award,Kia Motors,KIADT,
937,Scottie,Pippen,Chicago Bulls,All-NBA,2,1991-92,,,1610612741,Award,Kia Motors,KIANT,
937,Scottie,Pippen,Chicago Bulls,All-NBA,3,1992-93,,,1610612741,Award,Kia Motors,KIANT,
937,Scottie,Pippen,Chicago Bulls,All-NBA,1,1993-94,,,1610612741,Award,Kia Motors,KIANT,
937,Scottie,Pippen,Chicago Bulls,All-NBA,1,1994-95,,,1610612741,Award,Kia Motors,KIANT,
937,Scottie,Pippen,Chicago Bulls,All-NBA,1,1995-96,,,1610612741,Award,Kia Motors,KIANT,
937,Scottie,Pippen,Chicago Bulls,All-NBA,2,1996-97,,,1610612741,Award,Kia Motors,KIANT,
937,Scottie,Pippen,Chicago Bulls,All-NBA,3,1997-98,,,1610612741,Award,Kia Motors,KIANT,
937,Scottie,Pippen,,Hall of Fame Inductee,,2010,,,,Award,Hall of Fame,,
937,Scottie,Pippen,Chicago Bulls,NBA All-Star Most Valuable Player,,1993-94,,,,Award,Kia Motors,KAMVP,
937,Scottie,Pippen,Chicago Bulls,NBA Player of the Month,,1993-94,04/01/1994,,,Award,Kia Motors,KIPMO,
937,Scottie,Pippen,Chicago Bulls,NBA Player of the Month,,1995-96,12/01/1995,,,Award,Kia Motors,KIPMO,
937,Scottie,Pippen,Chicago Bulls,NBA Player of the Week,,1991-92,,1991-12-29T00:00:00,,Award,Kia Motors,KIPWK,
937,Scottie,Pippen,Chicago Bulls,NBA Player of the Week,,1993-94,,1993-12-26T00:00:00,,Award,Kia Motors,KIPWK,
937,Scottie,Pippen,Chicago Bulls,NBA Player of the Week,,1993-94,,1994-04-17T00:00:00,,Award,Kia Motors,KIPWK,
937,Scottie,Pippen,Chicago Bulls,NBA Player of the Week,,1995-96,,1995-12-17T00:00:00,,Award,Kia Motors,KIPWK,
937,Scottie,Pippen,Chicago Bulls,NBA Player of the Week,,1996-97,,1997-02-23T00:00:00,,Award,Kia Motors,KIPWK,
937,Scottie,Pippen,USA,Olympic Gold Medal,,1992,,,,Award,Olympic,Gold,
937,Scottie,Pippen,USA,Olympic Gold Medal,,1996,,,,Award,Olympic,Gold,
937,Scottie,Pippen,,NBA All-Star,,1989-90,,,,Award,All-Star,,
937,Scottie,Pippen,,NBA All-Star,,1991-92,,,,Award,All-Star,,
937,Scottie,Pippen,,NBA All-Star,,1992-93,,,,Award,All-Star,,
937,Scottie,Pippen,,NBA All-Star,,1993-94,,,,Award,All-Star,,
937,Scottie,Pippen,,NBA All-Star,,1994-95,,,,Award,All-Star,,
937,Scottie,Pippen,,NBA All-Star,,1995-96,,,,Award,All-Star,,
937,Scottie,Pippen,,NBA All-Star,,1996-97,,,,Award,All-Star,,
937,Scottie,Pippen,Chicago Bulls,NBA Champion,,1990-91,,,,Award,Champion,,
937,Scottie,Pippen,Chicago Bulls,NBA Champion,,1991-92,,,,Award,Champion,,
937,Scottie,Pippen,Chicago Bulls,NBA Champion,,1992-93,,,,Award,Champion,,
937,Scottie,Pippen,Chicago Bulls,NBA Champion,,1995-96,,,,Award,Champion,,
937,Scottie,Pippen,Chicago Bulls,NBA Champion,,1996-97,,,,Award,Champion,,
937,Scottie,Pippen,Chicago Bulls,NBA Champion,,1997-98,,,,Award,Champion,,
938,Rony,Seikaly,Miami Heat,NBA Most Improved Player,,1989-90,,,,Award,Kia Motors,KIMIP,
938,Rony,Seikaly,Miami Heat,NBA Player of the Week,,1989-90,,1990-03-11T00:00:00,,Award,Kia Motors,KIPWK,
938,Rony,Seikaly,Miami Heat,NBA Player of the Week,,1992-93,,1993-03-07T00:00:00,,Award,Kia Motors,KIPWK,
947,Allen,Iverson,Philadelphia 76ers,All-NBA,1,1998-99,,,1610612755,Award,Kia Motors,KIANT,
947,Allen,Iverson,Philadelphia 76ers,All-NBA,2,1999-00,,,1610612755,Award,Kia Motors,KIANT,
947,Allen,Iverson,Philadelphia 76ers,All-NBA,1,2000-01,,,1610612755,Award,Kia Motors,KIANT,
947,Allen,Iverson,Philadelphia 76ers,All-NBA,2,2001-02,,,1610612755,Award,Kia Motors,KIANT,
947,Allen,Iverson,Philadelphia 76ers,All-NBA,2,2002-03,,,1610612755,Award,Kia Motors,KIANT,
947,Allen,Iverson,Philadelphia 76ers,All-NBA,1,2004-05,,,1610612755,Award,Kia Motors,KIANT,
947,Allen,Iverson,Philadelphia 76ers,All-NBA,3,2005-06,,,1610612755,Award,Kia Motors,KIANT,
947,Allen,Iverson,Philadelphia 76ers,All-Rookie Team,1,1996-97,,,1610612755,Award,Kia Motors,KIART,
947,Allen,Iverson,,Hall of Fame Inductee,,2016,,,,Award,Hall of Fame,,
947,Allen,Iverson,Philadelphia 76ers,NBA All-Star Most Valuable Player,,2000-01,,,,Award,Kia Motors,KAMVP,
947,Allen,Iverson,Philadelphia 76ers,NBA All-Star Most Valuable Player,,2004-05,,,,Award,Kia Motors,KAMVP,
947,Allen,Iverson,Philadelphia 76ers,NBA Most Valuable Player,,2000-01,,,,Award,Kia Motors,KIMVP,
947,Allen,Iverson,Philadelphia 76ers,NBA Player of the Month,,1998-99,02/01/1999,,,Award,Kia Motors,KIPMO,
947,Allen,Iverson,Philadelphia 76ers,NBA Player of the Month,,2000-01,01/01/2001,,,Award,Kia Motors,KIPMO,
947,Allen,Iverson,Philadelphia 76ers,NBA Player of the Month,,2001-02,01/01/2002,,East,Award,Kia Motors,KIPMO,
947,Allen,Iverson,Philadelphia 76ers,NBA Player of the Month,,2004-05,04/01/2005,,East,Award,Kia Motors,KIPMO,
947,Allen,Iverson,Philadelphia 76ers,NBA Player of the Week,,1996-97,,1997-04-13T00:00:00,,Award,Kia Motors,KIPWK,
947,Allen,Iverson,Philadelphia 76ers,NBA Player of the Week,,1997-98,,1998-01-18T00:00:00,,Award,Kia Motors,KIPWK,
947,Allen,Iverson,Philadelphia 76ers,NBA Player of the Week,,2000-01,,2001-01-07T00:00:00,,Award,Kia Motors,KIPWK,
947,Allen,Iverson,Philadelphia 76ers,NBA Player of the Week,,2000-01,,2001-02-18T00:00:00,,Award,Kia Motors,KIPWK,
947,Allen,Iverson,Philadelphia 76ers,NBA Player of the Week,,2001-02,,2001-11-18T00:00:00,East,Award,Kia Motors,KIPWK,
947,Allen,Iverson,Philadelphia 76ers,NBA Player of the Week,,2001-02,,2002-01-20T00:00:00,East,Award,Kia Motors,KIPWK,
947,Allen,Iverson,Philadelphia 76ers,NBA Player of the Week,,2001-02,,2002-01-27T00:00:00,East,Award,Kia Motors,KIPWK,
947,Allen,Iverson,Philadelphia 76ers,NBA Player of the Week,,2001-02,,2002-03-03T00:00:00,East,Award,Kia Motors,KIPWK,
947,Allen,Iverson,Philadelphia 76ers,NBA Player of the Week,,2002-03,,2002-11-24T00:00:00,East,Award,Kia Motors,KIPWK,
947,Allen,Iverson,Philadelphia 76ers,NBA Player of the Week,,2002-03,,2002-12-01T00:00:00,East,Award,Kia Motors,KIPWK,
947,Allen,Iverson,Philadelphia 76ers,NBA Player of the Week,,2002-03,,2003-03-16T00:00:00,East,Award,Kia Motors,KIPWK,
947,Allen,Iverson,Philadelphia 76ers,NBA Player of the Week,,2003-04,,2003-11-16T00:00:00,East,Award,Kia Motors,KIPWK,
947,Allen,Iverson,Philadelphia 76ers,NBA Player of the Week,,2004-05,,2004-12-26T00:00:00,East,Award,Kia Motors,KIPWK,
947,Allen,Iverson,Philadelphia 76ers,NBA Player of the Week,,2004-05,,2005-02-13T00:00:00,East,Award,Kia Motors,KIPWK,
947,Allen,Iverson,Philadelphia 76ers,NBA Player of the Week,,2004-05,,2005-03-06T00:00:00,East,Award,Kia Motors,KIPWK,
947,Allen,Iverson,Philadelphia 76ers,NBA Player of the Week,,2004-05,,2005-03-27T00:00:00,East,Award,Kia Motors,KIPWK,
947,Allen,Iverson,Philadelphia 76ers,NBA Player of the Week,,2005-06,,2005-12-12T00:00:00,East,Award,Kia Motors,KIPWK,
947,Allen,Iverson,Philadelphia 76ers,NBA Player of the Week,,2005-06,,2006-01-15T00:00:00,East,Award,Kia Motors,KIPWK,
947,Allen,Iverson,Philadelphia 76ers,NBA Player of the Week,,2005-06,,2006-03-05T00:00:00,East,Award,Kia Motors,KIPWK,
947,Allen,Iverson,Philadelphia 76ers,NBA Player of the Week,,2006-07,,2006-11-06T00:00:00,East,Award,Kia Motors,KIPWK,
947,Allen,Iverson,Denver Nuggets,NBA Player of the Week,,2007-08,,2007-11-18T00:00:00,West,Award,Kia Motors,KIPWK,
947,Allen,Iverson,Denver Nuggets,NBA Player of the Week,,2007-08,,2008-01-06T00:00:00,West,Award,Kia Motors,KIPWK,
947,Allen,Iverson,Denver Nuggets,NBA Player of the Week,,2007-08,,2008-04-13T00:00:00,West,Award,Kia Motors,KIPWK,
947,Allen,Iverson,Philadelphia 76ers,NBA Rookie of the Month,,1996-97,04/01/1997,,,Award,Kia Motors,KIRMO,
947,Allen,Iverson,Philadelphia 76ers,NBA Rookie of the Month,,1996-97,11/01/1996,,,Award,Kia Motors,KIRMO,
947,Allen,Iverson,Philadelphia 76ers,NBA Rookie of the Year,,1996-97,,,,Award,Kia Motors,KIROY,
947,Allen,Iverson,Philadelphia 76ers,NBA Sporting News Most Valuable Player of the Year,,2000-01,,,,Award,Sporting News,SNMVP,
947,Allen,Iverson,USA,Olympic Bronze Medal,,2004,,,,Award,Olympic,Bronze,
947,Allen,Iverson,,NBA All-Star,,1999-00,,,,Award,All-Star,,
947,Allen,Iverson,,NBA All-Star,,2000-01,,,,Award,All-Star,,
947,Allen,Iverson,,NBA All-Star,,2001-02,,,,Award,All-Star,,
947,Allen,Iverson,,NBA All-Star,,2002-03,,,,Award,All-Star,,
947,Allen,Iverson,,NBA All-Star,,2003-04,,,,Award,All-Star,,
947,Allen,Iverson,,NBA All-Star,,2004-05,,,,Award,All-Star,,
947,Allen,Iverson,,NBA All-Star,,2005-06,,,,Award,All-Star,,
947,Allen,Iverson,,NBA All-Star,,2008-09,,,,Award,All-Star,,
947,Allen,Iverson,,NBA All-Star,,2009-10,,,,Award,All-Star,,
947,Allen,Iverson,,NBA All-Star,,2007-08,,,,Award,All-Star,,
947,Allen,Iverson,,NBA All-Star,,2006-07,,,,Award,All-Star,,
948,Marcus,Camby,Denver Nuggets,All-Defensive Team,2,2004-05,,,1610612743,Award,Kia Motors,KIADT,
948,Marcus,Camby,Denver Nuggets,All-Defensive Team,2,2005-06,,,1610612743,Award,Kia Motors,KIADT,
948,Marcus,Camby,Denver Nuggets,All-Defensive Team,1,2006-07,,,1610612743,Award,Kia Motors,KIADT,
948,Marcus,Camby,Denver Nuggets,All-Defensive Team,1,2007-08,,,1610612743,Award,Kia Motors,KIADT,
948,Marcus,Camby,Toronto Raptors,All-Rookie Team,1,1996-97,,,1610612761,Award,Kia Motors,KIART,
948,Marcus,Camby,Denver Nuggets,NBA Defensive Player of the Year,,2006-07,,,,Award,Kia Motors,KDPYR,
948,Marcus,Camby,Denver Nuggets,NBA Player of the Week,,2004-05,,2005-03-06T00:00:00,West,Award,Kia Motors,KIPWK,
948,Marcus,Camby,Denver Nuggets,NBA Player of the Week,,2005-06,,2005-11-14T00:00:00,West,Award,Kia Motors,KIPWK,
948,Marcus,Camby,Toronto Raptors,NBA Rookie of the Month,,1996-97,03/01/1997,,,Award,Kia Motors,KIRMO,
949,Shareef,Abdur-Rahim,Vancouver Grizzlies,All-Rookie Team,1,1996-97,,,1610612763,Award,Kia Motors,KIART,
949,Shareef,Abdur-Rahim,Atlanta Hawks,NBA Player of the Week,,2001-02,,2001-11-25T00:00:00,East,Award,Kia Motors,KIPWK,
949,Shareef,Abdur-Rahim,Vancouver Grizzlies,NBA Rookie of the Month,,1996-97,02/01/1997,,,Award,Kia Motors,KIRMO,
949,Shareef,Abdur-Rahim,Vancouver Grizzlies,NBA Rookie of the Month,,1996-97,12/01/1996,,,Award,Kia Motors,KIRMO,
949,Shareef,Abdur-Rahim,Vancouver Grizzlies,NBA Sporting News Rookie of the Year,,1996-97,,,,Award,Sporting News,SNROY,
949,Shareef,Abdur-Rahim,USA,Olympic Gold Medal,,2000,,,,Award,Olympic,Gold,
949,Shareef,Abdur-Rahim,,NBA All-Star,,2001-02,,,,Award,All-Star,,
950,Stephon,Marbury,New Jersey Nets,All-NBA,3,1999-00,,,1610612751,Award,Kia Motors,KIANT,
950,Stephon,Marbury,Phoenix Suns,All-NBA,3,2002-03,,,1610612756,Award,Kia Motors,KIANT,
950,Stephon,Marbury,Minnesota Timberwolves,All-Rookie Team,1,1996-97,,,1610612750,Award,Kia Motors,KIART,
950,Stephon,Marbury,Minnesota Timberwolves,NBA Player of the Week,,1998-99,,1999-02-21T00:00:00,,Award,Kia Motors,KIPWK,
950,Stephon,Marbury,New Jersey Nets,NBA Player of the Week,,2000-01,,2000-11-12T00:00:00,,Award,Kia Motors,KIPWK,
950,Stephon,Marbury,Phoenix Suns,NBA Player of the Week,,2001-02,,2001-12-02T00:00:00,West,Award,Kia Motors,KIPWK,
950,Stephon,Marbury,Phoenix Suns,NBA Player of the Week,,2002-03,,2002-12-01T00:00:00,West,Award,Kia Motors,KIPWK,
950,Stephon,Marbury,Phoenix Suns,NBA Player of the Week,,2002-03,,2003-01-12T00:00:00,West,Award,Kia Motors,KIPWK,
950,Stephon,Marbury,New York Knicks,NBA Player of the Week,,2003-04,,2004-01-18T00:00:00,East,Award,Kia Motors,KIPWK,
950,Stephon,Marbury,New York Knicks,NBA Player of the Week,,2004-05,,2005-01-02T00:00:00,East,Award,Kia Motors,KIPWK,
950,Stephon,Marbury,Minnesota Timberwolves,NBA Rookie of the Month,,1996-97,01/01/1997,,,Award,Kia Motors,KIRMO,
950,Stephon,Marbury,USA,Olympic Bronze Medal,,2004,,,,Award,Olympic,Bronze,
950,Stephon,Marbury,,NBA All-Star,,2000-01,,,,Award,All-Star,,
950,Stephon,Marbury,,NBA All-Star,,2002-03,,,,Award,All-Star,,
951,Ray,Allen,Milwaukee Bucks,All-NBA,3,2000-01,,,1610612749,Award,Kia Motors,KIANT,
951,Ray,Allen,Seattle SuperSonics,All-NBA,2,2004-05,,,1610612760,Award,Kia Motors,KIANT,
951,Ray,Allen,Milwaukee Bucks,All-Rookie Team,2,1996-97,,,1610612749,Award,Kia Motors,KIART,
951,Ray,Allen,,Hall of Fame Inductee,,2018,,,,Award,Hall of Fame,,
951,Ray,Allen,Milwaukee Bucks,NBA Player of the Week,,2000-01,,2001-04-15T00:00:00,,Award,Kia Motors,KIPWK,
951,Ray,Allen,Milwaukee Bucks,NBA Player of the Week,,2001-02,,2001-11-04T00:00:00,East,Award,Kia Motors,KIPWK,
951,Ray,Allen,Milwaukee Bucks,NBA Player of the Week,,2001-02,,2002-01-13T00:00:00,East,Award,Kia Motors,KIPWK,
951,Ray,Allen,Seattle SuperSonics,NBA Player of the Week,,2002-03,,2003-03-02T00:00:00,West,Award,Kia Motors,KIPWK,
951,Ray,Allen,Seattle SuperSonics,NBA Player of the Week,,2003-04,,2004-01-11T00:00:00,West,Award,Kia Motors,KIPWK,
951,Ray,Allen,Seattle SuperSonics,NBA Player of the Week,,2004-05,,2004-11-14T00:00:00,West,Award,Kia Motors,KIPWK,
951,Ray,Allen,Seattle SuperSonics,NBA Player of the Week,,2004-05,,2005-03-27T00:00:00,West,Award,Kia Motors,KIPWK,
951,Ray,Allen,Seattle SuperSonics,NBA Sportsmanship,,2002-03,,,,Award,Kia Motors,KSPRT,
951,Ray,Allen,USA,Olympic Gold Medal,,2000,,,,Award,Olympic,Gold,
951,Ray,Allen,,NBA All-Star,,1999-00,,,,Award,All-Star,,
951,Ray,Allen,,NBA All-Star,,2000-01,,,,Award,All-Star,,
951,Ray,Allen,,NBA All-Star,,2001-02,,,,Award,All-Star,,
951,Ray,Allen,,NBA All-Star,,2007-08,,,,Award,All-Star,,
951,Ray,Allen,,NBA All-Star,,2008-09,,,,Award,All-Star,,
951,Ray,Allen,,NBA All-Star,,2010-11,,,,Award,All-Star,,
951,Ray,Allen,,NBA All-Star,,2003-04,,,,Award,All-Star,,
951,Ray,Allen,,NBA All-Star,,2004-05,,,,Award,All-Star,,
951,Ray,Allen,,NBA All-Star,,2005-06,,,,Award,All-Star,,
951,Ray,Allen,,NBA All-Star,,2006-07,,,,Award,All-Star,,
951,Ray,Allen,Boston Celtics,NBA Champion,,2007-08,,,,Award,Champion,,
951,Ray,Allen,Miami Heat,NBA Champion,,2012-13,,,,Award,Champion,,
952,Antoine,Walker,Boston Celtics,All-Rookie Team,1,1996-97,,,1610612738,Award,Kia Motors,KIART,
952,Antoine,Walker,Boston Celtics,NBA Player of the Month,,2001-02,12/01/2001,,East,Award,Kia Motors,KIPMO,
952,Antoine,Walker,Boston Celtics,NBA Player of the Week,,2002-03,,2002-12-15T00:00:00,East,Award,Kia Motors,KIPWK,
952,Antoine,Walker,Boston Celtics,NBA Player of the Week,,2002-03,,2003-01-19T00:00:00,East,Award,Kia Motors,KIPWK,
952,Antoine,Walker,,NBA All-Star,,1997-98,,,,Award,All-Star,,
952,Antoine,Walker,,NBA All-Star,,2001-02,,,,Award,All-Star,,
952,Antoine,Walker,,NBA All-Star,,2002-03,,,,Award,All-Star,,
952,Antoine,Walker,Miami Heat,NBA Champion,,2005-06,,,,Award,Champion,,
954,Kerry,Kittles,New Jersey Nets,All-Rookie Team,2,1996-97,,,1610612751,Award,Kia Motors,KIART,
954,Kerry,Kittles,New Jersey Nets,NBA Rookie of the Month,,1996-97,12/01/1996,,,Award,Kia Motors,KIRMO,
955,Samaki,Walker,Los Angeles Lakers,NBA Champion,,2001-02,,,,Award,Champion,,
959,Steve,Nash,Dallas Mavericks,All-NBA,3,2001-02,,,1610612742,Award,Kia Motors,KIANT,
959,Steve,Nash,Dallas Mavericks,All-NBA,3,2002-03,,,1610612742,Award,Kia Motors,KIANT,
959,Steve,Nash,Phoenix Suns,All-NBA,1,2004-05,,,1610612756,Award,Kia Motors,KIANT,
959,Steve,Nash,Phoenix Suns,All-NBA,1,2005-06,,,1610612756,Award,Kia Motors,KIANT,
959,Steve,Nash,Phoenix Suns,All-NBA,1,2006-07,,,1610612756,Award,Kia Motors,KIANT,
959,Steve,Nash,Phoenix Suns,All-NBA,2,2007-08,,,1610612756,Award,Kia Motors,KIANT,
959,Steve,Nash,Phoenix Suns,All-NBA,2,2009-10,,,1610612756,Award,Kia Motors,KIANT,
959,Steve,Nash,,Hall of Fame Inductee,,2018,,,,Award,Hall of Fame,,
959,Steve,Nash,Phoenix Suns,J. Walter Kennedy Citizenship,,2006-07,,,,Award,Kia Motors,KIWKC,
959,Steve,Nash,Phoenix Suns,NBA Most Valuable Player,,2004-05,,,,Award,Kia Motors,KIMVP,
959,Steve,Nash,Phoenix Suns,NBA Most Valuable Player,,2005-06,,,,Award,Kia Motors,KIMVP,
959,Steve,Nash,Dallas Mavericks,NBA Player of the Month,,2002-03,11/01/2002,,West,Award,Kia Motors,KIPMO,
959,Steve,Nash,Phoenix Suns,NBA Player of the Month,,2004-05,11/01/2004,,West,Award,Kia Motors,KIPMO,
959,Steve,Nash,Phoenix Suns,NBA Player of the Month,,2006-07,01/01/2007,,West,Award,Kia Motors,KIPMO,
959,Steve,Nash,Dallas Mavericks,NBA Player of the Week,,2001-02,,2001-12-16T00:00:00,West,Award,Kia Motors,KIPWK,
959,Steve,Nash,Phoenix Suns,NBA Player of the Week,,2004-05,,2004-12-26T00:00:00,West,Award,Kia Motors,KIPWK,
959,Steve,Nash,Phoenix Suns,NBA Player of the Week,,2004-05,,2005-02-13T00:00:00,West,Award,Kia Motors,KIPWK,
959,Steve,Nash,Phoenix Suns,NBA Player of the Week,,2005-06,,2005-11-28T00:00:00,West,Award,Kia Motors,KIPWK,
959,Steve,Nash,Phoenix Suns,NBA Player of the Week,,2005-06,,2006-01-08T00:00:00,West,Award,Kia Motors,KIPWK,
959,Steve,Nash,Phoenix Suns,NBA Player of the Week,,2006-07,,2006-12-10T00:00:00,West,Award,Kia Motors,KIPWK,
959,Steve,Nash,Phoenix Suns,NBA Player of the Week,,2006-07,,2007-01-21T00:00:00,West,Award,Kia Motors,KIPWK,
959,Steve,Nash,Phoenix Suns,NBA Player of the Week,,2006-07,,2007-01-28T00:00:00,West,Award,Kia Motors,KIPWK,
959,Steve,Nash,Phoenix Suns,NBA Sporting News Most Valuable Player of the Year,,2005-06,,,,Award,Sporting News,SNMVP,
959,Steve,Nash,Canada,Olympic Appearance,,2000,,,,Award,Olympic,Appearance,
959,Steve,Nash,,NBA All-Star,,2001-02,,,,Award,All-Star,,
959,Steve,Nash,,NBA All-Star,,2002-03,,,,Award,All-Star,,
959,Steve,Nash,,NBA All-Star,,2004-05,,,,Award,All-Star,,
959,Steve,Nash,,NBA All-Star,,2005-06,,,,Award,All-Star,,
959,Steve,Nash,,NBA All-Star,,2007-08,,,,Award,All-Star,,
959,Steve,Nash,,NBA All-Star,,2009-10,,,,Award,All-Star,,
959,Steve,Nash,,NBA All-Star,,2011-12,,,,Award,All-Star,,
959,Steve,Nash,,NBA All-Star,,2006-07,,,,Award,All-Star,,
965,Derek,Fisher,Los Angeles Lakers,NBA Champion,,1999-00,,,,Award,Champion,,
965,Derek,Fisher,Los Angeles Lakers,NBA Champion,,2000-01,,,,Award,Champion,,
965,Derek,Fisher,Los Angeles Lakers,NBA Champion,,2001-02,,,,Award,Champion,,
965,Derek,Fisher,Los Angeles Lakers,NBA Champion,,2008-09,,,,Award,Champion,,
965,Derek,Fisher,Los Angeles Lakers,NBA Champion,,2009-10,,,,Award,Champion,,
969,Travis,Knight,Los Angeles Lakers,All-Rookie Team,2,1996-97,,,1610612747,Award,Kia Motors,KIART,
969,Travis,Knight,Los Angeles Lakers,NBA Champion,,1999-00,,,,Award,Champion,,
977,Kobe,Bryant,Los Angeles Lakers,All-Defensive Team,1,1999-00,,,1610612747,Award,Kia Motors,KIADT,
977,Kobe,Bryant,Los Angeles Lakers,All-Defensive Team,2,2000-01,,,1610612747,Award,Kia Motors,KIADT,
977,Kobe,Bryant,Los Angeles Lakers,All-Defensive Team,2,2001-02,,,1610612747,Award,Kia Motors,KIADT,
977,Kobe,Bryant,Los Angeles Lakers,All-Defensive Team,1,2002-03,,,1610612747,Award,Kia Motors,KIADT,
977,Kobe,Bryant,Los Angeles Lakers,All-Defensive Team,1,2003-04,,,1610612747,Award,Kia Motors,KIADT,
977,Kobe,Bryant,Los Angeles Lakers,All-Defensive Team,1,2005-06,,,1610612747,Award,Kia Motors,KIADT,
977,Kobe,Bryant,Los Angeles Lakers,All-Defensive Team,1,2006-07,,,1610612747,Award,Kia Motors,KIADT,
977,Kobe,Bryant,Los Angeles Lakers,All-Defensive Team,1,2007-08,,,1610612747,Award,Kia Motors,KIADT,
977,Kobe,Bryant,Los Angeles Lakers,All-Defensive Team,1,2008-09,,,1610612747,Award,Kia Motors,KIADT,
977,Kobe,Bryant,Los Angeles Lakers,All-Defensive Team,1,2009-10,,,1610612747,Award,Kia Motors,KIADT,
977,Kobe,Bryant,Los Angeles Lakers,All-Defensive Team,1,2010-11,,,1610612747,Award,Kia Motors,KIADT,
977,Kobe,Bryant,Los Angeles Lakers,All-Defensive Team,2,2011-12,,,1610612747,Award,Kia Motors,KIADT,
977,Kobe,Bryant,Los Angeles Lakers,All-NBA,3,1998-99,,,1610612747,Award,Kia Motors,KIANT,
977,Kobe,Bryant,Los Angeles Lakers,All-NBA,2,1999-00,,,1610612747,Award,Kia Motors,KIANT,
977,Kobe,Bryant,Los Angeles Lakers,All-NBA,2,2000-01,,,1610612747,Award,Kia Motors,KIANT,
977,Kobe,Bryant,Los Angeles Lakers,All-NBA,1,2001-02,,,1610612747,Award,Kia Motors,KIANT,
977,Kobe,Bryant,Los Angeles Lakers,All-NBA,1,2002-03,,,1610612747,Award,Kia Motors,KIANT,
977,Kobe,Bryant,Los Angeles Lakers,All-NBA,1,2003-04,,,1610612747,Award,Kia Motors,KIANT,
977,Kobe,Bryant,Los Angeles Lakers,All-NBA,3,2004-05,,,1610612747,Award,Kia Motors,KIANT,
977,Kobe,Bryant,Los Angeles Lakers,All-NBA,1,2005-06,,,1610612747,Award,Kia Motors,KIANT,
977,Kobe,Bryant,Los Angeles Lakers,All-NBA,1,2006-07,,,1610612747,Award,Kia Motors,KIANT,
977,Kobe,Bryant,Los Angeles Lakers,All-NBA,1,2007-08,,,1610612747,Award,Kia Motors,KIANT,
977,Kobe,Bryant,Los Angeles Lakers,All-NBA,1,2008-09,,,1610612747,Award,Kia Motors,KIANT,
977,Kobe,Bryant,Los Angeles Lakers,All-NBA,1,2009-10,,,1610612747,Award,Kia Motors,KIANT,
977,Kobe,Bryant,Los Angeles Lakers,All-NBA,1,2010-11,,,1610612747,Award,Kia Motors,KIANT,
977,Kobe,Bryant,Los Angeles Lakers,All-NBA,1,2011-12,,,1610612747,Award,Kia Motors,KIANT,
977,Kobe,Bryant,Los Angeles Lakers,All-NBA,1,2012-13,,,1610612747,Award,Kia Motors,KIANT,
977,Kobe,Bryant,Los Angeles Lakers,All-Rookie Team,2,1996-97,,,1610612747,Award,Kia Motors,KIART,
977,Kobe,Bryant,Los Angeles Lakers,NBA All-Star Most Valuable Player,,2001-02,,,,Award,Kia Motors,KAMVP,
977,Kobe,Bryant,Los Angeles Lakers,NBA All-Star Most Valuable Player,,2006-07,,,,Award,Kia Motors,KAMVP,
977,Kobe,Bryant,Los Angeles Lakers,NBA All-Star Most Valuable Player,,2008-09,,,,Award,Kia Motors,KAMVP,
977,Kobe,Bryant,Los Angeles Lakers,NBA All-Star Most Valuable Player,,2010-11,,,,Award,Kia Motors,KAMVP,
977,Kobe,Bryant,Los Angeles Lakers,NBA Finals Most Valuable Player,,2008-09,,,,Award,Kia Motors,KFMVP,
977,Kobe,Bryant,Los Angeles Lakers,NBA Finals Most Valuable Player,,2009-10,,,,Award,Kia Motors,KFMVP,
977,Kobe,Bryant,Los Angeles Lakers,NBA Most Valuable Player,,2007-08,,,,Award,Kia Motors,KIMVP,
977,Kobe,Bryant,Los Angeles Lakers,NBA Player of the Month,,2000-01,12/01/2000,,,Award,Kia Motors,KIPMO,
977,Kobe,Bryant,Los Angeles Lakers,NBA Player of the Month,,2001-02,11/01/2001,,West,Award,Kia Motors,KIPMO,
977,Kobe,Bryant,Los Angeles Lakers,NBA Player of the Month,,2002-03,01/01/2003,,West,Award,Kia Motors,KIPMO,
977,Kobe,Bryant,Los Angeles Lakers,NBA Player of the Month,,2003-04,03/01/2004,,West,Award,Kia Motors,KIPMO,
977,Kobe,Bryant,Los Angeles Lakers,NBA Player of the Month,,2005-06,01/01/2006,,West,Award,Kia Motors,KIPMO,
977,Kobe,Bryant,Los Angeles Lakers,NBA Player of the Month,,2005-06,04/01/2006,,West,Award,Kia Motors,KIPMO,
977,Kobe,Bryant,Los Angeles Lakers,NBA Player of the Month,,2006-07,03/01/2007,,West,Award,Kia Motors,KIPMO,
977,Kobe,Bryant,Los Angeles Lakers,NBA Player of the Month,,2006-07,04/01/2007,,West,Award,Kia Motors,KIPMO,
977,Kobe,Bryant,Los Angeles Lakers,NBA Player of the Month,,2006-07,12/01/2006,,West,Award,Kia Motors,KIPMO,
977,Kobe,Bryant,Los Angeles Lakers,NBA Player of the Month,,2007-08,02/01/2008,,West,Award,Kia Motors,KIPMO,
977,Kobe,Bryant,Los Angeles Lakers,NBA Player of the Month,,2007-08,04/01/2008,,West,Award,Kia Motors,KIPMO,
977,Kobe,Bryant,Los Angeles Lakers,NBA Player of the Month,,2008-09,01/01/2009,,West,Award,Kia Motors,KIPMO,
977,Kobe,Bryant,Los Angeles Lakers,NBA Player of the Month,,2008-09,12/01/2008,,West,Award,Kia Motors,KIPMO,
977,Kobe,Bryant,Los Angeles Lakers,NBA Player of the Month,,2009-10,12/01/2009,,West,Award,Kia Motors,KIPMO,
977,Kobe,Bryant,Los Angeles Lakers,NBA Player of the Month,,2010-11,03/01/2011,,West,Award,Kia Motors,KIPMO,
977,Kobe,Bryant,Los Angeles Lakers,NBA Player of the Month,,2011-12,01/01/2012,,West,Award,Kia Motors,KIPMO,
977,Kobe,Bryant,Los Angeles Lakers,NBA Player of the Month,,2012-13,02/01/2013,,West,Award,Kia Motors,KIPMO,
977,Kobe,Bryant,Los Angeles Lakers,NBA Player of the Week,,1999-00,,2000-04-17T00:00:00,,Award,Kia Motors,KIPWK,
977,Kobe,Bryant,Los Angeles Lakers,NBA Player of the Week,,2000-01,,2000-12-24T00:00:00,,Award,Kia Motors,KIPWK,
977,Kobe,Bryant,Los Angeles Lakers,NBA Player of the Week,,2001-02,,2001-11-04T00:00:00,West,Award,Kia Motors,KIPWK,
977,Kobe,Bryant,Los Angeles Lakers,NBA Player of the Week,,2001-02,,2002-01-20T00:00:00,West,Award,Kia Motors,KIPWK,
977,Kobe,Bryant,Los Angeles Lakers,NBA Player of the Week,,2002-03,,2002-11-03T00:00:00,West,Award,Kia Motors,KIPWK,
977,Kobe,Bryant,Los Angeles Lakers,NBA Player of the Week,,2002-03,,2002-12-08T00:00:00,West,Award,Kia Motors,KIPWK,
977,Kobe,Bryant,Los Angeles Lakers,NBA Player of the Week,,2002-03,,2003-01-12T00:00:00,West,Award,Kia Motors,KIPWK,
977,Kobe,Bryant,Los Angeles Lakers,NBA Player of the Week,,2002-03,,2003-02-02T00:00:00,West,Award,Kia Motors,KIPWK,
977,Kobe,Bryant,Los Angeles Lakers,NBA Player of the Week,,2002-03,,2003-02-23T00:00:00,West,Award,Kia Motors,KIPWK,
977,Kobe,Bryant,Los Angeles Lakers,NBA Player of the Week,,2003-04,,2004-02-22T00:00:00,West,Award,Kia Motors,KIPWK,
977,Kobe,Bryant,Los Angeles Lakers,NBA Player of the Week,,2003-04,,2004-03-29T00:00:00,West,Award,Kia Motors,KIPWK,
977,Kobe,Bryant,Los Angeles Lakers,NBA Player of the Week,,2005-06,,2005-11-07T00:00:00,West,Award,Kia Motors,KIPWK,
977,Kobe,Bryant,Los Angeles Lakers,NBA Player of the Week,,2005-06,,2005-12-19T00:00:00,West,Award,Kia Motors,KIPWK,
977,Kobe,Bryant,Los Angeles Lakers,NBA Player of the Week,,2005-06,,2005-12-26T00:00:00,West,Award,Kia Motors,KIPWK,
977,Kobe,Bryant,Los Angeles Lakers,NBA Player of the Week,,2005-06,,2006-01-22T00:00:00,West,Award,Kia Motors,KIPWK,
977,Kobe,Bryant,Los Angeles Lakers,NBA Player of the Week,,2005-06,,2006-04-16T00:00:00,West,Award,Kia Motors,KIPWK,
977,Kobe,Bryant,Los Angeles Lakers,NBA Player of the Week,,2006-07,,2007-03-18T00:00:00,West,Award,Kia Motors,KIPWK,
977,Kobe,Bryant,Los Angeles Lakers,NBA Player of the Week,,2006-07,,2007-03-25T00:00:00,West,Award,Kia Motors,KIPWK,
977,Kobe,Bryant,Los Angeles Lakers,NBA Player of the Week,,2007-08,,2008-01-13T00:00:00,West,Award,Kia Motors,KIPWK,
977,Kobe,Bryant,Los Angeles Lakers,NBA Player of the Week,,2007-08,,2008-03-02T00:00:00,West,Award,Kia Motors,KIPWK,
977,Kobe,Bryant,Los Angeles Lakers,NBA Player of the Week,,2007-08,,2008-04-06T00:00:00,West,Award,Kia Motors,KIPWK,
977,Kobe,Bryant,Los Angeles Lakers,NBA Player of the Week,,2008-09,,2008-12-29T00:00:00,West,Award,Kia Motors,KIPWK,
977,Kobe,Bryant,Los Angeles Lakers,NBA Player of the Week,,2008-09,,2009-01-12T00:00:00,West,Award,Kia Motors,KIPWK,
977,Kobe,Bryant,Los Angeles Lakers,NBA Player of the Week,,2008-09,,2009-03-16T00:00:00,West,Award,Kia Motors,KIPWK,
977,Kobe,Bryant,Los Angeles Lakers,NBA Player of the Week,,2009-10,,2009-11-23T00:00:00,West,Award,Kia Motors,KIPWK,
977,Kobe,Bryant,Los Angeles Lakers,NBA Player of the Week,,2009-10,,2009-12-21T00:00:00,West,Award,Kia Motors,KIPWK,
977,Kobe,Bryant,Los Angeles Lakers,NBA Player of the Week,,2009-10,,2009-12-28T00:00:00,West,Award,Kia Motors,KIPWK,
977,Kobe,Bryant,Los Angeles Lakers,NBA Player of the Week,,2011-12,,2012-01-02T00:00:00,West,Award,Kia Motors,KIPWK,
977,Kobe,Bryant,Los Angeles Lakers,NBA Player of the Week,,2011-12,,2012-01-09T00:00:00,West,Award,Kia Motors,KIPWK,
977,Kobe,Bryant,Los Angeles Lakers,NBA Player of the Week,,2012-13,,2013-02-19T00:00:00,West,Award,Kia Motors,KIPWK,
977,Kobe,Bryant,Los Angeles Lakers,NBA Player of the Week,,2012-13,,2013-03-04T00:00:00,West,Award,Kia Motors,KIPWK,
977,Kobe,Bryant,Los Angeles Lakers,NBA Player of the Week,,2012-13,,2013-04-08T00:00:00,,Award,Kia Motors,KIPWK,
977,Kobe,Bryant,USA,Olympic Gold Medal,,2008,,,,Award,Olympic,Gold,
977,Kobe,Bryant,USA,Olympic Gold Medal,,2012,,,,Award,Olympic,Gold,
977,Kobe,Bryant,,NBA All-Star,,1997-98,,,,Award,All-Star,,
977,Kobe,Bryant,,NBA All-Star,,1999-00,,,,Award,All-Star,,
977,Kobe,Bryant,,NBA All-Star,,2000-01,,,,Award,All-Star,,
977,Kobe,Bryant,,NBA All-Star,,2001-02,,,,Award,All-Star,,
977,Kobe,Bryant,,NBA All-Star,,2002-03,,,,Award,All-Star,,
977,Kobe,Bryant,,NBA All-Star,,2003-04,,,,Award,All-Star,,
977,Kobe,Bryant,,NBA All-Star,,2004-05,,,,Award,All-Star,,
977,Kobe,Bryant,,NBA All-Star,,2005-06,,,,Award,All-Star,,
977,Kobe,Bryant,,NBA All-Star,,2006-07,,,,Award,All-Star,,
977,Kobe,Bryant,,NBA All-Star,,2007-08,,,,Award,All-Star,,
977,Kobe,Bryant,,NBA All-Star,,2008-09,,,,Award,All-Star,,
977,Kobe,Bryant,,NBA All-Star,,2009-10,,,,Award,All-Star,,
977,Kobe,Bryant,,NBA All-Star,,2010-11,,,,Award,All-Star,,
977,Kobe,Bryant,,NBA All-Star,,2011-12,,,,Award,All-Star,,
977,Kobe,Bryant,,NBA All-Star,,2012-13,,,,Award,All-Star,,
977,Kobe,Bryant,,NBA All-Star,,2013-14,,,,Award,All-Star,,
977,Kobe,Bryant,,NBA All-Star,,2014-15,,,,Award,All-Star,,
977,Kobe,Bryant,,NBA All-Star,,2015-16,,,,Award,All-Star,,
977,Kobe,Bryant,Los Angeles Lakers,NBA Champion,,1999-00,,,,Award,Champion,,
977,Kobe,Bryant,Los Angeles Lakers,NBA Champion,,2000-01,,,,Award,Champion,,
977,Kobe,Bryant,Los Angeles Lakers,NBA Champion,,2001-02,,,,Award,Champion,,
977,Kobe,Bryant,Los Angeles Lakers,NBA Champion,,2008-09,,,,Award,Champion,,
977,Kobe,Bryant,Los Angeles Lakers,NBA Champion,,2009-10,,,,Award,Champion,,
978,Peja,Stojakovic,Sacramento Kings,All-NBA,2,2003-04,,,1610612758,Award,Kia Motors,KIANT,
978,Peja,Stojakovic,Sacramento Kings,NBA Player of the Month,,2003-04,11/01/2003,,West,Award,Kia Motors,KIPMO,
978,Peja,Stojakovic,Sacramento Kings,NBA Player of the Week,,2002-03,,2003-03-23T00:00:00,West,Award,Kia Motors,KIPWK,
978,Peja,Stojakovic,Sacramento Kings,NBA Player of the Week,,2003-04,,2003-12-14T00:00:00,West,Award,Kia Motors,KIPWK,
978,Peja,Stojakovic,Serbia & Montenegro,Olympic Appearance,,2000,,,,Award,Olympic,Appearance,
978,Peja,Stojakovic,,NBA All-Star,,2001-02,,,,Award,All-Star,,
978,Peja,Stojakovic,,NBA All-Star,,2002-03,,,,Award,All-Star,,
978,Peja,Stojakovic,,NBA All-Star,,2003-04,,,,Award,All-Star,,
978,Peja,Stojakovic,Dallas Mavericks,NBA Champion,,2010-11,,,,Award,Champion,,
979,Jermaine,O'Neal,Indiana Pacers,All-NBA,3,2001-02,,,1610612754,Award,Kia Motors,KIANT,
979,Jermaine,O'Neal,Indiana Pacers,All-NBA,3,2002-03,,,1610612754,Award,Kia Motors,KIANT,
979,Jermaine,O'Neal,Indiana Pacers,All-NBA,2,2003-04,,,1610612754,Award,Kia Motors,KIANT,
979,Jermaine,O'Neal,Los Angeles Lakers,NBA Most Improved Player,,2001-02,,,,Award,Kia Motors,KIMIP,
979,Jermaine,O'Neal,Los Angeles Lakers,NBA Player of the Month,,2002-03,01/01/2003,,West,Award,Kia Motors,KIPMO,
979,Jermaine,O'Neal,Los Angeles Lakers,NBA Player of the Month,,2002-03,04/01/2003,,West,Award,Kia Motors,KIPMO,
979,Jermaine,O'Neal,Los Angeles Lakers,NBA Player of the Month,,2003-04,12/01/2003,,West,Award,Kia Motors,KIPMO,
979,Jermaine,O'Neal,Indiana Pacers,NBA Player of the Week,,2001-02,,2001-12-23T00:00:00,East,Award,Kia Motors,KIPWK,
979,Jermaine,O'Neal,Indiana Pacers,NBA Player of the Week,,2002-03,,2003-01-12T00:00:00,East,Award,Kia Motors,KIPWK,
979,Jermaine,O'Neal,,NBA All-Star,,2001-02,,,,Award,All-Star,,
979,Jermaine,O'Neal,,NBA All-Star,,2002-03,,,,Award,All-Star,,
979,Jermaine,O'Neal,,NBA All-Star,,2003-04,,,,Award,All-Star,,
979,Jermaine,O'Neal,,NBA All-Star,,2004-05,,,,Award,All-Star,,
979,Jermaine,O'Neal,,NBA All-Star,,2006-07,,,,Award,All-Star,,
979,Jermaine,O'Neal,,NBA All-Star,,2005-06,,,,Award,All-Star,,
980,Zydrunas,Ilgauskas,Cleveland Cavaliers,All-Rookie Team,1,1997-98,,,1610612739,Award,Kia Motors,KIART,
980,Zydrunas,Ilgauskas,Cleveland Cavaliers,NBA Player of the Week,,2003-04,,2004-03-14T00:00:00,East,Award,Kia Motors,KIPWK,
980,Zydrunas,Ilgauskas,,NBA All-Star,,2002-03,,,,Award,All-Star,,
980,Zydrunas,Ilgauskas,,NBA All-Star,,2004-05,,,,Award,All-Star,,
990,Malik,Rose,San Antonio Spurs,NBA Champion,,1998-99,,,,Award,Champion,,
990,Malik,Rose,San Antonio Spurs,NBA Champion,,2002-03,,,,Award,Champion,,
1000,Shandon,Anderson,Miami Heat,NBA Champion,,2005-06,,,,Award,Champion,,
1005,Walt,Williams,Sacramento Kings,All-Rookie Team,2,1992-93,,,1610612758,Award,Kia Motors,KIART,
1006,Herb,Williams,Indiana Pacers,NBA Player of the Week,,1985-86,,1986-04-06T00:00:00,,Award,Kia Motors,KIPWK,
1631212,Peyton,Watson,Denver Nuggets,NBA Champion,,2022-23,,,,Award,Champion,,
101153,Mickael,Gelabale,France,Olympic Appearance,,2012,,,,Award,Olympic,Appearance,
1032,Darvin,Ham,Detroit Pistons,NBA Champion,,2003-04,,,,Award,Champion,,
1037,Stojko,Vrankovic,Croatia,Olympic Appearance,,1996,,,,Award,Olympic,Appearance,
1037,Stojko,Vrankovic,Yugoslavia,Olympic Silver Medal,,1988,,,,Award,Olympic,Silver,
1037,Stojko,Vrankovic,Croatia,Olympic Silver Medal,,1992,,,,Award,Olympic,Silver,
1049,Shane,Heal,Australia,Olympic Appearance,,1992,,,,Award,Olympic,Appearance,
1049,Shane,Heal,Australia,Olympic Appearance,,1996,,,,Award,Olympic,Appearance,
1049,Shane,Heal,Australia,Olympic Appearance,,2000,,,,Award,Olympic,Appearance,
1049,Shane,Heal,Australia,Olympic Appearance,,2004,,,,Award,Olympic,Appearance,
1074,Matt,Maloney,Houston Rockets,All-Rookie Team,2,1996-97,,,1610612745,Award,Kia Motors,KIART,
1088,Chucky,Atkins,Orlando Magic,All-Rookie Team,2,1999-00,,,1610612753,Award,Kia Motors,KIART,
1112,Ben,Wallace,Detroit Pistons,All-Defensive Team,1,2001-02,,,1610612765,Award,Kia Motors,KIADT,
1112,Ben,Wallace,Detroit Pistons,All-Defensive Team,1,2002-03,,,1610612765,Award,Kia Motors,KIADT,
1112,Ben,Wallace,Detroit Pistons,All-Defensive Team,1,2003-04,,,1610612765,Award,Kia Motors,KIADT,
1112,Ben,Wallace,Detroit Pistons,All-Defensive Team,1,2004-05,,,1610612765,Award,Kia Motors,KIADT,
1112,Ben,Wallace,Detroit Pistons,All-Defensive Team,1,2005-06,,,1610612765,Award,Kia Motors,KIADT,
1112,Ben,Wallace,Chicago Bulls,All-Defensive Team,2,2006-07,,,1610612741,Award,Kia Motors,KIADT,
1112,Ben,Wallace,Detroit Pistons,All-NBA,3,2001-02,,,1610612765,Award,Kia Motors,KIANT,
1112,Ben,Wallace,Detroit Pistons,All-NBA,2,2002-03,,,1610612765,Award,Kia Motors,KIANT,
1112,Ben,Wallace,Detroit Pistons,All-NBA,2,2003-04,,,1610612765,Award,Kia Motors,KIANT,
1112,Ben,Wallace,Detroit Pistons,All-NBA,3,2004-05,,,1610612765,Award,Kia Motors,KIANT,
1112,Ben,Wallace,Detroit Pistons,All-NBA,2,2005-06,,,1610612765,Award,Kia Motors,KIANT,
1112,Ben,Wallace,Detroit Pistons,NBA Defensive Player of the Year,,2001-02,,,,Award,Kia Motors,KDPYR,
1112,Ben,Wallace,Detroit Pistons,NBA Defensive Player of the Year,,2002-03,,,,Award,Kia Motors,KDPYR,
1112,Ben,Wallace,Detroit Pistons,NBA Defensive Player of the Year,,2004-05,,,,Award,Kia Motors,KDPYR,
1112,Ben,Wallace,Detroit Pistons,NBA Defensive Player of the Year,,2005-06,,,,Award,Kia Motors,KDPYR,
1112,Ben,Wallace,Detroit Pistons,NBA Player of the Month,,2001-02,03/01/2002,,East,Award,Kia Motors,KIPMO,
1112,Ben,Wallace,Detroit Pistons,NBA Player of the Week,,2001-02,,2002-02-24T00:00:00,East,Award,Kia Motors,KIPWK,
1112,Ben,Wallace,Detroit Pistons,NBA Player of the Week,,2001-02,,2002-03-31T00:00:00,East,Award,Kia Motors,KIPWK,
1112,Ben,Wallace,Detroit Pistons,NBA Player of the Week,,2002-03,,2003-03-23T00:00:00,East,Award,Kia Motors,KIPWK,
1112,Ben,Wallace,Detroit Pistons,NBA Player of the Week,,2003-04,,2004-01-04T00:00:00,East,Award,Kia Motors,KIPWK,
1112,Ben,Wallace,Detroit Pistons,NBA Player of the Week,,2003-04,,2004-02-29T00:00:00,East,Award,Kia Motors,KIPWK,
1112,Ben,Wallace,,NBA All-Star,,2002-03,,,,Award,All-Star,,
1112,Ben,Wallace,,NBA All-Star,,2003-04,,,,Award,All-Star,,
1112,Ben,Wallace,,NBA All-Star,,2004-05,,,,Award,All-Star,,
1112,Ben,Wallace,,NBA All-Star,,2005-06,,,,Award,All-Star,,
1112,Ben,Wallace,Detroit Pistons,NBA Champion,,2003-04,,,,Award,Champion,,
1114,Jaren,Jackson,San Antonio Spurs,NBA Champion,,1998-99,,,,Award,Champion,,
1122,Domininque,Wilkins,,Hall of Fame Inductee,,2006,,,,Award,Hall of Fame,,
1122,Dominique,Wilkins,Atlanta Hawks,All-NBA,1,1985-86,,,1610612737,Award,Kia Motors,KIANT,
1122,Dominique,Wilkins,Atlanta Hawks,All-NBA,2,1986-87,,,1610612737,Award,Kia Motors,KIANT,
1122,Dominique,Wilkins,Atlanta Hawks,All-NBA,2,1987-88,,,1610612737,Award,Kia Motors,KIANT,
1122,Dominique,Wilkins,Atlanta Hawks,All-NBA,3,1988-89,,,1610612737,Award,Kia Motors,KIANT,
1122,Dominique,Wilkins,Atlanta Hawks,All-NBA,2,1990-91,,,1610612737,Award,Kia Motors,KIANT,
1122,Dominique,Wilkins,Atlanta Hawks,All-NBA,2,1992-93,,,1610612737,Award,Kia Motors,KIANT,
1122,Dominique,Wilkins,Atlanta Hawks-Los Angeles Clippers,All-NBA,3,1993-94,,,1610612746,Award,Kia Motors,KIANT,
1122,Dominique,Wilkins,Atlanta Hawks,All-Rookie Team,1,1982-83,,,1610612737,Award,Kia Motors,KIART,
1122,Dominique,Wilkins,Atlanta Hawks,NBA Player of the Month,,1985-86,01/01/1986,,,Award,Kia Motors,KIPMO,
1122,Dominique,Wilkins,Atlanta Hawks,NBA Player of the Month,,1990-91,02/01/1991,,,Award,Kia Motors,KIPMO,
1122,Dominique,Wilkins,Atlanta Hawks,NBA Player of the Month,,1992-93,02/01/1993,,,Award,Kia Motors,KIPMO,
1122,Dominique,Wilkins,Atlanta Hawks,NBA Player of the Week,,1983-84,,1984-04-15T00:00:00,,Award,Kia Motors,KIPWK,
1122,Dominique,Wilkins,Atlanta Hawks,NBA Player of the Week,,1984-85,,1985-02-03T00:00:00,,Award,Kia Motors,KIPWK,
1122,Dominique,Wilkins,Atlanta Hawks,NBA Player of the Week,,1985-86,,1985-12-29T00:00:00,,Award,Kia Motors,KIPWK,
1122,Dominique,Wilkins,Atlanta Hawks,NBA Player of the Week,,1985-86,,1986-04-13T00:00:00,,Award,Kia Motors,KIPWK,
1122,Dominique,Wilkins,Atlanta Hawks,NBA Player of the Week,,1986-87,,1986-12-14T00:00:00,,Award,Kia Motors,KIPWK,
1122,Dominique,Wilkins,Atlanta Hawks,NBA Player of the Week,,1987-88,,1987-12-27T00:00:00,,Award,Kia Motors,KIPWK,
1122,Dominique,Wilkins,Atlanta Hawks,NBA Player of the Week,,1987-88,,1988-01-17T00:00:00,,Award,Kia Motors,KIPWK,
1122,Dominique,Wilkins,Atlanta Hawks,NBA Player of the Week,,1987-88,,1988-02-14T00:00:00,,Award,Kia Motors,KIPWK,
1122,Dominique,Wilkins,Atlanta Hawks,NBA Player of the Week,,1990-91,,1991-01-06T00:00:00,,Award,Kia Motors,KIPWK,
1122,Dominique,Wilkins,,NBA All-Star,,1985-86,,,,Award,All-Star,,
1122,Dominique,Wilkins,,NBA All-Star,,1986-87,,,,Award,All-Star,,
1122,Dominique,Wilkins,,NBA All-Star,,1987-88,,,,Award,All-Star,,
1122,Dominique,Wilkins,,NBA All-Star,,1988-89,,,,Award,All-Star,,
1122,Dominique,Wilkins,,NBA All-Star,,1989-90,,,,Award,All-Star,,
1122,Dominique,Wilkins,,NBA All-Star,,1990-91,,,,Award,All-Star,,
1122,Dominique,Wilkins,,NBA All-Star,,1992-93,,,,Award,All-Star,,
1122,Dominique,Wilkins,,NBA All-Star,,1993-94,,,,Award,All-Star,,
1122,Dominique,Wilkins,,NBA All-Star,,1991-92,,,,Award,All-Star,,
1134,Isaac,Austin,Miami Heat,NBA Most Improved Player,,1996-97,,,,Award,Kia Motors,KIMIP,
101178,Arvydas,Macijauskas,Lithuania,Olympic Appearance,,2004,,,,Award,Olympic,Appearance,
1365,Xavier,McDaniel,Seattle SuperSonics,All-Rookie Team,1,1985-86,,,1610612760,Award,Kia Motors,KIART,
1365,Xavier,McDaniel,Seattle SuperSonics,NBA Player of the Week,,1987-88,,1987-11-22T00:00:00,,Award,Kia Motors,KIPWK,
1365,Xavier,McDaniel,Seattle SuperSonics,NBA Player of the Week,,1988-89,,1989-04-23T00:00:00,,Award,Kia Motors,KIPWK,
1365,Xavier,McDaniel,,NBA All-Star,,1987-88,,,,Award,All-Star,,
1434,Dragan,Tarlac,Serbia & Montenegro,Olympic Appearance,,2000,,,,Award,Olympic,Appearance,
1442,Zeljko,Rebraca,Detroit Pistons,All-Rookie Team,2,2001-02,,,1610612765,Award,Kia Motors,KIART,
1442,Zeljko,Rebraca,Detroit Pistons,NBA Rookie of the Month,,2001-02,04/01/2002,,East,Award,Kia Motors,KIRMO,
1472,Tom,Chambers,Phoenix Suns,All-NBA,2,1988-89,,,1610612756,Award,Kia Motors,KIANT,
1472,Tom,Chambers,Phoenix Suns,All-NBA,2,1989-90,,,1610612756,Award,Kia Motors,KIANT,
1472,Tom,Chambers,Seattle SuperSonics,NBA All-Star Most Valuable Player,,1986-87,,,,Award,Kia Motors,KAMVP,
1472,Tom,Chambers,Seattle SuperSonics,NBA Player of the Week,,1986-87,,1986-12-07T00:00:00,,Award,Kia Motors,KIPWK,
1472,Tom,Chambers,Phoenix Suns,NBA Player of the Week,,1988-89,,1989-01-29T00:00:00,,Award,Kia Motors,KIPWK,
1472,Tom,Chambers,Phoenix Suns,NBA Player of the Week,,1989-90,,1990-02-18T00:00:00,,Award,Kia Motors,KIPWK,
1472,Tom,Chambers,San Diego Clippers,NBA Rookie of the Month,,1981-82,01/01/1982,,,Award,Kia Motors,KIRMO,
1472,Tom,Chambers,,NBA All-Star,,1986-87,,,,Award,All-Star,,
1472,Tom,Chambers,,NBA All-Star,,1988-89,,,,Award,All-Star,,
1472,Tom,Chambers,,NBA All-Star,,1989-90,,,,Award,All-Star,,
1472,Tom,Chambers,,NBA All-Star,,1990-91,,,,Award,All-Star,,
1477,Bruce,Bowen,Miami Heat,All-Defensive Team,2,2000-01,,,1610612748,Award,Kia Motors,KIADT,
1477,Bruce,Bowen,San Antonio Spurs,All-Defensive Team,2,2001-02,,,1610612759,Award,Kia Motors,KIADT,
1477,Bruce,Bowen,San Antonio Spurs,All-Defensive Team,2,2002-03,,,1610612759,Award,Kia Motors,KIADT,
1477,Bruce,Bowen,San Antonio Spurs,All-Defensive Team,1,2003-04,,,1610612759,Award,Kia Motors,KIADT,
1477,Bruce,Bowen,San Antonio Spurs,All-Defensive Team,1,2004-05,,,1610612759,Award,Kia Motors,KIADT,
1477,Bruce,Bowen,San Antonio Spurs,All-Defensive Team,1,2005-06,,,1610612759,Award,Kia Motors,KIADT,
1477,Bruce,Bowen,San Antonio Spurs,All-Defensive Team,1,2006-07,,,1610612759,Award,Kia Motors,KIADT,
1477,Bruce,Bowen,San Antonio Spurs,All-Defensive Team,1,2007-08,,,1610612759,Award,Kia Motors,KIADT,
1477,Bruce,Bowen,San Antonio Spurs,NBA Player of the Week,,2004-05,,2005-01-09T00:00:00,West,Award,Kia Motors,KIPWK,
1477,Bruce,Bowen,San Antonio Spurs,NBA Champion,,2002-03,,,,Award,Champion,,
1477,Bruce,Bowen,San Antonio Spurs,NBA Champion,,2004-05,,,,Award,Champion,,
1477,Bruce,Bowen,San Antonio Spurs,NBA Champion,,2006-07,,,,Award,Champion,,
1495,Tim,Duncan,San Antonio Spurs,All-Defensive Team,2,1997-98,,,1610612759,Award,Kia Motors,KIADT,
1495,Tim,Duncan,San Antonio Spurs,All-Defensive Team,1,1998-99,,,1610612759,Award,Kia Motors,KIADT,
1495,Tim,Duncan,San Antonio Spurs,All-Defensive Team,1,1999-00,,,1610612759,Award,Kia Motors,KIADT,
1495,Tim,Duncan,San Antonio Spurs,All-Defensive Team,1,2000-01,,,1610612759,Award,Kia Motors,KIADT,
1495,Tim,Duncan,San Antonio Spurs,All-Defensive Team,1,2001-02,,,1610612759,Award,Kia Motors,KIADT,
1495,Tim,Duncan,San Antonio Spurs,All-Defensive Team,1,2002-03,,,1610612759,Award,Kia Motors,KIADT,
1495,Tim,Duncan,San Antonio Spurs,All-Defensive Team,2,2003-04,,,1610612759,Award,Kia Motors,KIADT,
1495,Tim,Duncan,San Antonio Spurs,All-Defensive Team,1,2004-05,,,1610612759,Award,Kia Motors,KIADT,
1495,Tim,Duncan,San Antonio Spurs,All-Defensive Team,2,2005-06,,,1610612759,Award,Kia Motors,KIADT,
1495,Tim,Duncan,San Antonio Spurs,All-Defensive Team,1,2006-07,,,1610612759,Award,Kia Motors,KIADT,
1495,Tim,Duncan,San Antonio Spurs,All-Defensive Team,1,2007-08,,,1610612759,Award,Kia Motors,KIADT,
1495,Tim,Duncan,San Antonio Spurs,All-Defensive Team,2,2008-09,,,1610612759,Award,Kia Motors,KIADT,
1495,Tim,Duncan,San Antonio Spurs,All-Defensive Team,2,2009-10,,,1610612759,Award,Kia Motors,KIADT,
1495,Tim,Duncan,San Antonio Spurs,All-Defensive Team,2,2012-13,,,1610612759,Award,Kia Motors,KIADT,
1495,Tim,Duncan,San Antonio Spurs,All-Defensive Team,2,2014-15,,,1610612759,Award,Kia Motors,KIADT,
1495,Tim,Duncan,San Antonio Spurs,All-NBA,1,1997-98,,,1610612759,Award,Kia Motors,KIANT,
1495,Tim,Duncan,San Antonio Spurs,All-NBA,1,1998-99,,,1610612759,Award,Kia Motors,KIANT,
1495,Tim,Duncan,San Antonio Spurs,All-NBA,1,1999-00,,,1610612759,Award,Kia Motors,KIANT,
1495,Tim,Duncan,San Antonio Spurs,All-NBA,1,2000-01,,,1610612759,Award,Kia Motors,KIANT,
1495,Tim,Duncan,San Antonio Spurs,All-NBA,1,2001-02,,,1610612759,Award,Kia Motors,KIANT,
1495,Tim,Duncan,San Antonio Spurs,All-NBA,1,2002-03,,,1610612759,Award,Kia Motors,KIANT,
1495,Tim,Duncan,San Antonio Spurs,All-NBA,1,2003-04,,,1610612759,Award,Kia Motors,KIANT,
1495,Tim,Duncan,San Antonio Spurs,All-NBA,1,2004-05,,,1610612759,Award,Kia Motors,KIANT,
1495,Tim,Duncan,San Antonio Spurs,All-NBA,2,2005-06,,,1610612759,Award,Kia Motors,KIANT,
1495,Tim,Duncan,San Antonio Spurs,All-NBA,1,2006-07,,,1610612759,Award,Kia Motors,KIANT,
1495,Tim,Duncan,San Antonio Spurs,All-NBA,2,2007-08,,,1610612759,Award,Kia Motors,KIANT,
1495,Tim,Duncan,San Antonio Spurs,All-NBA,2,2008-09,,,1610612759,Award,Kia Motors,KIANT,
1495,Tim,Duncan,San Antonio Spurs,All-NBA,3,2009-10,,,1610612759,Award,Kia Motors,KIANT,
1495,Tim,Duncan,San Antonio Spurs,All-NBA,1,2012-13,,,1610612759,Award,Kia Motors,KIANT,
1495,Tim,Duncan,San Antonio Spurs,All-NBA,3,2014-15,,,1610612759,Award,Kia Motors,KIANT,
1495,Tim,Duncan,San Antonio Spurs,All-Rookie Team,1,1997-98,,,1610612759,Award,Kia Motors,KIART,
1495,Tim,Duncan,San Antonio Spurs,IBM Award,,2001-02,,,,Award,IBM,IBMAW,
1495,Tim,Duncan,San Antonio Spurs,NBA All-Star Most Valuable Player,,1999-00,,,,Award,Kia Motors,KAMVP,
1495,Tim,Duncan,San Antonio Spurs,NBA Finals Most Valuable Player,,1998-99,,,,Award,Kia Motors,KFMVP,
1495,Tim,Duncan,San Antonio Spurs,NBA Finals Most Valuable Player,,2002-03,,,,Award,Kia Motors,KFMVP,
1495,Tim,Duncan,San Antonio Spurs,NBA Finals Most Valuable Player,,2004-05,,,,Award,Kia Motors,KFMVP,
1495,Tim,Duncan,San Antonio Spurs,NBA Most Valuable Player,,2001-02,,,,Award,Kia Motors,KIMVP,
1495,Tim,Duncan,San Antonio Spurs,NBA Most Valuable Player,,2002-03,,,,Award,Kia Motors,KIMVP,
1495,Tim,Duncan,San Antonio Spurs,NBA Player of the Month,,1998-99,03/01/1999,,,Award,Kia Motors,KIPMO,
1495,Tim,Duncan,San Antonio Spurs,NBA Player of the Month,,2001-02,04/01/2002,,West,Award,Kia Motors,KIPMO,
1495,Tim,Duncan,San Antonio Spurs,NBA Player of the Month,,2001-02,12/01/2001,,West,Award,Kia Motors,KIPMO,
1495,Tim,Duncan,San Antonio Spurs,NBA Player of the Week,,1997-98,,1998-03-01T00:00:00,,Award,Kia Motors,KIPWK,
1495,Tim,Duncan,San Antonio Spurs,NBA Player of the Week,,1998-99,,1999-03-07T00:00:00,,Award,Kia Motors,KIPWK,
1495,Tim,Duncan,San Antonio Spurs,NBA Player of the Week,,1999-00,,1999-11-28T00:00:00,,Award,Kia Motors,KIPWK,
1495,Tim,Duncan,San Antonio Spurs,NBA Player of the Week,,1999-00,,2000-04-03T00:00:00,,Award,Kia Motors,KIPWK,
1495,Tim,Duncan,San Antonio Spurs,NBA Player of the Week,,2000-01,,2001-01-28T00:00:00,,Award,Kia Motors,KIPWK,
1495,Tim,Duncan,San Antonio Spurs,NBA Player of the Week,,2001-02,,2001-11-11T00:00:00,West,Award,Kia Motors,KIPWK,
1495,Tim,Duncan,San Antonio Spurs,NBA Player of the Week,,2001-02,,2001-11-25T00:00:00,West,Award,Kia Motors,KIPWK,
1495,Tim,Duncan,San Antonio Spurs,NBA Player of the Week,,2001-02,,2001-12-30T00:00:00,West,Award,Kia Motors,KIPWK,
1495,Tim,Duncan,San Antonio Spurs,NBA Player of the Week,,2001-02,,2002-03-17T00:00:00,West,Award,Kia Motors,KIPWK,
1495,Tim,Duncan,San Antonio Spurs,NBA Player of the Week,,2001-02,,2002-03-24T00:00:00,West,Award,Kia Motors,KIPWK,
1495,Tim,Duncan,San Antonio Spurs,NBA Player of the Week,,2001-02,,2002-04-07T00:00:00,West,Award,Kia Motors,KIPWK,
1495,Tim,Duncan,San Antonio Spurs,NBA Player of the Week,,2002-03,,2002-12-22T00:00:00,West,Award,Kia Motors,KIPWK,
1495,Tim,Duncan,San Antonio Spurs,NBA Player of the Week,,2002-03,,2002-12-29T00:00:00,West,Award,Kia Motors,KIPWK,
1495,Tim,Duncan,San Antonio Spurs,NBA Player of the Week,,2002-03,,2003-01-26T00:00:00,West,Award,Kia Motors,KIPWK,
1495,Tim,Duncan,San Antonio Spurs,NBA Player of the Week,,2002-03,,2003-02-16T00:00:00,West,Award,Kia Motors,KIPWK,
1495,Tim,Duncan,San Antonio Spurs,NBA Player of the Week,,2002-03,,2003-03-30T00:00:00,West,Award,Kia Motors,KIPWK,
1495,Tim,Duncan,San Antonio Spurs,NBA Player of the Week,,2003-04,,2004-02-08T00:00:00,West,Award,Kia Motors,KIPWK,
1495,Tim,Duncan,San Antonio Spurs,NBA Player of the Week,,2006-07,,2007-04-08T00:00:00,West,Award,Kia Motors,KIPWK,
1495,Tim,Duncan,San Antonio Spurs,NBA Player of the Week,,2008-09,,2008-12-15T00:00:00,West,Award,Kia Motors,KIPWK,
1495,Tim,Duncan,San Antonio Spurs,NBA Player of the Week,,2009-10,,2009-11-30T00:00:00,West,Award,Kia Motors,KIPWK,
1495,Tim,Duncan,San Antonio Spurs,NBA Player of the Week,,2012-13,,2012-11-19T00:00:00,West,Award,Kia Motors,KIPWK,
1495,Tim,Duncan,San Antonio Spurs,NBA Player of the Week,,2013-14,,2014-03-31T00:00:00,West,Award,Kia Motors,KIPWK,
1495,Tim,Duncan,San Antonio Spurs,NBA Player of the Week,,2014-15,,2015-04-06T00:00:00,West,Award,Kia Motors,KIPWK,
1495,Tim,Duncan,San Antonio Spurs,NBA Rookie of the Month,,1997-98,01/01/1998,,,Award,Kia Motors,KIRMO,
1495,Tim,Duncan,San Antonio Spurs,NBA Rookie of the Month,,1997-98,02/01/1998,,,Award,Kia Motors,KIRMO,
1495,Tim,Duncan,San Antonio Spurs,NBA Rookie of the Month,,1997-98,03/01/1998,,,Award,Kia Motors,KIRMO,
1495,Tim,Duncan,San Antonio Spurs,NBA Rookie of the Month,,1997-98,04/01/1998,,,Award,Kia Motors,KIRMO,
1495,Tim,Duncan,San Antonio Spurs,NBA Rookie of the Month,,1997-98,11/01/1997,,,Award,Kia Motors,KIRMO,
1495,Tim,Duncan,San Antonio Spurs,NBA Rookie of the Month,,1997-98,12/01/1997,,,Award,Kia Motors,KIRMO,
1495,Tim,Duncan,San Antonio Spurs,NBA Rookie of the Year,,1997-98,,,,Award,Kia Motors,KIROY,
1495,Tim,Duncan,San Antonio Spurs,NBA Sporting News Most Valuable Player of the Year,,2001-02,,,,Award,Sporting News,SNMVP,
1495,Tim,Duncan,San Antonio Spurs,NBA Sporting News Most Valuable Player of the Year,,2002-03,,,,Award,Sporting News,SNMVP,
1495,Tim,Duncan,San Antonio Spurs,NBA Sporting News Rookie of the Year,,1997-98,,,,Award,Sporting News,SNROY,
1495,Tim,Duncan,USA,Olympic Bronze Medal,,2004,,,,Award,Olympic,Bronze,
1495,Tim,Duncan,,NBA All-Star,,1997-98,,,,Award,All-Star,,
1495,Tim,Duncan,,NBA All-Star,,1999-00,,,,Award,All-Star,,
1495,Tim,Duncan,,NBA All-Star,,2000-01,,,,Award,All-Star,,
1495,Tim,Duncan,,NBA All-Star,,2001-02,,,,Award,All-Star,,
1495,Tim,Duncan,,NBA All-Star,,2002-03,,,,Award,All-Star,,
1495,Tim,Duncan,,NBA All-Star,,2003-04,,,,Award,All-Star,,
1495,Tim,Duncan,,NBA All-Star,,2004-05,,,,Award,All-Star,,
1495,Tim,Duncan,,NBA All-Star,,2005-06,,,,Award,All-Star,,
1495,Tim,Duncan,,NBA All-Star,,2006-07,,,,Award,All-Star,,
1495,Tim,Duncan,,NBA All-Star,,2007-08,,,,Award,All-Star,,
1495,Tim,Duncan,,NBA All-Star,,2008-09,,,,Award,All-Star,,
1495,Tim,Duncan,,NBA All-Star,,2009-10,,,,Award,All-Star,,
1495,Tim,Duncan,,NBA All-Star,,2010-11,,,,Award,All-Star,,
1495,Tim,Duncan,,NBA All-Star,,2012-13,,,,Award,All-Star,,
1495,Tim,Duncan,,NBA All-Star,,2014-15,,,,Award,All-Star,,
1495,Tim,Duncan,San Antonio Spurs,NBA Champion,,1998-99,,,,Award,Champion,,
1495,Tim,Duncan,San Antonio Spurs,NBA Champion,,2002-03,,,,Award,Champion,,
1495,Tim,Duncan,San Antonio Spurs,NBA Champion,,2004-05,,,,Award,Champion,,
1495,Tim,Duncan,San Antonio Spurs,NBA Champion,,2006-07,,,,Award,Champion,,
1495,Tim,Duncan,San Antonio Spurs,NBA Champion,,2013-14,,,,Award,Champion,,
1496,Keith,VanHorn,New Jersey Nets,All-Rookie Team,1,1997-98,,,1610612751,Award,Kia Motors,KIART,
1497,Chauncey,Billups,Detroit Pistons,All-Defensive Team,2,2004-05,,,1610612765,Award,Kia Motors,KIADT,
1497,Chauncey,Billups,Detroit Pistons,All-Defensive Team,2,2005-06,,,1610612765,Award,Kia Motors,KIADT,
1497,Chauncey,Billups,Detroit Pistons,All-NBA,2,2005-06,,,1610612765,Award,Kia Motors,KIANT,
1497,Chauncey,Billups,Detroit Pistons,All-NBA,3,2006-07,,,1610612765,Award,Kia Motors,KIANT,
1497,Chauncey,Billups,Denver Nuggets,All-NBA,3,2008-09,,,1610612743,Award,Kia Motors,KIANT,
1497,Chauncey,Billups,Detroit Pistons,J. Walter Kennedy Citizenship,,2007-08,,,,Award,Kia Motors,KIWKC,
1497,Chauncey,Billups,Detroit Pistons,NBA Finals Most Valuable Player,,2003-04,,,,Award,Kia Motors,KFMVP,
1497,Chauncey,Billups,Detroit Pistons,NBA Player of the Month,,2005-06,01/01/2006,,East,Award,Kia Motors,KIPMO,
1497,Chauncey,Billups,Detroit Pistons,NBA Player of the Month,,2006-07,02/01/2007,,East,Award,Kia Motors,KIPMO,
1497,Chauncey,Billups,Detroit Pistons,NBA Player of the Week,,2002-03,,2003-02-02T00:00:00,East,Award,Kia Motors,KIPWK,
1497,Chauncey,Billups,Detroit Pistons,NBA Player of the Week,,2003-04,,2003-11-23T00:00:00,East,Award,Kia Motors,KIPWK,
1497,Chauncey,Billups,Detroit Pistons,NBA Player of the Week,,2004-05,,2005-03-20T00:00:00,East,Award,Kia Motors,KIPWK,
1497,Chauncey,Billups,Denver Nuggets,NBA Player of the Week,,2008-09,,2008-11-17T00:00:00,West,Award,Kia Motors,KIPWK,
1497,Chauncey,Billups,Denver Nuggets,NBA Player of the Week,,2009-10,,2010-01-26T00:00:00,West,Award,Kia Motors,KIPWK,
1497,Chauncey,Billups,Denver Nuggets,NBA Player of the Week,,2010-11,,2011-01-03T00:00:00,West,Award,Kia Motors,KIPWK,
1497,Chauncey,Billups,Denver Nuggets,NBA Sportsmanship,,2008-09,,,,Award,Kia Motors,KSPRT,
1497,Chauncey,Billups,,NBA All-Star,,2005-06,,,,Award,All-Star,,
1497,Chauncey,Billups,,NBA All-Star,,2006-07,,,,Award,All-Star,,
1497,Chauncey,Billups,,NBA All-Star,,2007-08,,,,Award,All-Star,,
1497,Chauncey,Billups,,NBA All-Star,,2008-09,,,,Award,All-Star,,
1497,Chauncey,Billups,,NBA All-Star,,2009-10,,,,Award,All-Star,,
1497,Chauncey,Billups,Detroit Pistons,NBA Champion,,2003-04,,,,Award,Champion,,
1498,Antonio,Daniels,San Antonio Spurs,NBA Champion,,1998-99,,,,Award,Champion,,
1500,Ron,Mercer,Boston Celtics,All-Rookie Team,1,1997-98,,,1610612738,Award,Kia Motors,KIART,
1501,Tim,Thomas,Philadelphia 76ers,All-Rookie Team,2,1997-98,,,1610612755,Award,Kia Motors,KIART,
1503,Tracy,McGrady,Orlando Magic,All-NBA,2,2000-01,,,1610612753,Award,Kia Motors,KIANT,
1503,Tracy,McGrady,Orlando Magic,All-NBA,1,2001-02,,,1610612753,Award,Kia Motors,KIANT,
1503,Tracy,McGrady,Orlando Magic,All-NBA,1,2002-03,,,1610612753,Award,Kia Motors,KIANT,
1503,Tracy,McGrady,Orlando Magic,All-NBA,2,2003-04,,,1610612753,Award,Kia Motors,KIANT,
1503,Tracy,McGrady,Houston Rockets,All-NBA,3,2004-05,,,1610612745,Award,Kia Motors,KIANT,
1503,Tracy,McGrady,Houston Rockets,All-NBA,2,2006-07,,,1610612745,Award,Kia Motors,KIANT,
1503,Tracy,McGrady,Houston Rockets,All-NBA,3,2007-08,,,1610612745,Award,Kia Motors,KIANT,
1503,Tracy,McGrady,,Hall of Fame Inductee,,2017,,,,Award,Hall of Fame,,
1503,Tracy,McGrady,Orlando Magic,NBA Most Improved Player,,2000-01,,,,Award,Kia Motors,KIMIP,
1503,Tracy,McGrady,Orlando Magic,NBA Player of the Month,,2000-01,02/01/2001,,,Award,Kia Motors,KIPMO,
1503,Tracy,McGrady,Orlando Magic,NBA Player of the Month,,2001-02,02/01/2002,,East,Award,Kia Motors,KIPMO,
1503,Tracy,McGrady,Orlando Magic,NBA Player of the Month,,2002-03,03/01/2003,,East,Award,Kia Motors,KIPMO,
1503,Tracy,McGrady,Orlando Magic,NBA Player of the Month,,2002-03,11/01/2002,,East,Award,Kia Motors,KIPMO,
1503,Tracy,McGrady,Orlando Magic,NBA Player of the Week,,2001-02,,2002-03-17T00:00:00,East,Award,Kia Motors,KIPWK,
1503,Tracy,McGrady,Orlando Magic,NBA Player of the Week,,2002-03,,2003-02-23T00:00:00,East,Award,Kia Motors,KIPWK,
1503,Tracy,McGrady,Orlando Magic,NBA Player of the Week,,2002-03,,2003-03-09T00:00:00,East,Award,Kia Motors,KIPWK,
1503,Tracy,McGrady,Orlando Magic,NBA Player of the Week,,2002-03,,2003-04-13T00:00:00,East,Award,Kia Motors,KIPWK,
1503,Tracy,McGrady,Orlando Magic,NBA Player of the Week,,2003-04,,2003-12-21T00:00:00,East,Award,Kia Motors,KIPWK,
1503,Tracy,McGrady,Houston Rockets,NBA Player of the Week,,2004-05,,2005-01-16T00:00:00,West,Award,Kia Motors,KIPWK,
1503,Tracy,McGrady,Houston Rockets,NBA Player of the Week,,2004-05,,2005-02-06T00:00:00,West,Award,Kia Motors,KIPWK,
1503,Tracy,McGrady,Houston Rockets,NBA Player of the Week,,2004-05,,2005-03-13T00:00:00,West,Award,Kia Motors,KIPWK,
1503,Tracy,McGrady,Houston Rockets,NBA Player of the Week,,2004-05,,2005-04-17T00:00:00,West,Award,Kia Motors,KIPWK,
1503,Tracy,McGrady,Houston Rockets,NBA Player of the Week,,2006-07,,2007-04-15T00:00:00,West,Award,Kia Motors,KIPWK,
1503,Tracy,McGrady,Houston Rockets,NBA Player of the Week,,2007-08,,2007-11-04T00:00:00,West,Award,Kia Motors,KIPWK,
1503,Tracy,McGrady,Houston Rockets,NBA Player of the Week,,2007-08,,2008-03-09T00:00:00,West,Award,Kia Motors,KIPWK,
1503,Tracy,McGrady,,NBA All-Star,,2000-01,,,,Award,All-Star,,
1503,Tracy,McGrady,,NBA All-Star,,2001-02,,,,Award,All-Star,,
1503,Tracy,McGrady,,NBA All-Star,,2002-03,,,,Award,All-Star,,
1503,Tracy,McGrady,,NBA All-Star,,2003-04,,,,Award,All-Star,,
1503,Tracy,McGrady,,NBA All-Star,,2004-05,,,,Award,All-Star,,
1503,Tracy,McGrady,,NBA All-Star,,2005-06,,,,Award,All-Star,,
1503,Tracy,McGrady,,NBA All-Star,,2006-07,,,,Award,All-Star,,
1507,Derek,Anderson,Cleveland Cavaliers,All-Rookie Team,2,1997-98,,,1610612739,Award,Kia Motors,KIART,
1507,Derek,Anderson,San Antonio Spurs,NBA Player of the Week,,2000-01,,2001-03-11T00:00:00,,Award,Kia Motors,KIPWK,
1507,Derek,Anderson,Miami Heat,NBA Champion,,2005-06,,,,Award,Champion,,
1508,Maurice,Taylor,Los Angeles Clippers,All-Rookie Team,2,1997-98,,,1610612746,Award,Kia Motors,KIART,
1510,Brevin,Knight,Cleveland Cavaliers,All-Rookie Team,1,1997-98,,,1610612739,Award,Kia Motors,KIART,
1512,Chris,Anstey,Australia,Olympic Appearance,,2000,,,,Award,Olympic,Appearance,
1512,Chris,Anstey,Australia,Olympic Appearance,,2008,,,,Award,Olympic,Appearance,
1517,Bobby,Jackson,Denver Nuggets,All-Rookie Team,2,1997-98,,,1610612743,Award,Kia Motors,KIART,
1517,Bobby,Jackson,Sacramento Kings,NBA Sixth Man of the Year,,2002-03,,,,Award,Kia Motors,KISMY,
1521,Jacque,Vaughn,San Antonio Spurs,NBA Champion,,2006-07,,,,Award,Champion,,
1531,Marc,Jackson,Golden State Warriors,All-Rookie Team,1,2000-01,,,1610612744,Award,Kia Motors,KIART,
1531,Marc,Jackson,Golden State Warriors,NBA Rookie of the Month,,2000-01,01/01/2001,,,Award,Kia Motors,KIRMO,
1531,Marc,Jackson,Golden State Warriors,NBA Rookie of the Month,,2000-01,12/01/2000,,,Award,Kia Motors,KIRMO,
1536,Stephen,Jackson,Golden State Warriors,NBA Player of the Week,,2007-08,,2007-12-02T00:00:00,West,Award,Kia Motors,KIPWK,
1536,Stephen,Jackson,Charlotte Bobcats,NBA Player of the Week,,2009-10,,2010-01-19T00:00:00,East,Award,Kia Motors,KIPWK,
1536,Stephen,Jackson,San Antonio Spurs,NBA Champion,,2002-03,,,,Award,Champion,,
1538,Cedric,Henderson,Cleveland Cavaliers,All-Rookie Team,2,1997-98,,,1610612739,Award,Kia Motors,KIART,
1559,Adrian,Griffin,Boston Celtics,NBA Rookie of the Month,,1999-00,11/01/1999,,,Award,Kia Motors,KIRMO,
1562,Gerard,King,San Antonio Spurs,NBA Champion,,1998-99,,,,Award,Champion,,
1682,Victor,Hanson,,Hall of Fame Inductee,,1960,,,,Award,Hall of Fame,,
1709,Michael,Olowokandi,Los Angeles Clippers,All-Rookie Team,2,1998-99,,,1610612746,Award,Kia Motors,KIART,
1710,Mike,Bibby,Vancouver Grizzlies,All-Rookie Team,1,1998-99,,,1610612763,Award,Kia Motors,KIART,
1710,Mike,Bibby,Sacramento Kings,NBA Player of the Week,,2004-05,,2005-02-27T00:00:00,West,Award,Kia Motors,KIPWK,
1710,Mike,Bibby,Sacramento Kings,NBA Player of the Week,,2005-06,,2006-03-12T00:00:00,West,Award,Kia Motors,KIPWK,
1712,Antawn,Jamison,Golden State Warriors,All-Rookie Team,2,1998-99,,,1610612744,Award,Kia Motors,KIART,
1712,Antawn,Jamison,Washington Wizards,NBA Player of the Week,,2007-08,,2008-03-16T00:00:00,East,Award,Kia Motors,KIPWK,
1712,Antawn,Jamison,Dallas Mavericks,NBA Sixth Man of the Year,,2003-04,,,,Award,Kia Motors,KISMY,
1712,Antawn,Jamison,,NBA All-Star,,2004-05,,,,Award,All-Star,,
1712,Antawn,Jamison,,NBA All-Star,,2007-08,,,,Award,All-Star,,
1713,Vince,Carter,Toronto Raptors,All-NBA,3,1999-00,,,1610612761,Award,Kia Motors,KIANT,
1713,Vince,Carter,Toronto Raptors,All-NBA,2,2000-01,,,1610612761,Award,Kia Motors,KIANT,
1713,Vince,Carter,Toronto Raptors,All-Rookie Team,1,1998-99,,,1610612761,Award,Kia Motors,KIART,
1713,Vince,Carter,New Jersey Nets,NBA Player of the Month,,2004-05,02/01/2005,,East,Award,Kia Motors,KIPMO,
1713,Vince,Carter,New Jersey Nets,NBA Player of the Month,,2005-06,12/01/2005,,East,Award,Kia Motors,KIPMO,
1713,Vince,Carter,New Jersey Nets,NBA Player of the Month,,2006-07,04/01/2007,,East,Award,Kia Motors,KIPMO,
1713,Vince,Carter,Toronto Raptors,NBA Player of the Week,,1998-99,,1999-03-21T00:00:00,East,Award,Kia Motors,KIPWK,
1713,Vince,Carter,Toronto Raptors,NBA Player of the Week,,1999-00,,1999-11-21T00:00:00,East,Award,Kia Motors,KIPWK,
1713,Vince,Carter,Toronto Raptors,NBA Player of the Week,,1999-00,,2000-02-28T00:00:00,East,Award,Kia Motors,KIPWK,
1713,Vince,Carter,Toronto Raptors,NBA Player of the Week,,2000-01,,2001-03-04T00:00:00,,Award,Kia Motors,KIPWK,
1713,Vince,Carter,Toronto Raptors,NBA Player of the Week,,2001-02,,2001-11-11T00:00:00,East,Award,Kia Motors,KIPWK,
1713,Vince,Carter,Toronto Raptors,NBA Player of the Week,,2003-04,,2003-12-07T00:00:00,East,Award,Kia Motors,KIPWK,
1713,Vince,Carter,Toronto Raptors,NBA Player of the Week,,2003-04,,2004-03-21T00:00:00,East,Award,Kia Motors,KIPWK,
1713,Vince,Carter,New Jersey Nets,NBA Player of the Week,,2004-05,,2005-01-30T00:00:00,East,Award,Kia Motors,KIPWK,
1713,Vince,Carter,New Jersey Nets,NBA Player of the Week,,2004-05,,2005-04-10T00:00:00,East,Award,Kia Motors,KIPWK,
1713,Vince,Carter,New Jersey Nets,NBA Player of the Week,,2005-06,,2005-12-26T00:00:00,East,Award,Kia Motors,KIPWK,
1713,Vince,Carter,New Jersey Nets,NBA Player of the Week,,2006-07,,2007-02-25T00:00:00,East,Award,Kia Motors,KIPWK,
1713,Vince,Carter,Toronto Raptors,NBA Rookie of the Month,,1998-99,03/01/1999,,,Award,Kia Motors,KIRMO,
1713,Vince,Carter,Toronto Raptors,NBA Rookie of the Month,,1998-99,04/01/1999,,,Award,Kia Motors,KIRMO,
1713,Vince,Carter,Toronto Raptors,NBA Rookie of the Year,,1998-99,,,,Award,Kia Motors,KIROY,
1713,Vince,Carter,Toronto Raptors,NBA Sporting News Rookie of the Year,,1998-99,,,,Award,Sporting News,SNROY,
1713,Vince,Carter,USA,Olympic Gold Medal,,2000,,,,Award,Olympic,Gold,
1713,Vince,Carter,,NBA All-Star,,1999-00,,,,Award,All-Star,,
1713,Vince,Carter,,NBA All-Star,,2000-01,,,,Award,All-Star,,
1713,Vince,Carter,,NBA All-Star,,2002-03,,,,Award,All-Star,,
1713,Vince,Carter,,NBA All-Star,,2003-04,,,,Award,All-Star,,
1713,Vince,Carter,,NBA All-Star,,2004-05,,,,Award,All-Star,,
1713,Vince,Carter,,NBA All-Star,,2005-06,,,,Award,All-Star,,
1713,Vince,Carter,,NBA All-Star,,2006-07,,,,Award,All-Star,,
1713,Vince,Carter,,NBA All-Star,,2001-02,,,,Award,All-Star,,
1715,Jason,Williams,Sacramento Kings,All-Rookie Team,1,1998-99,,,1610612758,Award,Kia Motors,KIART,
1715,Jason,Williams,Miami Heat,NBA Champion,,2005-06,,,,Award,Champion,,
1716,Larry,Hughes,Washington Wizards,All-Defensive Team,1,2004-05,,,1610612764,Award,Kia Motors,KIADT,
1716,Larry,Hughes,Washington Wizards,NBA Player of the Week,,2004-05,,2005-01-16T00:00:00,East,Award,Kia Motors,KIPWK,
1717,Dirk,Nowitzki,Dallas Mavericks,All-NBA,3,2000-01,,,1610612742,Award,Kia Motors,KIANT,
1717,Dirk,Nowitzki,Dallas Mavericks,All-NBA,2,2001-02,,,1610612742,Award,Kia Motors,KIANT,
1717,Dirk,Nowitzki,Dallas Mavericks,All-NBA,2,2002-03,,,1610612742,Award,Kia Motors,KIANT,
1717,Dirk,Nowitzki,Dallas Mavericks,All-NBA,3,2003-04,,,1610612742,Award,Kia Motors,KIANT,
1717,Dirk,Nowitzki,Dallas Mavericks,All-NBA,1,2004-05,,,1610612742,Award,Kia Motors,KIANT,
1717,Dirk,Nowitzki,Dallas Mavericks,All-NBA,1,2005-06,,,1610612742,Award,Kia Motors,KIANT,
1717,Dirk,Nowitzki,Dallas Mavericks,All-NBA,1,2006-07,,,1610612742,Award,Kia Motors,KIANT,
1717,Dirk,Nowitzki,Dallas Mavericks,All-NBA,2,2007-08,,,1610612742,Award,Kia Motors,KIANT,
1717,Dirk,Nowitzki,Dallas Mavericks,All-NBA,1,2008-09,,,1610612742,Award,Kia Motors,KIANT,
1717,Dirk,Nowitzki,Dallas Mavericks,All-NBA,2,2009-10,,,1610612742,Award,Kia Motors,KIANT,
1717,Dirk,Nowitzki,Dallas Mavericks,All-NBA,2,2010-11,,,1610612742,Award,Kia Motors,KIANT,
1717,Dirk,Nowitzki,Dallas Mavericks,All-NBA,3,2011-12,,,1610612742,Award,Kia Motors,KIANT,
1717,Dirk,Nowitzki,Dallas Mavericks,NBA Finals Most Valuable Player,,2010-11,,,,Award,Kia Motors,KFMVP,
1717,Dirk,Nowitzki,Dallas Mavericks,NBA Most Valuable Player,,2006-07,,,,Award,Kia Motors,KIMVP,
1717,Dirk,Nowitzki,Dallas Mavericks,NBA Player of the Month,,2002-03,11/01/2002,,West,Award,Kia Motors,KIPMO,
1717,Dirk,Nowitzki,Dallas Mavericks,NBA Player of the Month,,2004-05,02/01/2005,,West,Award,Kia Motors,KIPMO,
1717,Dirk,Nowitzki,Dallas Mavericks,NBA Player of the Month,,2004-05,12/01/2004,,West,Award,Kia Motors,KIPMO,
1717,Dirk,Nowitzki,Dallas Mavericks,NBA Player of the Month,,2005-06,12/01/2005,,West,Award,Kia Motors,KIPMO,
1717,Dirk,Nowitzki,Dallas Mavericks,NBA Player of the Month,,2006-07,02/01/2007,,West,Award,Kia Motors,KIPMO,
1717,Dirk,Nowitzki,Dallas Mavericks,NBA Player of the Month,,2008-09,04/01/2009,,West,Award,Kia Motors,KIPMO,
1717,Dirk,Nowitzki,Dallas Mavericks,NBA Player of the Week,,2001-02,,2002-01-27T00:00:00,West,Award,Kia Motors,KIPWK,
1717,Dirk,Nowitzki,Dallas Mavericks,NBA Player of the Week,,2002-03,,2002-11-10T00:00:00,West,Award,Kia Motors,KIPWK,
1717,Dirk,Nowitzki,Dallas Mavericks,NBA Player of the Week,,2002-03,,2003-01-05T00:00:00,West,Award,Kia Motors,KIPWK,
1717,Dirk,Nowitzki,Dallas Mavericks,NBA Player of the Week,,2003-04,,2004-04-05T00:00:00,West,Award,Kia Motors,KIPWK,
1717,Dirk,Nowitzki,Dallas Mavericks,NBA Player of the Week,,2004-05,,2004-12-05T00:00:00,West,Award,Kia Motors,KIPWK,
1717,Dirk,Nowitzki,Dallas Mavericks,NBA Player of the Week,,2006-07,,2006-11-19T00:00:00,West,Award,Kia Motors,KIPWK,
1717,Dirk,Nowitzki,Dallas Mavericks,NBA Player of the Week,,2006-07,,2007-01-14T00:00:00,West,Award,Kia Motors,KIPWK,
1717,Dirk,Nowitzki,Dallas Mavericks,NBA Player of the Week,,2008-09,,2008-11-24T00:00:00,West,Award,Kia Motors,KIPWK,
1717,Dirk,Nowitzki,Dallas Mavericks,NBA Player of the Week,,2008-09,,2008-12-08T00:00:00,West,Award,Kia Motors,KIPWK,
1717,Dirk,Nowitzki,Dallas Mavericks,NBA Player of the Week,,2009-10,,2009-11-16T00:00:00,West,Award,Kia Motors,KIPWK,
1717,Dirk,Nowitzki,Dallas Mavericks,NBA Player of the Week,,2009-10,,2010-03-08T00:00:00,West,Award,Kia Motors,KIPWK,
1717,Dirk,Nowitzki,Dallas Mavericks,NBA Player of the Week,,2009-10,,2010-04-12T00:00:00,West,Award,Kia Motors,KIPWK,
1717,Dirk,Nowitzki,Dallas Mavericks,NBA Player of the Week,,2010-11,,2010-11-29T00:00:00,West,Award,Kia Motors,KIPWK,
1717,Dirk,Nowitzki,Dallas Mavericks,NBA Player of the Week,,2010-11,,2010-12-13T00:00:00,West,Award,Kia Motors,KIPWK,
1717,Dirk,Nowitzki,Dallas Mavericks,NBA Player of the Week,,2013-14,,2014-04-07T00:00:00,West,Award,Kia Motors,KIPWK,
1717,Dirk,Nowitzki,Dallas Mavericks,NBA Sporting News Most Valuable Player of the Year,,2006-07,,,,Award,Sporting News,SNMVP,
1717,Dirk,Nowitzki,Germany,Olympic Appearance,,2008,,,,Award,Olympic,Appearance,
1717,Dirk,Nowitzki,,NBA All-Star,,2018-19,,,,Award,All-Star,,
1717,Dirk,Nowitzki,,NBA All-Star,,2001-02,,,,Award,All-Star,,
1717,Dirk,Nowitzki,,NBA All-Star,,2002-03,,,,Award,All-Star,,
1717,Dirk,Nowitzki,,NBA All-Star,,2003-04,,,,Award,All-Star,,
1717,Dirk,Nowitzki,,NBA All-Star,,2004-05,,,,Award,All-Star,,
1717,Dirk,Nowitzki,,NBA All-Star,,2005-06,,,,Award,All-Star,,
1717,Dirk,Nowitzki,,NBA All-Star,,2006-07,,,,Award,All-Star,,
1717,Dirk,Nowitzki,,NBA All-Star,,2007-08,,,,Award,All-Star,,
1717,Dirk,Nowitzki,,NBA All-Star,,2008-09,,,,Award,All-Star,,
1717,Dirk,Nowitzki,,NBA All-Star,,2009-10,,,,Award,All-Star,,
1717,Dirk,Nowitzki,,NBA All-Star,,2010-11,,,,Award,All-Star,,
1717,Dirk,Nowitzki,,NBA All-Star,,2011-12,,,,Award,All-Star,,
1717,Dirk,Nowitzki,,NBA All-Star,,2013-14,,,,Award,All-Star,,
1717,Dirk,Nowitzki,,NBA All-Star,,2014-15,,,,Award,All-Star,,
1717,Dirk,Nowitzki,Dallas Mavericks,NBA Champion,,2010-11,,,,Award,Champion,,
1718,Paul,Pierce,Boston Celtics,All-NBA,3,2001-02,,,1610612738,Award,Kia Motors,KIANT,
1718,Paul,Pierce,Boston Celtics,All-NBA,3,2002-03,,,1610612738,Award,Kia Motors,KIANT,
1718,Paul,Pierce,Boston Celtics,All-NBA,3,2007-08,,,1610612738,Award,Kia Motors,KIANT,
1718,Paul,Pierce,Boston Celtics,All-NBA,2,2008-09,,,1610612738,Award,Kia Motors,KIANT,
1718,Paul,Pierce,Boston Celtics,All-Rookie Team,1,1998-99,,,1610612738,Award,Kia Motors,KIART,
1718,Paul,Pierce,Boston Celtics,NBA Finals Most Valuable Player,,2007-08,,,,Award,Kia Motors,KFMVP,
1718,Paul,Pierce,Boston Celtics,NBA Player of the Month,,2000-01,03/01/2001,,,Award,Kia Motors,KIPMO,
1718,Paul,Pierce,Boston Celtics,NBA Player of the Month,,2001-02,04/01/2002,,East,Award,Kia Motors,KIPMO,
1718,Paul,Pierce,Boston Celtics,NBA Player of the Month,,2001-02,12/01/2001,,East,Award,Kia Motors,KIPMO,
1718,Paul,Pierce,Boston Celtics,NBA Player of the Month,,2011-12,03/01/2012,,East,Award,Kia Motors,KIPMO,
1718,Paul,Pierce,Boston Celtics,NBA Player of the Week,,2000-01,,2001-03-25T00:00:00,,Award,Kia Motors,KIPWK,
1718,Paul,Pierce,Boston Celtics,NBA Player of the Week,,2001-02,,2001-12-02T00:00:00,East,Award,Kia Motors,KIPWK,
1718,Paul,Pierce,Boston Celtics,NBA Player of the Week,,2001-02,,2002-04-07T00:00:00,East,Award,Kia Motors,KIPWK,
1718,Paul,Pierce,Boston Celtics,NBA Player of the Week,,2002-03,,2002-12-08T00:00:00,East,Award,Kia Motors,KIPWK,
1718,Paul,Pierce,Boston Celtics,NBA Player of the Week,,2002-03,,2003-01-26T00:00:00,East,Award,Kia Motors,KIPWK,
1718,Paul,Pierce,Boston Celtics,NBA Player of the Week,,2003-04,,2003-12-14T00:00:00,East,Award,Kia Motors,KIPWK,
1718,Paul,Pierce,Boston Celtics,NBA Player of the Week,,2003-04,,2004-01-11T00:00:00,East,Award,Kia Motors,KIPWK,
1718,Paul,Pierce,Boston Celtics,NBA Player of the Week,,2004-05,,2005-02-06T00:00:00,East,Award,Kia Motors,KIPWK,
1718,Paul,Pierce,Boston Celtics,NBA Player of the Week,,2004-05,,2005-03-13T00:00:00,East,Award,Kia Motors,KIPWK,
1718,Paul,Pierce,Boston Celtics,NBA Player of the Week,,2005-06,,2006-03-12T00:00:00,East,Award,Kia Motors,KIPWK,
1718,Paul,Pierce,Boston Celtics,NBA Player of the Week,,2007-08,,2007-12-16T00:00:00,East,Award,Kia Motors,KIPWK,
1718,Paul,Pierce,Boston Celtics,NBA Player of the Week,,2007-08,,2007-12-30T00:00:00,East,Award,Kia Motors,KIPWK,
1718,Paul,Pierce,Boston Celtics,NBA Player of the Week,,2009-10,,2010-03-22T00:00:00,East,Award,Kia Motors,KIPWK,
1718,Paul,Pierce,Boston Celtics,NBA Player of the Week,,2010-11,,2010-12-20T00:00:00,East,Award,Kia Motors,KIPWK,
1718,Paul,Pierce,Boston Celtics,NBA Player of the Week,,2011-12,,2012-01-30T00:00:00,East,Award,Kia Motors,KIPWK,
1718,Paul,Pierce,Boston Celtics,NBA Player of the Week,,2011-12,,2012-03-26T00:00:00,East,Award,Kia Motors,KIPWK,
1718,Paul,Pierce,Boston Celtics,NBA Rookie of the Month,,1998-99,02/01/1999,,,Award,Kia Motors,KIRMO,
1718,Paul,Pierce,,NBA All-Star,,2001-02,,,,Award,All-Star,,
1718,Paul,Pierce,,NBA All-Star,,2002-03,,,,Award,All-Star,,
1718,Paul,Pierce,,NBA All-Star,,2003-04,,,,Award,All-Star,,
1718,Paul,Pierce,,NBA All-Star,,2004-05,,,,Award,All-Star,,
1718,Paul,Pierce,,NBA All-Star,,2005-06,,,,Award,All-Star,,
1718,Paul,Pierce,,NBA All-Star,,2007-08,,,,Award,All-Star,,
1718,Paul,Pierce,,NBA All-Star,,2008-09,,,,Award,All-Star,,
1718,Paul,Pierce,,NBA All-Star,,2009-10,,,,Award,All-Star,,
1718,Paul,Pierce,,NBA All-Star,,2010-11,,,,Award,All-Star,,
1718,Paul,Pierce,,NBA All-Star,,2011-12,,,,Award,All-Star,,
1718,Paul,Pierce,Boston Celtics,NBA Champion,,2007-08,,,,Award,Champion,,
1720,Michael,Doleac,Orlando Magic,All-Rookie Team,2,1998-99,,,1610612753,Award,Kia Motors,KIART,
1720,Michael,Doleac,Miami Heat,NBA Champion,,2005-06,,,,Award,Champion,,
1722,Michael,Dickerson,Houston Rockets,All-Rookie Team,2,1998-99,,,1610612745,Award,Kia Motors,KIART,
1723,Matt,Harpring,Orlando Magic,All-Rookie Team,1,1998-99,,,1610612753,Award,Kia Motors,KIART,
1725,Rasho,Nesterovic,San Antonio Spurs,NBA Champion,,2004-05,,,,Award,Champion,,
1731,Tyronn,Lue,Los Angeles Lakers,NBA Champion,,2000-01,,,,Award,Champion,,
1733,Al,Harrington,New York Knicks,NBA Player of the Week,,2008-09,,2008-12-15T00:00:00,East,Award,Kia Motors,KIPWK,
1737,Nazr,Mohammed,San Antonio Spurs,NBA Champion,,2004-05,,,,Award,Champion,,
1740,Rashard,Lewis,Seattle SuperSonics,NBA Player of the Week,,2002-03,,2002-11-17T00:00:00,West,Award,Kia Motors,KIPWK,
1740,Rashard,Lewis,Seattle SuperSonics,NBA Player of the Week,,2003-04,,2003-11-02T00:00:00,West,Award,Kia Motors,KIPWK,
1740,Rashard,Lewis,,NBA All-Star,,2008-09,,,,Award,All-Star,,
1740,Rashard,Lewis,,NBA All-Star,,2004-05,,,,Award,All-Star,,
1740,Rashard,Lewis,Miami Heat,NBA Champion,,2012-13,,,,Award,Champion,,
1749,Cuttino,Mobley,Houston Rockets,All-Rookie Team,2,1998-99,,,1610612745,Award,Kia Motors,KIART,
1749,Cuttino,Mobley,Houston Rockets,NBA Player of the Week,,2000-01,,2001-03-18T00:00:00,,Award,Kia Motors,KIPWK,
1752,Sean,Marks,New Zealand,Olympic Appearance,,2000,,,,Award,Olympic,Appearance,
1752,Sean,Marks,New Zealand,Olympic Appearance,,2004,,,,Award,Olympic,Appearance,
1802,Brad,Miller,Sacramento Kings,NBA Player of the Week,,2004-05,,2005-01-30T00:00:00,West,Award,Kia Motors,KIPWK,
1802,Brad,Miller,Sacramento Kings,NBA Player of the Week,,2007-08,,2008-02-03T00:00:00,West,Award,Kia Motors,KIPWK,
1802,Brad,Miller,,NBA All-Star,,2002-03,,,,Award,All-Star,,
1802,Brad,Miller,,NBA All-Star,,2003-04,,,,Award,All-Star,,
1845,Andrew,Gaze,Australia,Olympic Appearance,,1984,,,,Award,Olympic,Appearance,
1845,Andrew,Gaze,Australia,Olympic Appearance,,1988,,,,Award,Olympic,Appearance,
1845,Andrew,Gaze,Australia,Olympic Appearance,,1992,,,,Award,Olympic,Appearance,
1845,Andrew,Gaze,Australia,Olympic Appearance,,1996,,,,Award,Olympic,Appearance,
1845,Andrew,Gaze,Australia,Olympic Appearance,,2000,,,,Award,Olympic,Appearance,
1847,Thurl,Bailey,Utah Jazz,All-Rookie Team,1,1983-84,,,1610612762,Award,Kia Motors,KIART,
1847,Thurl,Bailey,Utah Jazz,J. Walter Kennedy Citizenship,,1988-89,,,,Award,Kia Motors,KIWKC,
1855,Mark,Macon,Denver Nuggets,All-Rookie Team,2,1991-92,,,1610612743,Award,Kia Motors,KIART,
1882,Elton,Brand,Los Angeles Clippers,All-NBA,2,2005-06,,,1610612746,Award,Kia Motors,KIANT,
1882,Elton,Brand,Chicago Bulls,All-Rookie Team,1,1999-00,,,1610612741,Award,Kia Motors,KIART,
1882,Elton,Brand,Los Angeles Clippers,NBA Player of the Month,,2005-06,11/01/2005,,West,Award,Kia Motors,KIPMO,
1882,Elton,Brand,Los Angeles Clippers,NBA Player of the Week,,2001-02,,2001-12-09T00:00:00,West,Award,Kia Motors,KIPWK,
1882,Elton,Brand,Los Angeles Clippers,NBA Player of the Week,,2003-04,,2004-01-04T00:00:00,West,Award,Kia Motors,KIPWK,
1882,Elton,Brand,Los Angeles Clippers,NBA Player of the Week,,2005-06,,2005-11-21T00:00:00,West,Award,Kia Motors,KIPWK,
1882,Elton,Brand,Los Angeles Clippers,NBA Player of the Week,,2005-06,,2005-12-12T00:00:00,West,Award,Kia Motors,KIPWK,
1882,Elton,Brand,Los Angeles Clippers,NBA Player of the Week,,2005-06,,2006-01-30T00:00:00,West,Award,Kia Motors,KIPWK,
1882,Elton,Brand,Chicago Bulls,NBA Rookie of the Month,,1999-00,01/01/2000,,,Award,Kia Motors,KIRMO,
1882,Elton,Brand,Chicago Bulls,NBA Rookie of the Month,,1999-00,02/01/2000,,,Award,Kia Motors,KIRMO,
1882,Elton,Brand,Chicago Bulls,NBA Rookie of the Month,,1999-00,04/01/2000,,,Award,Kia Motors,KIRMO,
1882,Elton,Brand,Chicago Bulls,NBA Rookie of the Year,,1999-00,,,,Award,Kia Motors,KIROY,
1882,Elton,Brand,Chicago Bulls,NBA Sporting News Rookie of the Year,,1999-00,,,,Award,Sporting News,SNROY,
1882,Elton,Brand,Los Angeles Clippers,NBA Sportsmanship,,2005-06,,,,Award,Kia Motors,KSPRT,
1882,Elton,Brand,,NBA All-Star,,2001-02,,,,Award,All-Star,,
1882,Elton,Brand,,NBA All-Star,,2005-06,,,,Award,All-Star,,
1883,Steve,Francis,Houston Rockets,All-Rookie Team,1,1999-00,,,1610612745,Award,Kia Motors,KIART,
1883,Steve,Francis,Houston Rockets,NBA Player of the Week,,1999-00,,2000-01-24T00:00:00,,Award,Kia Motors,KIPWK,
1883,Steve,Francis,Houston Rockets,NBA Player of the Week,,2000-01,,2001-01-14T00:00:00,,Award,Kia Motors,KIPWK,
1883,Steve,Francis,Houston Rockets,NBA Player of the Week,,2002-03,,2003-01-19T00:00:00,West,Award,Kia Motors,KIPWK,
1883,Steve,Francis,Houston Rockets,NBA Player of the Week,,2002-03,,2003-03-16T00:00:00,West,Award,Kia Motors,KIPWK,
1883,Steve,Francis,Houston Rockets,NBA Rookie of the Month,,1999-00,03/01/2000,,,Award,Kia Motors,KIRMO,
1883,Steve,Francis,Houston Rockets,NBA Rookie of the Month,,1999-00,04/01/2000,,,Award,Kia Motors,KIRMO,
1883,Steve,Francis,Houston Rockets,NBA Rookie of the Month,,1999-00,12/01/1999,,,Award,Kia Motors,KIRMO,
1883,Steve,Francis,Houston Rockets,NBA Rookie of the Year,,1999-00,,,,Award,Kia Motors,KIROY,
1883,Steve,Francis,,NBA All-Star,,2001-02,,,,Award,All-Star,,
1883,Steve,Francis,,NBA All-Star,,2002-03,,,,Award,All-Star,,
1883,Steve,Francis,,NBA All-Star,,2003-04,,,,Award,All-Star,,
1884,Baron,Davis,New Orleans Hornets,All-NBA,3,2003-04,,,1610612740,Award,Kia Motors,KIANT,
1884,Baron,Davis,New Orleans Hornets,NBA Player of the Month,,2003-04,11/01/2003,,West,Award,Kia Motors,KIPMO,
1884,Baron,Davis,New Orleans Hornets,NBA Player of the Week,,2000-01,,2000-11-26T00:00:00,,Award,Kia Motors,KIPWK,
1884,Baron,Davis,New Orleans Hornets,NBA Player of the Week,,2003-04,,2003-11-02T00:00:00,East,Award,Kia Motors,KIPWK,
1884,Baron,Davis,Golden State Warriors,NBA Player of the Week,,2004-05,,2005-04-03T00:00:00,West,Award,Kia Motors,KIPWK,
1884,Baron,Davis,Golden State Warriors,NBA Player of the Week,,2004-05,,2005-04-10T00:00:00,West,Award,Kia Motors,KIPWK,
1884,Baron,Davis,Golden State Warriors,NBA Player of the Week,,2005-06,,2005-12-05T00:00:00,West,Award,Kia Motors,KIPWK,
1884,Baron,Davis,Golden State Warriors,NBA Player of the Week,,2007-08,,2008-01-20T00:00:00,West,Award,Kia Motors,KIPWK,
1884,Baron,Davis,,NBA All-Star,,2001-02,,,,Award,All-Star,,
1884,Baron,Davis,,NBA All-Star,,2003-04,,,,Award,All-Star,,
1885,Lamar,Odom,Los Angeles Clippers,All-Rookie Team,1,1999-00,,,1610612746,Award,Kia Motors,KIART,
1885,Lamar,Odom,Miami Heat,NBA Player of the Month,,2003-04,03/01/2004,,East,Award,Kia Motors,KIPMO,
1885,Lamar,Odom,Miami Heat,NBA Player of the Week,,2003-04,,2004-03-07T00:00:00,East,Award,Kia Motors,KIPWK,
1885,Lamar,Odom,Los Angeles Clippers,NBA Rookie of the Month,,1999-00,11/01/1999,,,Award,Kia Motors,KIRMO,
1885,Lamar,Odom,Los Angeles Lakers,NBA Sixth Man of the Year,,2010-11,,,,Award,Sporting News,KISMY,
1885,Lamar,Odom,USA,Olympic Bronze Medal,,2004,,,,Award,Olympic,Bronze,
1885,Lamar,Odom,Los Angeles Lakers,NBA Champion,,2008-09,,,,Award,Champion,,
1885,Lamar,Odom,Los Angeles Lakers,NBA Champion,,2009-10,,,,Award,Champion,,
1887,Wally,Szczerbiak,Minnesota Timberwolves,All-Rookie Team,1,1999-00,,,1610612750,Award,Kia Motors,KIART,
1887,Wally,Szczerbiak,,NBA All-Star,,2001-02,,,,Award,All-Star,,
1888,Richard,Hamilton,Washington Wizards,NBA Player of the Week,,2001-02,,2001-12-16T00:00:00,East,Award,Kia Motors,KIPWK,
1888,Richard,Hamilton,Detroit Pistons,NBA Player of the Week,,2005-06,,2006-01-22T00:00:00,East,Award,Kia Motors,KIPWK,
1888,Richard,Hamilton,,NBA All-Star,,2005-06,,,,Award,All-Star,,
1888,Richard,Hamilton,,NBA All-Star,,2006-07,,,,Award,All-Star,,
1888,Richard,Hamilton,,NBA All-Star,,2007-08,,,,Award,All-Star,,
1888,Richard,Hamilton,Detroit Pistons,NBA Champion,,2003-04,,,,Award,Champion,,
1889,Andre,Miller,Cleveland Cavaliers,All-Rookie Team,1,1999-00,,,1610612739,Award,Kia Motors,KIART,
1889,Andre,Miller,Cleveland Cavaliers,NBA Player of the Week,,2001-02,,2001-12-09T00:00:00,East,Award,Kia Motors,KIPWK,
1889,Andre,Miller,Cleveland Cavaliers,NBA Player of the Week,,2001-02,,2002-02-17T00:00:00,East,Award,Kia Motors,KIPWK,
1889,Andre,Miller,Philadelphia 76ers,NBA Player of the Week,,2007-08,,2008-02-10T00:00:00,East,Award,Kia Motors,KIPWK,
1889,Andre,Miller,Philadelphia 76ers,NBA Player of the Week,,2007-08,,2008-03-02T00:00:00,East,Award,Kia Motors,KIPWK,
1890,Shawn,Marion,Phoenix Suns,All-NBA,3,2004-05,,,1610612756,Award,Kia Motors,KIANT,
1890,Shawn,Marion,Phoenix Suns,All-NBA,3,2005-06,,,1610612756,Award,Kia Motors,KIANT,
1890,Shawn,Marion,Phoenix Suns,All-Rookie Team,2,1999-00,,,1610612756,Award,Kia Motors,KIART,
1890,Shawn,Marion,Phoenix Suns,NBA Player of the Month,,2001-02,03/01/2002,,West,Award,Kia Motors,KIPMO,
1890,Shawn,Marion,Phoenix Suns,NBA Player of the Month,,2005-06,02/01/2006,,West,Award,Kia Motors,KIPMO,
1890,Shawn,Marion,Phoenix Suns,NBA Player of the Week,,2000-01,,2001-02-25T00:00:00,,Award,Kia Motors,KIPWK,
1890,Shawn,Marion,Phoenix Suns,NBA Player of the Week,,2001-02,,2002-03-31T00:00:00,West,Award,Kia Motors,KIPWK,
1890,Shawn,Marion,Phoenix Suns,NBA Player of the Week,,2002-03,,2003-04-13T00:00:00,West,Award,Kia Motors,KIPWK,
1890,Shawn,Marion,Phoenix Suns,NBA Player of the Week,,2004-05,,2004-11-28T00:00:00,West,Award,Kia Motors,KIPWK,
1890,Shawn,Marion,Phoenix Suns,NBA Player of the Week,,2004-05,,2004-12-19T00:00:00,West,Award,Kia Motors,KIPWK,
1890,Shawn,Marion,Phoenix Suns,NBA Player of the Week,,2005-06,,2006-01-01T00:00:00,West,Award,Kia Motors,KIPWK,
1890,Shawn,Marion,USA,Olympic Bronze Medal,,2004,,,,Award,Olympic,Bronze,
1890,Shawn,Marion,,NBA All-Star,,2002-03,,,,Award,All-Star,,
1890,Shawn,Marion,,NBA All-Star,,2004-05,,,,Award,All-Star,,
1890,Shawn,Marion,,NBA All-Star,,2005-06,,,,Award,All-Star,,
1890,Shawn,Marion,,NBA All-Star,,2006-07,,,,Award,All-Star,,
1890,Shawn,Marion,Dallas Mavericks,NBA Champion,,2010-11,,,,Award,Champion,,
1891,Jason,Terry,Atlanta Hawks,All-Rookie Team,2,1999-00,,,1610612737,Award,Kia Motors,KIART,
1891,Jason,Terry,Dallas Mavericks,NBA Player of the Week,,2004-05,,2005-01-23T00:00:00,West,Award,Kia Motors,KIPWK,
1891,Jason,Terry,Dallas Mavericks,NBA Sixth Man of the Year,,2008-09,,,,Award,Sporting News,KISMY,
1891,Jason,Terry,Dallas Mavericks,NBA Champion,,2010-11,,,,Award,Champion,,
1897,Metta,World Peace,Los Angeles Lakers,J. Walter Kennedy Citizenship,,2010-11,,,,Award,Kia Motors,KIWKC,
1897,Metta,World Peace,Indiana Pacers,NBA Defensive Player of the Year,,2003-04,,,,Award,Kia Motors,KDPYR,
1897,Ron,Artest,Indiana Pacers,All-Defensive Team,2,2002-03,,,1610612754,Award,Kia Motors,KIADT,
1897,Ron,Artest,Indiana Pacers,All-Defensive Team,1,2003-04,,,1610612754,Award,Kia Motors,KIADT,
1897,Ron,Artest,Sacramento Kings,All-Defensive Team,1,2005-06,,,1610612758,Award,Kia Motors,KIADT,
1897,Ron,Artest,Houston Rockets,All-Defensive Team,2,2008-09,,,1610612745,Award,Kia Motors,KIADT,
1897,Ron,Artest,Indiana Pacers,All-NBA,3,2003-04,,,1610612754,Award,Kia Motors,KIANT,
1897,Ron,Artest,Chicago Bulls,All-Rookie Team,2,1999-00,,,1610612741,Award,Kia Motors,KIART,
1897,Ron,Artest,Indiana Pacers,NBA Player of the Week,,2002-03,,2002-11-17T00:00:00,East,Award,Kia Motors,KIPWK,
1897,Ron,Artest,Indiana Pacers,NBA Player of the Week,,2003-04,,2003-11-09T00:00:00,East,Award,Kia Motors,KIPWK,
1897,Ron,Artest,Indiana Pacers,NBA Player of the Week,,2003-04,,2004-03-29T00:00:00,East,Award,Kia Motors,KIPWK,
1897,Metta,World Peace,,NBA All-Star,,2003-04,,,,Award,All-Star,,
1897,Metta,World Peace,Los Angeles Lakers,NBA Champion,,2009-10,,,,Award,Champion,,
1899,James,Posey,Denver Nuggets,All-Rookie Team,2,1999-00,,,1610612743,Award,Kia Motors,KIART,
1899,James,Posey,Boston Celtics,NBA Champion,,2007-08,,,,Award,Champion,,
1899,James,Posey,Miami Heat,NBA Champion,,2005-06,,,,Award,Champion,,
1904,Devean,George,Los Angeles Lakers,NBA Champion,,1999-00,,,,Award,Champion,,
1904,Devean,George,Los Angeles Lakers,NBA Champion,,2000-01,,,,Award,Champion,,
1904,Devean,George,Los Angeles Lakers,NBA Champion,,2001-02,,,,Award,Champion,,
1905,Andrei,Kirilenko,Utah Jazz,All-Defensive Team,2,2003-04,,,1610612762,Award,Kia Motors,KIADT,
1905,Andrei,Kirilenko,Utah Jazz,All-Defensive Team,2,2004-05,,,1610612762,Award,Kia Motors,KIADT,
1905,Andrei,Kirilenko,Utah Jazz,All-Defensive Team,1,2005-06,,,1610612762,Award,Kia Motors,KIADT,
1905,Andrei,Kirilenko,Utah Jazz,All-Rookie Team,1,2001-02,,,1610612762,Award,Kia Motors,KIART,
1905,Andrei,Kirilenko,Utah Jazz,NBA Player of the Week,,2003-04,,2003-11-09T00:00:00,West,Award,Kia Motors,KIPWK,
1905,Andrei,Kirilenko,Utah Jazz,NBA Player of the Week,,2003-04,,2004-02-29T00:00:00,West,Award,Kia Motors,KIPWK,
1905,Andrei,Kirilenko,Russia,Olympic Appearance,,2000,,,,Award,Olympic,Appearance,
1905,Andrei,Kirilenko,Russia,Olympic Appearance,,2008,,,,Award,Olympic,Appearance,
1905,Andrei,Kirilenko,Russia,Olympic Bronze Medal,,2012,,,,Award,Olympic,Bronze,
1905,Andrei,Kirilenko,,NBA All-Star,,2003-04,,,,Award,All-Star,,
1917,Wang,Zhizhi,China,Olympic Appearance,,1996,,,,Award,Olympic,Appearance,
1917,Wang,Zhizhi,China,Olympic Appearance,,2000,,,,Award,Olympic,Appearance,
1917,Wang,Zhizhi,China,Olympic Appearance,,2008,,,,Award,Olympic,Appearance,
1917,Wang,Zhizhi,China,Olympic Appearance,,2012,,,,Award,Olympic,Appearance,
1921,Gordan,Giricek,Orlando Magic,All-Rookie Team,2,2002-03,,,1610612753,Award,Kia Motors,KIART,
1922,Francisco,Elson,San Antonio Spurs,NBA Champion,,2006-07,,,,Award,Champion,,
1928,Todd,MacCulloch,Canada,Olympic Appearance,,2000,,,,Award,Olympic,Appearance,
1938,Manu,Ginobili,San Antonio Spurs,All-NBA,3,2007-08,,,1610612759,Award,Kia Motors,KIANT,
1938,Manu,Ginobili,San Antonio Spurs,All-NBA,3,2010-11,,,1610612759,Award,Kia Motors,KIANT,
1938,Manu,Ginobili,San Antonio Spurs,All-Rookie Team,2,2002-03,,,1610612759,Award,Kia Motors,KIART,
1938,Manu,Ginobili,San Antonio Spurs,NBA Player of the Week,,2006-07,,2007-03-11T00:00:00,West,Award,Kia Motors,KIPWK,
1938,Manu,Ginobili,San Antonio Spurs,NBA Player of the Week,,2007-08,,2008-02-24T00:00:00,West,Award,Kia Motors,KIPWK,
1938,Manu,Ginobili,San Antonio Spurs,NBA Player of the Week,,2009-10,,2010-03-29T00:00:00,West,Award,Kia Motors,KIPWK,
1938,Manu,Ginobili,San Antonio Spurs,NBA Rookie of the Month,,2002-03,03/01/2003,,West,Award,Kia Motors,KIRMO,
1938,Manu,Ginobili,San Antonio Spurs,NBA Sixth Man of the Year,,2007-08,,,,Award,Kia Motors,KISMY,
1938,Manu,Ginobili,Argentina,Olympic Appearance,,2012,,,,Award,Olympic,Appearance,
1938,Manu,Ginobili,Argentina,Olympic Bronze Medal,,2008,,,,Award,Olympic,Bronze,
1938,Manu,Ginobili,Argentina,Olympic Gold Medal,,2004,,,,Award,Olympic,Gold,
1938,Manu,Ginobili,,NBA All-Star,,2004-05,,,,Award,All-Star,,
1938,Manu,Ginobili,,NBA All-Star,,2010-11,,,,Award,All-Star,,
1938,Manu,Ginobili,San Antonio Spurs,NBA Champion,,2002-03,,,,Award,Champion,,
1938,Manu,Ginobili,San Antonio Spurs,NBA Champion,,2004-05,,,,Award,Champion,,
1938,Manu,Ginobili,San Antonio Spurs,NBA Champion,,2006-07,,,,Award,Champion,,
1938,Manu,Ginobili,San Antonio Spurs,NBA Champion,,2013-14,,,,Award,Champion,,
1952,Raja,Bell,Phoenix Suns,All-Defensive Team,1,2006-07,,,1610612756,Award,Kia Motors,KIADT,
1952,Raja,Bell,Phoenix Suns,All-Defensive Team,2,2007-08,,,1610612756,Award,Kia Motors,KIADT,
2030,Kenyon,Martin,New Jersey Nets,All-Rookie Team,1,2000-01,,,1610612751,Award,Kia Motors,KIART,
2030,Kenyon,Martin,New Jersey Nets,NBA Player of the Month,,2003-04,02/01/2004,,East,Award,Kia Motors,KIPMO,
2030,Kenyon,Martin,New Jersey Nets,NBA Player of the Week,,2003-04,,2004-02-08T00:00:00,East,Award,Kia Motors,KIPWK,
2030,Kenyon,Martin,New Jersey Nets,NBA Rookie of the Month,,2000-01,03/01/2001,,,Award,Kia Motors,KIRMO,
2030,Kenyon,Martin,New Jersey Nets,NBA Rookie of the Month,,2000-01,11/01/2000,,,Award,Kia Motors,KIRMO,
2030,Kenyon,Martin,,NBA All-Star,,2003-04,,,,Award,All-Star,,
2032,Darius,Miles,Los Angeles Clippers,All-Rookie Team,1,2000-01,,,1610612746,Award,Kia Motors,KIART,
2033,Marcus,Fizer,Chicago Bulls,All-Rookie Team,2,2000-01,,,1610612741,Award,Kia Motors,KIART,
2034,Mike,Miller,Orlando Magic,All-Rookie Team,1,2000-01,,,1610612753,Award,Kia Motors,KIART,
2034,Mike,Miller,Orlando Magic,NBA Rookie of the Month,,2000-01,02/01/2001,,,Award,Kia Motors,KIRMO,
2034,Mike,Miller,Orlando Magic,NBA Rookie of the Month,,2000-01,03/01/2001,,,Award,Kia Motors,KIRMO,
2034,Mike,Miller,Orlando Magic,NBA Rookie of the Year,,2000-01,,,,Award,Kia Motors,KIROY,
2034,Mike,Miller,Memphis Grizzlies,NBA Sixth Man of the Year,,2005-06,,,,Award,Kia Motors,KISMY,
2034,Mike,Miller,Orlando Magic,NBA Sporting News Rookie of the Year,,2000-01,,,,Award,Sporting News,SNROY,
2034,Mike,Miller,Miami Heat,NBA Champion,,2011-12,,,,Award,Champion,,
2034,Mike,Miller,Miami Heat,NBA Champion,,2012-13,,,,Award,Champion,,
2036,Chris,Mihm,Cleveland Cavaliers,All-Rookie Team,2,2000-01,,,1610612739,Award,Kia Motors,KIART,
2037,Jamal,Crawford,New York Knicks,NBA Player of the Week,,2005-06,,2006-04-09T00:00:00,East,Award,Kia Motors,KIPWK,
2037,Jamal,Crawford,Atlanta Hawks,NBA Sixth Man of the Year,,2009-10,,,,Award,Kia Motors,KISMY,
2037,Jamal,Crawford,Los Angeles Clippers,NBA Sixth Man of the Year,,2013-14,,,,Award,Kia Motors,KISMY,
2037,Jamal,Crawford,LA Clippers,NBA Sixth Man of the Year,,2015-16,,,West,Award,Kia Motors,KISMY,
2042,Courtney,Alexander,Washington Wizards,All-Rookie Team,2,2000-01,,,1610612764,Award,Kia Motors,KIART,
2042,Courtney,Alexander,Washington Wizards,NBA Rookie of the Month,,2000-01,04/01/2001,,,Award,Kia Motors,KIRMO,
2045,Hedo,Turkoglu,Orlando Magic,NBA Most Improved Player,,2007-08,,,,Award,Kia Motors,KIMIP,
2045,Hedo,Turkoglu,Orlando Magic,NBA Player of the Month,,2007-08,04/01/2008,,East,Award,Kia Motors,KIPMO,
2045,Hedo,Turkoglu,Orlando Magic,NBA Player of the Week,,2007-08,,2008-01-27T00:00:00,East,Award,Kia Motors,KIPWK,
2045,Hedo,Turkoglu,Orlando Magic,NBA Player of the Week,,2007-08,,2008-02-03T00:00:00,East,Award,Kia Motors,KIPWK,
2045,Hidayet,Turkoglu,Sacramento Kings,All-Rookie Team,2,2000-01,,,1610612758,Award,Kia Motors,KIART,
2046,Desmond,Mason,Seattle SuperSonics,All-Rookie Team,2,2000-01,,,1610612760,Award,Kia Motors,KIART,
2047,Quentin,Richardson,Los Angeles Clippers,NBA Player of the Week,,2003-04,,2003-11-16T00:00:00,West,Award,Kia Motors,KIPWK,
2048,Jamaal,Magloire,New Orleans Hornets,NBA Player of the Month,,2003-04,04/01/2004,,West,Award,Kia Motors,KIPMO,
2048,Jamaal,Magloire,New Orleans Hornets,NBA Player of the Week,,2003-04,,2004-04-12T00:00:00,East,Award,Kia Motors,KIPWK,
2048,Jamaal,Magloire,,NBA All-Star,,2003-04,,,,Award,All-Star,,
2049,Speedy,Claxton,San Antonio Spurs,NBA Champion,,2002-03,,,,Award,Champion,,
2050,Morris,Peterson,Toronto Raptors,All-Rookie Team,1,2000-01,,,1610612761,Award,Kia Motors,KIART,
2052,DeShawn,Stevenson,Dallas Mavericks,NBA Champion,,2010-11,,,,Award,Champion,,
2058,Mark,Madsen,Los Angeles Lakers,NBA Champion,,2000-01,,,,Award,Champion,,
2058,Mark,Madsen,Los Angeles Lakers,NBA Champion,,2001-02,,,,Award,Champion,,
2067,Eddie,House,Boston Celtics,NBA Champion,,2007-08,,,,Award,Champion,,
2071,Olumide,Oyedeji,Nigeria,Olympic Appearance,,2012,,,,Award,Olympic,Appearance,
2072,Michael,Redd,Milwaukee Bucks,All-NBA,3,2003-04,,,1610612749,Award,Kia Motors,KIANT,
2072,Michael,Redd,Milwaukee Bucks,NBA Player of the Month,,2003-04,01/01/2004,,East,Award,Kia Motors,KIPMO,
2072,Michael,Redd,Milwaukee Bucks,NBA Player of the Week,,2006-07,,2006-12-03T00:00:00,East,Award,Kia Motors,KIPWK,
2072,Michael,Redd,Milwaukee Bucks,NBA Player of the Week,,2006-07,,2006-12-31T00:00:00,East,Award,Kia Motors,KIPWK,
2072,Michael,Redd,USA,Olympic Gold Medal,,2008,,,,Award,Olympic,Gold,
2072,Michael,Redd,,NBA All-Star,,2003-04,,,,Award,All-Star,,
2073,Brian,Cardinal,Dallas Mavericks,NBA Champion,,2010-11,,,,Award,Champion,,
2080,Igor,Rakocevic,Serbia & Montenegro,Olympic Appearance,,2000,,,,Award,Olympic,Appearance,
2080,Igor,Rakocevic,Serbia & Montenegro,Olympic Appearance,,2004,,,,Award,Olympic,Appearance,
2091,Daniel,Santiago,Puerto Rico,Olympic Appearance,,1996,,,,Award,Olympic,Appearance,
2091,Daniel,Santiago,Puerto Rico,Olympic Appearance,,2004,,,,Award,Olympic,Appearance,
2098,Slava,Medvedenko,Los Angeles Lakers,NBA Champion,,2001-02,,,,Award,Champion,,
2106,Ruben,Wolkowyski,Argentina,Olympic Appearance,,1996,,,,Award,Olympic,Appearance,
2106,Ruben,Wolkowyski,Argentina,Olympic Gold Medal,,2004,,,,Award,Olympic,Gold,
2143,Pepe,Sanchez,Argentina,Olympic Gold Medal,,2004,,,,Award,Olympic,Gold,
2199,Tyson,Chandler,New York Knicks,All-Defensive Team,2,2010-11,,,1610612752,Award,Kia Motors,KIADT,
2199,Tyson,Chandler,New York Knicks,All-Defensive Team,2,2011-12,,,1610612752,Award,Kia Motors,KIADT,
2199,Tyson,Chandler,New York Knicks,All-Defensive Team,1,2012-13,,,1610612752,Award,Kia Motors,KIADT,
2199,Tyson,Chandler,New York Knicks,All-NBA,3,2011-12,,,1610612752,Award,Kia Motors,KIANT,
2199,Tyson,Chandler,New York Knicks,NBA Defensive Player of the Year,,2011-12,,,,Award,Kia Motors,KDPYR,
2199,Tyson,Chandler,USA,Olympic Gold Medal,,2012,,,,Award,Olympic,Gold,
2199,Tyson,Chandler,,NBA All-Star,,2012-13,,,,Award,All-Star,,
2199,Tyson,Chandler,Dallas Mavericks,NBA Champion,,2010-11,,,,Award,Champion,,
2200, Pau,Gasol,,Olympic Bronze Medal,,2016,,,,Award,Olympic,Bronze,
2200,Pau,Gasol,Los Angeles Lakers,All-NBA,3,2008-09,,,1610612747,Award,Kia Motors,KIANT,
2200,Pau,Gasol,Los Angeles Lakers,All-NBA,3,2009-10,,,1610612747,Award,Kia Motors,KIANT,
2200,Pau,Gasol,Los Angeles Lakers,All-NBA,2,2010-11,,,1610612747,Award,Kia Motors,KIANT,
2200,Pau,Gasol,Chicago Bulls,All-NBA,2,2014-15,,,1610612741,Award,Kia Motors,KIANT,
2200,Pau,Gasol,Memphis Grizzlies,All-Rookie Team,1,2001-02,,,1610612763,Award,Kia Motors,KIART,
2200,Pau,Gasol,Los Angeles Lakers,J. Walter Kennedy Citizenship,,2011-12,,,,Award,Kia Motors,KIWKC,
2200,Pau,Gasol,Los Angeles Lakers,NBA Player of the Month,,2008-09,02/01/2009,,West,Award,Kia Motors,KIPMO,
2200,Pau,Gasol,Memphis Grizzlies,NBA Player of the Week,,2004-05,,2005-01-02T00:00:00,West,Award,Kia Motors,KIPWK,
2200,Pau,Gasol,Memphis Grizzlies,NBA Player of the Week,,2005-06,,2006-03-05T00:00:00,West,Award,Kia Motors,KIPWK,
2200,Pau,Gasol,Memphis Grizzlies,NBA Player of the Week,,2005-06,,2006-03-26T00:00:00,West,Award,Kia Motors,KIPWK,
2200,Pau,Gasol,Los Angeles Lakers,NBA Player of the Week,,2008-09,,2009-02-09T00:00:00,West,Award,Kia Motors,KIPWK,
2200,Pau,Gasol,Los Angeles Lakers,NBA Player of the Week,,2008-09,,2009-02-23T00:00:00,West,Award,Kia Motors,KIPWK,
2200,Pau,Gasol,Los Angeles Lakers,NBA Player of the Week,,2009-10,,2010-03-22T00:00:00,West,Award,Kia Motors,KIPWK,
2200,Pau,Gasol,Los Angeles Lakers,NBA Player of the Week,,2010-11,,2010-11-01T00:00:00,West,Award,Kia Motors,KIPWK,
2200,Pau,Gasol,Memphis Grizzlies,NBA Rookie of the Month,,2001-02,01/01/2002,,West,Award,Kia Motors,KIRMO,
2200,Pau,Gasol,Memphis Grizzlies,NBA Rookie of the Month,,2001-02,03/01/2002,,West,Award,Kia Motors,KIRMO,
2200,Pau,Gasol,Memphis Grizzlies,NBA Rookie of the Month,,2001-02,11/01/2001,,West,Award,Kia Motors,KIRMO,
2200,Pau,Gasol,Memphis Grizzlies,NBA Rookie of the Year,,2001-02,,,,Award,Kia Motors,KIROY,
2200,Pau,Gasol,Spain,Olympic Appearance,,2004,,,,Award,Olympic,Appearance,
2200,Pau,Gasol,Spain,Olympic Silver Medal,,2008,,,,Award,Olympic,Silver,
2200,Pau,Gasol,Spain,Olympic Silver Medal,,2012,,,,Award,Olympic,Silver,
2200,Pau,Gasol,,NBA All-Star,,2014-15,,,,Award,All-Star,,
2200,Pau,Gasol,,NBA All-Star,,2015-16,,,,Award,All-Star,,
2200,Pau,Gasol,,NBA All-Star,,2005-06,,,,Award,All-Star,,
2200,Pau,Gasol,,NBA All-Star,,2008-09,,,,Award,All-Star,,
2200,Pau,Gasol,,NBA All-Star,,2009-10,,,,Award,All-Star,,
2200,Pau,Gasol,,NBA All-Star,,2010-11,,,,Award,All-Star,,
2200,Pau,Gasol,Los Angeles Lakers,NBA Champion,,2008-09,,,,Award,Champion,,
2200,Pau,Gasol,Los Angeles Lakers,NBA Champion,,2009-10,,,,Award,Champion,,
2201,Eddy,Curry,Miami Heat,NBA Champion,,2011-12,,,,Award,Champion,,
2202,Jason,Richardson,Golden State Warriors,All-Rookie Team,1,2001-02,,,1610612744,Award,Kia Motors,KIART,
2202,Jason,Richardson,Golden State Warriors,NBA Player of the Week,,2004-05,,2005-03-20T00:00:00,West,Award,Kia Motors,KIPWK,
2202,Jason,Richardson,Charlotte Bobcats,NBA Player of the Week,,2007-08,,2008-03-09T00:00:00,East,Award,Kia Motors,KIPWK,
2202,Jason,Richardson,Charlotte Bobcats,NBA Player of the Week,,2007-08,,2008-03-30T00:00:00,East,Award,Kia Motors,KIPWK,
2202,Jason,Richardson,Golden State Warriors,NBA Rookie of the Month,,2001-02,02/01/2002,,West,Award,Kia Motors,KIRMO,
2203,Shane,Battier,Houston Rockets,All-Defensive Team,2,2007-08,,,1610612745,Award,Kia Motors,KIADT,
2203,Shane,Battier,Houston Rockets,All-Defensive Team,2,2008-09,,,1610612745,Award,Kia Motors,KIADT,
2203,Shane,Battier,Memphis Grizzlies,All-Rookie Team,1,2001-02,,,1610612763,Award,Kia Motors,KIART,
2203,Shane,Battier,Memphis Grizzlies,NBA Rookie of the Month,,2001-02,12/01/2001,,West,Award,Kia Motors,KIRMO,
2203,Shane,Battier,Miami Heat,NBA Champion,,2011-12,,,,Award,Champion,,
2203,Shane,Battier,Miami Heat,NBA Champion,,2012-13,,,,Award,Champion,,
2204,Eddie,Griffin,Houston Rockets,All-Rookie Team,2,2001-02,,,1610612745,Award,Kia Motors,KIART,
2207,Joe,Johnson,Atlanta Hawks,All-NBA,3,2009-10,,,1610612737,Award,Kia Motors,KIANT,
2207,Joe,Johnson,Boston Celtics-Phoenix Suns,All-Rookie Team,2,2001-02,,,1610612756,Award,Kia Motors,KIART,
2207,Joe,Johnson,Atlanta Hawks,NBA Player of the Month,,2007-08,03/01/2008,,East,Award,Kia Motors,KIPMO,
2207,Joe,Johnson,Atlanta Hawks,NBA Player of the Week,,2005-06,,2005-12-19T00:00:00,East,Award,Kia Motors,KIPWK,
2207,Joe,Johnson,Atlanta Hawks,NBA Player of the Week,,2006-07,,2006-11-12T00:00:00,East,Award,Kia Motors,KIPWK,
2207,Joe,Johnson,Atlanta Hawks,NBA Player of the Week,,2007-08,,2007-12-23T00:00:00,East,Award,Kia Motors,KIPWK,
2207,Joe,Johnson,Atlanta Hawks,NBA Player of the Week,,2007-08,,2008-04-06T00:00:00,East,Award,Kia Motors,KIPWK,
2207,Joe,Johnson,Atlanta Hawks,NBA Player of the Week,,2009-10,,2009-11-09T00:00:00,East,Award,Kia Motors,KIPWK,
2207,Joe,Johnson,Atlanta Hawks,NBA Player of the Week,,2011-12,,2012-03-19T00:00:00,East,Award,Kia Motors,KIPWK,
2207,Joe,Johnson,Brooklyn Nets,NBA Player of the Week,,2013-14,,2014-03-24T00:00:00,East,Award,Kia Motors,KIPWK,
2207,Joe,Johnson,,NBA All-Star,,2006-07,,,,Award,All-Star,,
2207,Joe,Johnson,,NBA All-Star,,2007-08,,,,Award,All-Star,,
2207,Joe,Johnson,,NBA All-Star,,2008-09,,,,Award,All-Star,,
2207,Joe,Johnson,,NBA All-Star,,2009-10,,,,Award,All-Star,,
2207,Joe,Johnson,,NBA All-Star,,2010-11,,,,Award,All-Star,,
2207,Joe,Johnson,,NBA All-Star,,2011-12,,,,Award,All-Star,,
2207,Joe,Johnson,,NBA All-Star,,2013-14,,,,Award,All-Star,,
2209,Vladimir,Radmanovic,Seattle SuperSonics,All-Rookie Team,2,2001-02,,,1610612760,Award,Kia Motors,KIART,
2209,Vladimir,Radmanovic,Serbia & Montenegro,Olympic Appearance,,2004,,,,Award,Olympic,Appearance,
2210,Richard,Jefferson,New Jersey Nets,All-Rookie Team,2,2001-02,,,1610612751,Award,Kia Motors,KIART,
2210,Richard,Jefferson,New Jersey Nets,NBA Player of the Week,,2002-03,,2003-03-30T00:00:00,East,Award,Kia Motors,KIPWK,
2210,Richard,Jefferson,New Jersey Nets,NBA Player of the Week,,2003-04,,2004-04-05T00:00:00,East,Award,Kia Motors,KIPWK,
2210,Richard,Jefferson,New Jersey Nets,NBA Player of the Week,,2004-05,,2004-12-12T00:00:00,East,Award,Kia Motors,KIPWK,
2210,Richard,Jefferson,New Jersey Nets,NBA Rookie of the Month,,2001-02,01/01/2002,,East,Award,Kia Motors,KIRMO,
2210,Richard,Jefferson,USA,Olympic Bronze Medal,,2004,,,,Award,Olympic,Bronze,
2210,Richard,Jefferson,Cleveland Cavaliers,NBA Champion,,2015-16,,,,Award,Champion,,
2216,Zach,Randolph,Memphis Grizzlies,All-NBA,3,2010-11,,,1610612763,Award,Kia Motors,KIANT,
2216,Zach,Randolph,Memphis Grizzlies,NBA Most Improved Player,,2003-04,,,,Award,Kia Motors,KIMIP,
2216,Zach,Randolph,Memphis Grizzlies,NBA Player of the Month,,2010-11,01/01/2011,,East,Award,Kia Motors,KIPMO,
2216,Zach,Randolph,Memphis Grizzlies,NBA Player of the Week,,2010-11,,2011-01-10T00:00:00,West,Award,Kia Motors,KIPWK,
2216,Zach,Randolph,Memphis Grizzlies,NBA Player of the Week,,2010-11,,2011-01-31T00:00:00,West,Award,Kia Motors,KIPWK,
2216,Zach,Randolph,Memphis Grizzlies,NBA Player of the Week,,2014-15,,2015-01-26T00:00:00,West,Award,Kia Motors,KIPWK,
2216,Zach,Randolph,,NBA All-Star,,2009-10,,,,Award,All-Star,,
2216,Zach,Randolph,,NBA All-Star,,2012-13,,,,Award,All-Star,,
2217,Brendan,Haywood,Washington Wizards,NBA Rookie of the Month,,2001-02,12/01/2001,,East,Award,Kia Motors,KIRMO,
2217,Brendan,Haywood,Dallas Mavericks,NBA Champion,,2010-11,,,,Award,Champion,,
2221,Raul,Lopez,Spain,Olympic Appearance,,2000,,,,Award,Olympic,Appearance,
2221,Raul,Lopez,Spain,Olympic Silver Medal,,2008,,,,Award,Olympic,Silver,
2222,Gerald,Wallace,Charlotte Bobcats,All-Defensive Team,1,2009-10,,,1610612766,Award,Kia Motors,KIADT,
2222,Gerald,Wallace,Charlotte Bobcats,NBA Player of the Week,,2005-06,,2005-11-28T00:00:00,East,Award,Kia Motors,KIPWK,
2222,Gerald,Wallace,Charlotte Bobcats,NBA Player of the Week,,2006-07,,2007-03-25T00:00:00,East,Award,Kia Motors,KIPWK,
2222,Gerald,Wallace,Charlotte Bobcats,NBA Player of the Week,,2006-07,,2007-04-08T00:00:00,East,Award,Kia Motors,KIPWK,
2222,Gerald,Wallace,Charlotte Bobcats,NBA Player of the Week,,2007-08,,2008-01-20T00:00:00,East,Award,Kia Motors,KIPWK,
2222,Gerald,Wallace,Charlotte Bobcats,NBA Player of the Week,,2009-10,,2009-11-30T00:00:00,East,Award,Kia Motors,KIPWK,
2222,Gerald,Wallace,,NBA All-Star,,2009-10,,,,Award,All-Star,,
2223,Samuel,Dalembert,Philadelphia 76ers,J. Walter Kennedy Citizenship,,2009-10,,,,Award,Kia Motors,KIWKC,
2224,Jamaal,Tinsley,Indiana Pacers,All-Rookie Team,2,2001-02,,,1610612754,Award,Kia Motors,KIART,
2224,Jamaal,Tinsley,Indiana Pacers,NBA Rookie of the Month,,2001-02,03/01/2002,,East,Award,Kia Motors,KIRMO,
2224,Jamaal,Tinsley,Indiana Pacers,NBA Rookie of the Month,,2001-02,11/01/2001,,East,Award,Kia Motors,KIRMO,
2225,Tony,Parker,San Antonio Spurs,All-NBA,3,2008-09,,,1610612759,Award,Kia Motors,KIANT,
2225,Tony,Parker,San Antonio Spurs,All-NBA,2,2011-12,,,1610612759,Award,Kia Motors,KIANT,
2225,Tony,Parker,San Antonio Spurs,All-NBA,2,2012-13,,,1610612759,Award,Kia Motors,KIANT,
2225,Tony,Parker,San Antonio Spurs,All-NBA,2,2013-14,,,1610612759,Award,Kia Motors,KIANT,
2225,Tony,Parker,San Antonio Spurs,All-Rookie Team,1,2001-02,,,1610612759,Award,Kia Motors,KIART,
2225,Tony,Parker,San Antonio Spurs,NBA Finals Most Valuable Player,,2006-07,,,,Award,Kia Motors,KFMVP,
2225,Tony,Parker,San Antonio Spurs,NBA Player of the Month,,2012-13,01/01/2013,,West,Award,Kia Motors,KIPMO,
2225,Tony,Parker,San Antonio Spurs,NBA Player of the Week,,2005-06,,2006-02-13T00:00:00,West,Award,Kia Motors,KIPWK,
2225,Tony,Parker,San Antonio Spurs,NBA Player of the Week,,2007-08,,2007-11-25T00:00:00,West,Award,Kia Motors,KIPWK,
2225,Tony,Parker,San Antonio Spurs,NBA Player of the Week,,2008-09,,2009-02-02T00:00:00,West,Award,Kia Motors,KIPWK,
2225,Tony,Parker,San Antonio Spurs,NBA Player of the Week,,2008-09,,2009-03-30T00:00:00,West,Award,Kia Motors,KIPWK,
2225,Tony,Parker,San Antonio Spurs,NBA Player of the Week,,2010-11,,2010-12-20T00:00:00,West,Award,Kia Motors,KIPWK,
2225,Tony,Parker,San Antonio Spurs,NBA Player of the Week,,2011-12,,2012-01-30T00:00:00,West,Award,Kia Motors,KIPWK,
2225,Tony,Parker,San Antonio Spurs,NBA Player of the Week,,2012-13,,2013-01-21T00:00:00,West,Award,Kia Motors,KIPWK,
2225,Tony,Parker,San Antonio Spurs,NBA Sporting News Rookie of the Year,,2001-02,,,,Award,Sporting News,SNROY,
2225,Tony,Parker,France,Olympic Appearance,,2012,,,,Award,Olympic,Appearance,
2225,Tony,Parker,,NBA All-Star,,2005-06,,,,Award,All-Star,,
2225,Tony,Parker,,NBA All-Star,,2008-09,,,,Award,All-Star,,
2225,Tony,Parker,,NBA All-Star,,2011-12,,,,Award,All-Star,,
2225,Tony,Parker,,NBA All-Star,,2012-13,,,,Award,All-Star,,
2225,Tony,Parker,,NBA All-Star,,2013-14,,,,Award,All-Star,,
2225,Tony,Parker,,NBA All-Star,,2006-07,,,,Award,All-Star,,
2225,Tony,Parker,San Antonio Spurs,NBA Champion,,2002-03,,,,Award,Champion,,
2225,Tony,Parker,San Antonio Spurs,NBA Champion,,2004-05,,,,Award,Champion,,
2225,Tony,Parker,San Antonio Spurs,NBA Champion,,2006-07,,,,Award,Champion,,
2225,Tony,Parker,San Antonio Spurs,NBA Champion,,2013-14,,,,Award,Champion,,
2229,Mike,James,Toronto Raptors,NBA Player of the Week,,2005-06,,2006-01-08T00:00:00,East,Award,Kia Motors,KIPWK,
2229,Mike,James,Detroit Pistons,NBA Champion,,2003-04,,,,Award,Champion,,
2239,Trenton,Hassell,Chicago Bulls,NBA Rookie of the Month,,2001-02,02/01/2002,,East,Award,Kia Motors,KIRMO,
2240,Gilbert,Arenas,Washington Wizards,All-NBA,3,2004-05,,,1610612764,Award,Kia Motors,KIANT,
2240,Gilbert,Arenas,Washington Wizards,All-NBA,3,2005-06,,,1610612764,Award,Kia Motors,KIANT,
2240,Gilbert,Arenas,Washington Wizards,All-NBA,2,2006-07,,,1610612764,Award,Kia Motors,KIANT,
2240,Gilbert,Arenas,Washington Wizards,NBA Most Improved Player,,2002-03,,,,Award,Kia Motors,KIMIP,
2240,Gilbert,Arenas,Washington Wizards,NBA Player of the Month,,2006-07,12/01/2006,,East,Award,Kia Motors,KIPMO,
2240,Gilbert,Arenas,Washington Wizards,NBA Player of the Week,,2004-05,,2004-12-05T00:00:00,East,Award,Kia Motors,KIPWK,
2240,Gilbert,Arenas,Washington Wizards,NBA Player of the Week,,2005-06,,2005-11-14T00:00:00,East,Award,Kia Motors,KIPWK,
2240,Gilbert,Arenas,Washington Wizards,NBA Player of the Week,,2005-06,,2006-02-13T00:00:00,East,Award,Kia Motors,KIPWK,
2240,Gilbert,Arenas,Washington Wizards,NBA Player of the Week,,2005-06,,2006-02-27T00:00:00,East,Award,Kia Motors,KIPWK,
2240,Gilbert,Arenas,Washington Wizards,NBA Player of the Week,,2006-07,,2006-12-10T00:00:00,East,Award,Kia Motors,KIPWK,
2240,Gilbert,Arenas,Washington Wizards,NBA Player of the Week,,2006-07,,2006-12-17T00:00:00,East,Award,Kia Motors,KIPWK,
2240,Gilbert,Arenas,Washington Wizards,NBA Player of the Week,,2006-07,,2007-01-07T00:00:00,East,Award,Kia Motors,KIPWK,
2240,Gilbert,Arenas,Washington Wizards,NBA Rookie of the Month,,2001-02,04/01/2002,,East,Award,Kia Motors,KIRMO,
2240,Gilbert,Arenas,,NBA All-Star,,2004-05,,,,Award,All-Star,,
2240,Gilbert,Arenas,,NBA All-Star,,2005-06,,,,Award,All-Star,,
2240,Gilbert,Arenas,,NBA All-Star,,2006-07,,,,Award,All-Star,,
2243,Brian,Scalabrine,Boston Celtics,NBA Champion,,2007-08,,,,Award,Champion,,
2246,Mehmet,Okur,Utah Jazz,NBA Player of the Week,,2006-07,,2007-02-04T00:00:00,West,Award,Kia Motors,KIPWK,
2246,Mehmet,Okur,,NBA All-Star,,2006-07,,,,Award,All-Star,,
2246,Mehmet,Okur,Detroit Pistons,NBA Champion,,2003-04,,,,Award,Champion,,
2250,Bobby,Simmons,Los Angeles Clippers,NBA Most Improved Player,,2004-05,,,,Award,Kia Motors,KIMIP,
2306,Carlos,Arroyo,Puerto Rico,Olympic Appearance,,2004,,,,Award,Olympic,Appearance,
2365,Chris,Andersen,Miami Heat,NBA Champion,,2012-13,,,,Award,Champion,,
2397,Yao,Ming,Houston Rockets,All-NBA,3,2003-04,,,1610612745,Award,Kia Motors,KIANT,
2397,Yao,Ming,Houston Rockets,All-NBA,3,2005-06,,,1610612745,Award,Kia Motors,KIANT,
2397,Yao,Ming,Houston Rockets,All-NBA,2,2006-07,,,1610612745,Award,Kia Motors,KIANT,
2397,Yao,Ming,Houston Rockets,All-NBA,3,2007-08,,,1610612745,Award,Kia Motors,KIANT,
2397,Yao,Ming,Houston Rockets,All-NBA,2,2008-09,,,1610612745,Award,Kia Motors,KIANT,
2397,Yao,Ming,Houston Rockets,All-Rookie Team,1,2002-03,,,1610612745,Award,Kia Motors,KIART,
2397,Yao,Ming,,Hall of Fame Inductee,,2016,,,,Award,Hall of Fame,,
2397,Yao,Ming,Houston Rockets,NBA Player of the Month,,2006-07,11/01/2006,,West,Award,Kia Motors,KIPMO,
2397,Yao,Ming,Houston Rockets,NBA Player of the Month,,2007-08,01/01/2008,,West,Award,Kia Motors,KIPMO,
2397,Yao,Ming,Houston Rockets,NBA Player of the Week,,2003-04,,2004-03-07T00:00:00,West,Award,Kia Motors,KIPWK,
2397,Yao,Ming,Houston Rockets,NBA Player of the Week,,2005-06,,2006-02-27T00:00:00,West,Award,Kia Motors,KIPWK,
2397,Yao,Ming,Houston Rockets,NBA Player of the Week,,2005-06,,2006-04-02T00:00:00,West,Award,Kia Motors,KIPWK,
2397,Yao,Ming,Houston Rockets,NBA Player of the Week,,2006-07,,2006-11-12T00:00:00,West,Award,Kia Motors,KIPWK,
2397,Yao,Ming,Houston Rockets,NBA Player of the Week,,2006-07,,2007-04-01T00:00:00,West,Award,Kia Motors,KIPWK,
2397,Yao,Ming,Houston Rockets,NBA Player of the Week,,2007-08,,2007-11-11T00:00:00,West,Award,Kia Motors,KIPWK,
2397,Yao,Ming,Houston Rockets,NBA Rookie of the Month,,2002-03,02/01/2003,,West,Award,Kia Motors,KIRMO,
2397,Yao,Ming,Houston Rockets,NBA Rookie of the Month,,2002-03,12/01/2002,,West,Award,Kia Motors,KIRMO,
2397,Yao,Ming,Houston Rockets,NBA Sporting News Rookie of the Year,,2002-03,,,,Award,Sporting News,SNROY,
2397,Yao,Ming,China,Olympic Appearance,,2000,,,,Award,Olympic,Appearance,
2397,Yao,Ming,China,Olympic Appearance,,2004,,,,Award,Olympic,Appearance,
2397,Yao,Ming,China,Olympic Appearance,,2008,,,,Award,Olympic,Appearance,
2397,Yao,Ming,,NBA All-Star,,2002-03,,,,Award,All-Star,,
2397,Yao,Ming,,NBA All-Star,,2003-04,,,,Award,All-Star,,
2397,Yao,Ming,,NBA All-Star,,2004-05,,,,Award,All-Star,,
2397,Yao,Ming,,NBA All-Star,,2005-06,,,,Award,All-Star,,
2397,Yao,Ming,,NBA All-Star,,2006-07,,,,Award,All-Star,,
2397,Yao,Ming,,NBA All-Star,,2007-08,,,,Award,All-Star,,
2397,Yao,Ming,,NBA All-Star,,2008-09,,,,Award,All-Star,,
2397,Yao,Ming,,NBA All-Star,,2010-11,,,,Award,All-Star,,
2398,Jay,Williams,Chicago Bulls,All-Rookie Team,2,2002-03,,,1610612741,Award,Kia Motors,KIART,
2398,Jay,Williams,Chicago Bulls,NBA Rookie of the Month,,2002-03,12/01/2002,,East,Award,Kia Motors,KIRMO,
2400,Drew,Gooden,Orlando Magic,All-Rookie Team,1,2002-03,,,1610612753,Award,Kia Motors,KIART,
2400,Drew,Gooden,Milwaukee Bucks,NBA Player of the Week,,2011-12,,2012-03-12T00:00:00,East,Award,Kia Motors,KIPWK,
2400,Drew,Gooden,Orlando Magic,NBA Rookie of the Month,,2002-03,11/01/2002,,East,Award,Kia Motors,KIRMO,
2403,Nene,Hilario,Denver Nuggets,All-Rookie Team,1,2002-03,,,1610612743,Award,Kia Motors,KIART,
2403,Nene,Hilaro,Brazil,Olympic Appearance,,2012,,,,Award,Olympic,Appearance,
2404,Chris,Wilcox,Seattle SuperSonics,NBA Player of the Week,,2005-06,,2006-04-09T00:00:00,West,Award,Kia Motors,KIPWK,
2405,Amar'e,Stoudemire,Phoenix Suns,All-NBA,2,2004-05,,,1610612756,Award,Kia Motors,KIANT,
2405,Amar'e,Stoudemire,Phoenix Suns,All-NBA,1,2006-07,,,1610612756,Award,Kia Motors,KIANT,
2405,Amar'e,Stoudemire,Phoenix Suns,All-NBA,2,2007-08,,,1610612756,Award,Kia Motors,KIANT,
2405,Amar'e,Stoudemire,Phoenix Suns,All-NBA,2,2009-10,,,1610612756,Award,Kia Motors,KIANT,
2405,Amar'e,Stoudemire,New York Knicks,All-NBA,2,2010-11,,,1610612752,Award,Kia Motors,KIANT,
2405,Amar'e,Stoudemire,Phoenix Suns,All-Rookie Team,1,2002-03,,,1610612756,Award,Kia Motors,KIART,
2405,Amar'e,Stoudemire,Phoenix Suns,NBA Player of the Week,,2004-05,,2004-11-21T00:00:00,West,Award,Kia Motors,KIPWK,
2405,Amar'e,Stoudemire,Phoenix Suns,NBA Player of the Week,,2004-05,,2004-12-12T00:00:00,West,Award,Kia Motors,KIPWK,
2405,Amar'e,Stoudemire,Phoenix Suns,NBA Player of the Week,,2006-07,,2007-02-25T00:00:00,West,Award,Kia Motors,KIPWK,
2405,Amar'e,Stoudemire,Phoenix Suns,NBA Player of the Week,,2007-08,,2008-02-10T00:00:00,West,Award,Kia Motors,KIPWK,
2405,Amar'e,Stoudemire,Phoenix Suns,NBA Player of the Week,,2007-08,,2008-03-16T00:00:00,West,Award,Kia Motors,KIPWK,
2405,Amar'e,Stoudemire,Phoenix Suns,NBA Player of the Week,,2008-09,,2008-11-10T00:00:00,West,Award,Kia Motors,KIPWK,
2405,Amar'e,Stoudemire,New York Knicks,NBA Player of the Week,,2010-11,,2010-11-22T00:00:00,East,Award,Kia Motors,KIPWK,
2405,Amar'e,Stoudemire,New York Knicks,NBA Player of the Week,,2010-11,,2010-12-06T00:00:00,East,Award,Kia Motors,KIPWK,
2405,Amare,Stoudemire,Phoenix Suns,NBA Player of the Month,,2004-05,04/01/2005,,West,Award,Kia Motors,KIPMO,
2405,Amare,Stoudemire,Phoenix Suns,NBA Player of the Month,,2009-10,03/01/2010,,West,Award,Kia Motors,KIPMO,
2405,Amare,Stoudemire,Phoenix Suns,NBA Rookie of the Month,,2002-03,01/01/2003,,West,Award,Kia Motors,KIRMO,
2405,Amare,Stoudemire,Phoenix Suns,NBA Rookie of the Month,,2002-03,04/01/2003,,West,Award,Kia Motors,KIRMO,
2405,Amare,Stoudemire,Phoenix Suns,NBA Rookie of the Year,,2002-03,,,,Award,Kia Motors,KIROY,
2405,Amare,Stoudemire,USA,Olympic Bronze Medal,,2004,,,,Award,Olympic,Bronze,
2405,Amar'e,Stoudemire,,NBA All-Star,,2010-11,,,,Award,All-Star,,
2405,Amar'e,Stoudemire,,NBA All-Star,,2004-05,,,,Award,All-Star,,
2405,Amar'e,Stoudemire,,NBA All-Star,,2006-07,,,,Award,All-Star,,
2405,Amar'e,Stoudemire,,NBA All-Star,,2007-08,,,,Award,All-Star,,
2405,Amar'e,Stoudemire,,NBA All-Star,,2008-09,,,,Award,All-Star,,
2405,Amar'e,Stoudemire,,NBA All-Star,,2009-10,,,,Award,All-Star,,
2406,Caron,Butler,Miami Heat,All-Rookie Team,1,2002-03,,,1610612748,Award,Kia Motors,KIART,
2406,Caron,Butler,Washington Wizards,NBA Player of the Week,,2006-07,,2007-01-21T00:00:00,East,Award,Kia Motors,KIPWK,
2406,Caron,Butler,Miami Heat,NBA Rookie of the Month,,2002-03,01/01/2003,,East,Award,Kia Motors,KIRMO,
2406,Caron,Butler,Miami Heat,NBA Rookie of the Month,,2002-03,02/01/2003,,East,Award,Kia Motors,KIRMO,
2406,Caron,Butler,Miami Heat,NBA Rookie of the Month,,2002-03,03/01/2003,,East,Award,Kia Motors,KIRMO,
2406,Caron,Butler,Miami Heat,NBA Rookie of the Month,,2002-03,11/01/2002,,East,Award,Kia Motors,KIRMO,
2406,Caron,Butler,,NBA All-Star,,2006-07,,,,Award,All-Star,,
2406,Caron,Butler,,NBA All-Star,,2007-08,,,,Award,All-Star,,
2419,Tayshaun,Prince,Detroit Pistons,All-Defensive Team,2,2004-05,,,1610612765,Award,Kia Motors,KIADT,
2419,Tayshaun,Prince,Detroit Pistons,All-Defensive Team,2,2005-06,,,1610612765,Award,Kia Motors,KIADT,
2419,Tayshaun,Prince,Detroit Pistons,All-Defensive Team,2,2006-07,,,1610612765,Award,Kia Motors,KIADT,
2419,Tayshaun,Prince,Detroit Pistons,All-Defensive Team,2,2007-08,,,1610612765,Award,Kia Motors,KIADT,
2419,Tayshaun,Prince,USA,Olympic Gold Medal,,2008,,,,Award,Olympic,Gold,
2419,Tayshaun,Prince,Detroit Pistons,NBA Champion,,2003-04,,,,Award,Champion,,
2420,Nenad,Krstic,New Jersey Nets,All-Rookie Team,2,2004-05,,,1610612751,Award,Kia Motors,KIART,
2420,Nenad,Krstic,Serbia & Montenegro,Olympic Appearance,,2004,,,,Award,Olympic,Appearance,
2425,Robert,Archibald,Great Britain,Olympic Appearance,,2012,,,,Award,Olympic,Appearance,
2430,Carlos,Boozer,Utah Jazz,All-NBA,3,2007-08,,,1610612762,Award,Kia Motors,KIANT,
2430,Carlos,Boozer,Cleveland Cavaliers,All-Rookie Team,2,2002-03,,,1610612739,Award,Kia Motors,KIART,
2430,Carlos,Boozer,Utah Jazz,NBA Player of the Month,,2007-08,11/01/2007,,West,Award,Kia Motors,KIPMO,
2430,Carlos,Boozer,Utah Jazz,NBA Player of the Month,,2009-10,02/01/2010,,West,Award,Kia Motors,KIPMO,
2430,Carlos,Boozer,Cleveland Cavaliers,NBA Player of the Week,,2003-04,,2004-01-25T00:00:00,West,Award,Kia Motors,KIPWK,
2430,Carlos,Boozer,Utah Jazz,NBA Player of the Week,,2006-07,,2006-11-06T00:00:00,West,Award,Kia Motors,KIPWK,
2430,Carlos,Boozer,Utah Jazz,NBA Player of the Week,,2006-07,,2006-12-17T00:00:00,West,Award,Kia Motors,KIPWK,
2430,Carlos,Boozer,Utah Jazz,NBA Player of the Week,,2009-10,,2009-12-07T00:00:00,West,Award,Kia Motors,KIPWK,
2430,Carlos,Boozer,Utah Jazz,NBA Player of the Week,,2009-10,,2010-02-22T00:00:00,West,Award,Kia Motors,KIPWK,
2430,Carlos,Boozer,Utah Jazz,NBA Player of the Week,,2009-10,,2010-03-01T00:00:00,West,Award,Kia Motors,KIPWK,
2430,Carlos,Boozer,Chicago Bulls,NBA Player of the Week,,2012-13,,2013-01-14T00:00:00,East,Award,Kia Motors,KIPWK,
2430,Carlos,Boozer,Cleveland Cavaliers,NBA Rookie of the Month,,2002-03,04/01/2003,,East,Award,Kia Motors,KIRMO,
2430,Carlos,Boozer,USA,Olympic Bronze Medal,,2004,,,,Award,Olympic,Bronze,
2430,Carlos,Boozer,USA,Olympic Gold Medal,,2008,,,,Award,Olympic,Gold,
2430,Carlos,Boozer,,NBA All-Star,,2006-07,,,,Award,All-Star,,
2430,Carlos,Boozer,,NBA All-Star,,2007-08,,,,Award,All-Star,,
2431,David,Andersen,Australia,Olympic Appearance,,2004,,,,Award,Olympic,Appearance,
2431,David,Andersen,Australia,Olympic Appearance,,2008,,,,Award,Olympic,Appearance,
2431,David,Andersen,Australia,Olympic Appearance,,2012,,,,Award,Olympic,Appearance,
2434, Juan Carlos,Navarro,,Olympic Bronze Medal,,2016,,,,Award,Olympic,Bronze,
2434,Juan,Navarro,Spain,Olympic Appearance,,2000,,,,Award,Olympic,Appearance,
2434,Juan,Navarro,Spain,Olympic Appearance,,2004,,,,Award,Olympic,Appearance,
2434,Juan,Navarro,Spain,Olympic Silver Medal,,2008,,,,Award,Olympic,Silver,
2434,Juan,Navarro,Spain,Olympic Silver Medal,,2012,,,,Award,Olympic,Silver,
2434,Juan Carlos,Navarro,Memphis Grizzlies,All-Rookie Team,2,2007-08,,,1610612763,Award,Kia Motors,KIART,
2440,Matt,Barnes,Golden State Warriors,NBA Champion,,2016-17,,,,Award,Champion,,
2443,Darius,Songaila,Lithuania,Olympic Appearance,,2004,,,,Award,Olympic,Appearance,
2443,Darius,Songaila,Lithuania,Olympic Appearance,,2012,,,,Award,Olympic,Appearance,
2443,Darius,Songaila,Lithuania,Olympic Bronze Medal,,2000,,,,Award,Olympic,Bronze,
2449,Luis,Scola,Houston Rockets,All-Rookie Team,1,2007-08,,,1610612745,Award,Kia Motors,KIART,
2449,Luis,Scola,Houston Rockets,NBA Rookie of the Month,,2007-08,02/01/2008,,West,Award,Kia Motors,KIRMO,
2449,Luis,Scola,Argentina,Olympic Appearance,,2012,,,,Award,Olympic,Appearance,
2449,Luis,Scola,Argentina,Olympic Bronze Medal,,2008,,,,Award,Olympic,Bronze,
2452,J.R.,Bremer,Boston Celtics,All-Rookie Team,2,2002-03,,,1610612738,Award,Kia Motors,KIART,
2484,Devin,Brown,San Antonio Spurs,NBA Champion,,2004-05,,,,Award,Champion,,
2544,LeBron,James,Cleveland Cavaliers,All-Defensive Team,1,2008-09,,,1610612739,Award,Kia Motors,KIADT,
2544,LeBron,James,Cleveland Cavaliers,All-Defensive Team,1,2009-10,,,1610612739,Award,Kia Motors,KIADT,
2544,LeBron,James,Miami Heat,All-Defensive Team,1,2010-11,,,1610612748,Award,Kia Motors,KIADT,
2544,LeBron,James,Miami Heat,All-Defensive Team,1,2011-12,,,1610612748,Award,Kia Motors,KIADT,
2544,LeBron,James,Miami Heat,All-Defensive Team,1,2012-13,,,1610612748,Award,Kia Motors,KIADT,
2544,LeBron,James,Miami Heat,All-Defensive Team,2,2013-14,,,1610612748,Award,Kia Motors,KIADT,
2544,LeBron,James,Cleveland Cavaliers,All-NBA,2,2004-05,,,1610612739,Award,Kia Motors,KIANT,
2544,LeBron,James,Cleveland Cavaliers,All-NBA,1,2005-06,,,1610612739,Award,Kia Motors,KIANT,
2544,LeBron,James,Cleveland Cavaliers,All-NBA,2,2006-07,,,1610612739,Award,Kia Motors,KIANT,
2544,LeBron,James,Cleveland Cavaliers,All-NBA,1,2007-08,,,1610612739,Award,Kia Motors,KIANT,
2544,LeBron,James,Cleveland Cavaliers,All-NBA,1,2008-09,,,1610612739,Award,Kia Motors,KIANT,
2544,LeBron,James,Cleveland Cavaliers,All-NBA,1,2009-10,,,1610612739,Award,Kia Motors,KIANT,
2544,LeBron,James,Miami Heat,All-NBA,1,2010-11,,,1610612748,Award,Kia Motors,KIANT,
2544,LeBron,James,Miami Heat,All-NBA,1,2011-12,,,1610612748,Award,Kia Motors,KIANT,
2544,LeBron,James,Miami Heat,All-NBA,1,2012-13,,,1610612748,Award,Kia Motors,KIANT,
2544,LeBron,James,Miami Heat,All-NBA,1,2013-14,,,1610612748,Award,Kia Motors,KIANT,
2544,LeBron,James,Cleveland Cavaliers,All-NBA,1,2014-15,,,1610612739,Award,Kia Motors,KIANT,
2544,LeBron,James,Cleveland Cavaliers,All-NBA,1,2015-16,,,East,Award,Kia Motors,KIANT,
2544,LeBron,James,Cleveland Cavaliers,All-NBA,1,2016-17,,,East,Award,Kia Motors,KIANT,
2544,LeBron,James,Cleveland Cavaliers,All-NBA,1,2017-18,,,East,Award,Kia Motors,KIANT,
2544,LeBron,James,Los Angeles Lakers,All-NBA,3,2018-19,,,West,Award,Kia Motors,KIANT,
2544,LeBron,James,Los Angeles Lakers,All-NBA,1,2019-20,,,West,Award,Kia Motors,KIANT,
2544,LeBron,James,Los Angeles Lakers,All-NBA,2,2020-21,,,West,Award,Kia Motors,KIANT,
2544,LeBron,James,Cleveland Cavaliers,All-Rookie Team,1,2003-04,,,1610612739,Award,Kia Motors,KIART,
2544,LeBron,James,Cleveland Cavaliers,NBA All-Star Most Valuable Player,,2005-06,,,,Award,Kia Motors,KAMVP,
2544,LeBron,James,Cleveland Cavaliers,NBA All-Star Most Valuable Player,,2007-08,,,,Award,Kia Motors,KAMVP,
2544,LeBron,James,Cleveland Cavaliers,NBA All-Star Most Valuable Player,,2017-18,,,,Award,Kia Motors,KAMVP,
2544,LeBron,James,Miami Heat,NBA Finals Most Valuable Player,,2011-12,,,,Award,Kia Motors,KFMVP,
2544,LeBron,James,Miami Heat,NBA Finals Most Valuable Player,,2012-13,,,,Award,Kia Motors,KFMVP,
2544,LeBron,James,Cleveland Cavaliers,NBA Finals Most Valuable Player,,2015-16,,,,Award,Kia Motors,KFMVP,
2544,LeBron,James,Los Angeles Lakers,NBA Finals Most Valuable Player,,2019-20,,,,Award,Kia Motors,KFMVP,
2544,LeBron,James,Cleveland Cavaliers,NBA Most Valuable Player,,2008-09,,,,Award,Kia Motors,KIMVP,
2544,LeBron,James,Cleveland Cavaliers,NBA Most Valuable Player,,2009-10,,,,Award,Kia Motors,KIMVP,
2544,LeBron,James,Miami Heat,NBA Most Valuable Player,,2011-12,,,,Award,Kia Motors,KIMVP,
2544,LeBron,James,Miami Heat,NBA Most Valuable Player,,2012-13,,,,Award,Kia Motors,KIMVP,
2544,LeBron,James,Cleveland Cavaliers,NBA Player of the Month,,2004-05,01/01/2005,,East,Award,Kia Motors,KIPMO,
2544,LeBron,James,Cleveland Cavaliers,NBA Player of the Month,,2004-05,11/01/2004,,East,Award,Kia Motors,KIPMO,
2544,LeBron,James,Cleveland Cavaliers,NBA Player of the Month,,2005-06,03/01/2006,,East,Award,Kia Motors,KIPMO,
2544,LeBron,James,Cleveland Cavaliers,NBA Player of the Month,,2005-06,11/01/2005,,East,Award,Kia Motors,KIPMO,
2544,LeBron,James,Cleveland Cavaliers,NBA Player of the Month,,2006-07,03/01/2007,,East,Award,Kia Motors,KIPMO,
2544,LeBron,James,Cleveland Cavaliers,NBA Player of the Month,,2007-08,01/01/2008,,East,Award,Kia Motors,KIPMO,
2544,LeBron,James,Cleveland Cavaliers,NBA Player of the Month,,2007-08,02/01/2008,,East,Award,Kia Motors,KIPMO,
2544,LeBron,James,Cleveland Cavaliers,NBA Player of the Month,,2008-09,01/01/2009,,East,Award,Kia Motors,KIPMO,
2544,LeBron,James,Cleveland Cavaliers,NBA Player of the Month,,2008-09,03/01/2009,,East,Award,Kia Motors,KIPMO,
2544,LeBron,James,Cleveland Cavaliers,NBA Player of the Month,,2008-09,04/01/2009,,East,Award,Kia Motors,KIPMO,
2544,LeBron,James,Cleveland Cavaliers,NBA Player of the Month,,2008-09,11/01/2008,,East,Award,Kia Motors,KIPMO,
2544,LeBron,James,Cleveland Cavaliers,NBA Player of the Month,,2009-10,01/01/2010,,East,Award,Kia Motors,KIPMO,
2544,LeBron,James,Cleveland Cavaliers,NBA Player of the Month,,2009-10,02/01/2010,,East,Award,Kia Motors,KIPMO,
2544,LeBron,James,Cleveland Cavaliers,NBA Player of the Month,,2009-10,11/01/2009,,East,Award,Kia Motors,KIPMO,
2544,LeBron,James,Cleveland Cavaliers,NBA Player of the Month,,2009-10,12/01/2009,,East,Award,Kia Motors,KIPMO,
2544,LeBron,James,Miami Heat,NBA Player of the Month,,2010-11,01/01/2011,,East,Award,Kia Motors,KIPMO,
2544,LeBron,James,Miami Heat,NBA Player of the Month,,2010-11,04/01/2011,,East,Award,Kia Motors,KIPMO,
2544,LeBron,James,Miami Heat,NBA Player of the Month,,2010-11,12/01/2010,,East,Award,Kia Motors,KIPMO,
2544,LeBron,James,Miami Heat,NBA Player of the Month,,2011-12,01/01/2012,,East,Award,Kia Motors,KIPMO,
2544,LeBron,James,Miami Heat,NBA Player of the Month,,2011-12,02/01/2012,,East,Award,Kia Motors,KIPMO,
2544,LeBron,James,Miami Heat,NBA Player of the Month,,2012-13,01/01/2013,,East,Award,Kia Motors,KIPMO,
2544,LeBron,James,Miami Heat,NBA Player of the Month,,2012-13,02/01/2013,,East,Award,Kia Motors,KIPMO,
2544,LeBron,James,Miami Heat,NBA Player of the Month,,2012-13,03/01/2013,,East,Award,Kia Motors,KIPMO,
2544,LeBron,James,Miami Heat,NBA Player of the Month,,2012-13,12/01/2012,,East,Award,Kia Motors,KIPMO,
2544,LeBron,James,Miami Heat,NBA Player of the Month,,2013-14,12/1/2013,,East,Award,Kia Motors,KIPMO,
2544,LeBron,James,Miami Heat,NBA Player of the Month,,2013-14,2/1/2014,,East,Award,Kia Motors,KIPMO,
2544,LeBron,James,Cleveland Cavaliers,NBA Player of the Month,,2014-15,2/1/2015,,East,Award,Kia Motors,KIPMO,
2544,LeBron,James,Cleveland Cavaliers,NBA Player of the Month,,2014-15,3/1/2015,,East,Award,Kia Motors,KIPMO,
2544,LeBron,James,Cleveland Cavaliers,NBA Player of the Month,,2015-16,2/1/2016,,East,Award,Kia Motors,KIPMO,
2544,LeBron,James,Cleveland Cavaliers,NBA Player of the Month,,2015-16,3/1/2016,,East,Award,Kia Motors,KIPMO,
2544,LeBron,James,Cleveland Cavaliers,NBA Player of the Month,,2015-16,4/1/2016,,East,Award,Kia Motors,KIPMO,
2544,LeBron,James,Cleveland Cavaliers,NBA Player of the Month,,2016-17,11/1/2016,,East,Award,Kia Motors,KIPMO,
2544,LeBron,James,Cleveland Cavaliers,NBA Player of the Month,,2016-17,2/1/2017,,East,Award,Kia Motors,KIPMO,
2544,LeBron,James,Cleveland Cavaliers,NBA Player of the Month,,2017-18,11/1/2017,,East,Award,Kia Motors,KIPMO,
2544,LeBron,James,Cleveland Cavaliers,NBA Player of the Month,,2017-18,12/1/2017,,East,Award,Kia Motors,KIPMO,
2544,LeBron,James,Cleveland Cavaliers,NBA Player of the Month,,2017-18,2/1/2018,,East,Award,Kia Motors,KIPMO,
2544,LeBron,James,Cleveland Cavaliers,NBA Player of the Month,,2017-18,3/1/2018,,East,Award,Kia Motors,KIPMO,
2544,LeBron,James,Los Angeles Lakers,NBA Player of the Month,,2019-20,1/1/2020,,West,Award,Kia Motors,KIPMO,
2544,LeBron,James,Los Angeles Lakers,NBA Player of the Month,,2019-20,2/1/2020,,West,Award,Kia Motors,KIPMO,
2544,LeBron,James,Cleveland Cavaliers,NBA Player of the Week,,2004-05,,2004-11-14T00:00:00,East,Award,Kia Motors,KIPWK,
2544,LeBron,James,Cleveland Cavaliers,NBA Player of the Week,,2004-05,,2004-11-28T00:00:00,East,Award,Kia Motors,KIPWK,
2544,LeBron,James,Cleveland Cavaliers,NBA Player of the Week,,2004-05,,2005-01-23T00:00:00,East,Award,Kia Motors,KIPWK,
2544,LeBron,James,Cleveland Cavaliers,NBA Player of the Week,,2005-06,,2005-11-21T00:00:00,East,Award,Kia Motors,KIPWK,
2544,LeBron,James,Cleveland Cavaliers,NBA Player of the Week,,2005-06,,2006-01-30T00:00:00,East,Award,Kia Motors,KIPWK,
2544,LeBron,James,Cleveland Cavaliers,NBA Player of the Week,,2005-06,,2006-03-19T00:00:00,East,Award,Kia Motors,KIPWK,
2544,LeBron,James,Cleveland Cavaliers,NBA Player of the Week,,2005-06,,2006-03-26T00:00:00,East,Award,Kia Motors,KIPWK,
2544,LeBron,James,Cleveland Cavaliers,NBA Player of the Week,,2005-06,,2006-04-02T00:00:00,East,Award,Kia Motors,KIPWK,
2544,LeBron,James,Cleveland Cavaliers,NBA Player of the Week,,2006-07,,2006-11-19T00:00:00,East,Award,Kia Motors,KIPWK,
2544,LeBron,James,Cleveland Cavaliers,NBA Player of the Week,,2006-07,,2007-03-11T00:00:00,East,Award,Kia Motors,KIPWK,
2544,LeBron,James,Cleveland Cavaliers,NBA Player of the Week,,2007-08,,2007-11-25T00:00:00,East,Award,Kia Motors,KIPWK,
2544,LeBron,James,Cleveland Cavaliers,NBA Player of the Week,,2007-08,,2008-01-06T00:00:00,East,Award,Kia Motors,KIPWK,
2544,LeBron,James,Cleveland Cavaliers,NBA Player of the Week,,2007-08,,2008-02-24T00:00:00,East,Award,Kia Motors,KIPWK,
2544,LeBron,James,Cleveland Cavaliers,NBA Player of the Week,,2008-09,,2008-11-10T00:00:00,East,Award,Kia Motors,KIPWK,
2544,LeBron,James,Cleveland Cavaliers,NBA Player of the Week,,2008-09,,2008-11-17T00:00:00,East,Award,Kia Motors,KIPWK,
2544,LeBron,James,Cleveland Cavaliers,NBA Player of the Week,,2008-09,,2008-12-29T00:00:00,East,Award,Kia Motors,KIPWK,
2544,LeBron,James,Cleveland Cavaliers,NBA Player of the Week,,2008-09,,2009-01-26T00:00:00,East,Award,Kia Motors,KIPWK,
2544,LeBron,James,Cleveland Cavaliers,NBA Player of the Week,,2008-09,,2009-02-09T00:00:00,East,Award,Kia Motors,KIPWK,
2544,LeBron,James,Cleveland Cavaliers,NBA Player of the Week,,2008-09,,2009-03-16T00:00:00,East,Award,Kia Motors,KIPWK,
2544,LeBron,James,Cleveland Cavaliers,NBA Player of the Week,,2008-09,,2009-03-23T00:00:00,East,Award,Kia Motors,KIPWK,
2544,LeBron,James,Cleveland Cavaliers,NBA Player of the Week,,2009-10,,2009-11-23T00:00:00,East,Award,Kia Motors,KIPWK,
2544,LeBron,James,Cleveland Cavaliers,NBA Player of the Week,,2009-10,,2009-12-28T00:00:00,East,Award,Kia Motors,KIPWK,
2544,LeBron,James,Cleveland Cavaliers,NBA Player of the Week,,2009-10,,2010-01-11T00:00:00,East,Award,Kia Motors,KIPWK,
2544,LeBron,James,Cleveland Cavaliers,NBA Player of the Week,,2009-10,,2010-01-26T00:00:00,East,Award,Kia Motors,KIPWK,
2544,LeBron,James,Cleveland Cavaliers,NBA Player of the Week,,2009-10,,2010-02-08T00:00:00,East,Award,Kia Motors,KIPWK,
2544,LeBron,James,Cleveland Cavaliers,NBA Player of the Week,,2009-10,,2010-03-01T00:00:00,East,Award,Kia Motors,KIPWK,
2544,LeBron,James,Miami Heat,NBA Player of the Week,,2010-11,,2010-12-27T00:00:00,East,Award,Kia Motors,KIPWK,
2544,LeBron,James,Miami Heat,NBA Player of the Week,,2010-11,,2011-01-10T00:00:00,East,Award,Kia Motors,KIPWK,
2544,LeBron,James,Miami Heat,NBA Player of the Week,,2010-11,,2011-01-31T00:00:00,East,Award,Kia Motors,KIPWK,
2544,LeBron,James,Miami Heat,NBA Player of the Week,,2010-11,,2011-02-07T00:00:00,East,Award,Kia Motors,KIPWK,
2544,LeBron,James,Miami Heat,NBA Player of the Week,,2011-12,,2011-12-25T00:00:00,East,Award,Kia Motors,KIPWK,
2544,LeBron,James,Miami Heat,NBA Player of the Week,,2011-12,,2012-01-02T00:00:00,East,Award,Kia Motors,KIPWK,
2544,LeBron,James,Miami Heat,NBA Player of the Week,,2011-12,,2012-01-23T00:00:00,East,Award,Kia Motors,KIPWK,
2544,LeBron,James,Miami Heat,NBA Player of the Week,,2011-12,,2012-02-13T00:00:00,East,Award,Kia Motors,KIPWK,
2544,LeBron,James,Miami Heat,NBA Player of the Week,,2011-12,,2012-04-02T00:00:00,East,Award,Kia Motors,KIPWK,
2544,LeBron,James,Miami Heat,NBA Player of the Week,,2011-12,,2012-04-16T00:00:00,East,Award,Kia Motors,KIPWK,
2544,LeBron,James,Miami Heat,NBA Player of the Week,,2012-13,,2012-11-05T00:00:00,East,Award,Kia Motors,KIPWK,
2544,LeBron,James,Miami Heat,NBA Player of the Week,,2012-13,,2012-11-12T00:00:00,East,Award,Kia Motors,KIPWK,
2544,LeBron,James,Miami Heat,NBA Player of the Week,,2012-13,,2012-12-17T00:00:00,East,Award,Kia Motors,KIPWK,
2544,LeBron,James,Miami Heat,NBA Player of the Week,,2012-13,,2013-02-04T00:00:00,East,Award,Kia Motors,KIPWK,
2544,LeBron,James,Miami Heat,NBA Player of the Week,,2012-13,,2013-02-19T00:00:00,East,Award,Kia Motors,KIPWK,
2544,LeBron,James,Miami Heat,NBA Player of the Week,,2012-13,,2013-03-18T00:00:00,East,Award,Kia Motors,KIPWK,
2544,LeBron,James,Miami Heat,NBA Player of the Week,,2013-14,,2013-11-18T00:00:00,East,Award,Kia Motors,KIPWK,
2544,LeBron,James,Miami Heat,NBA Player of the Week,,2013-14,,2013-12-02T00:00:00,East,Award,Kia Motors,KIPWK,
2544,LeBron,James,Cleveland Cavaliers,NBA Player of the Week,,2014-15,,2014-11-10T00:00:00,East,Award,Kia Motors,KIPWK,
2544,LeBron,James,Cleveland Cavaliers,NBA Player of the Week,,2014-15,,2014-11-24T00:00:00,East,Award,Kia Motors,KIPWK,
2544,LeBron,James,Cleveland Cavaliers,NBA Player of the Week,,2014-15,,2015-01-17T00:00:00,East,Award,Kia Motors,KIPWK,
2544,LeBron,James,Cleveland Cavaliers,NBA Player of the Week,,2015-16,,2015-11-23T00:00:00,East,Award,Kia Motors,KIPWK,
2544,LeBron,James,Cleveland Cavaliers,NBA Player of the Week,,2015-16,,2016-01-11T00:00:00,East,Award,Kia Motors,KIPWK,
2544,LeBron,James,Cleveland Cavaliers,NBA Player of the Week,,2015-16,,2016-03-07T00:00:00,East,Award,Kia Motors,KIPWK,
2544,LeBron,James,Cleveland Cavaliers,NBA Player of the Week,,2015-16,,2016-03-28T00:00:00,East,Award,Kia Motors,KIPWK,
2544,LeBron,James,Cleveland Cavaliers,NBA Player of the Week,,2015-16,,2016-04-04T00:00:00,East,Award,Kia Motors,KIPWK,
2544,LeBron,James,Cleveland Cavaliers,NBA Player of the Week,,2016-17,,2016-10-31T00:00:00,East,Award,Kia Motors,KIPWK,
2544,LeBron,James,Cleveland Cavaliers,NBA Player of the Week,,2016-17,,2016-11-07T00:00:00,East,Award,Kia Motors,KIPWK,
2544,LeBron,James,Cleveland Cavaliers,NBA Player of the Week,,2016-17,,2016-12-12T00:00:00,East,Award,Kia Motors,KIPWK,
2544,LeBron,James,Cleveland Cavaliers,NBA Player of the Week,,2016-17,,2017-02-13T00:00:00,East,Award,Kia Motors,KIPWK,
2544,LeBron,James,Cleveland Cavaliers,NBA Player of the Week,,2017-18,,2017-11-27T00:00:00,East,Award,Kia Motors,KIPWK,
2544,LeBron,James,Cleveland Cavaliers,NBA Player of the Week,,2017-18,,2017-12-11T00:00:00,East,Award,Kia Motors,KIPWK,
2544,LeBron,James,Cleveland Cavaliers,NBA Player of the Week,,2017-18,,2018-03-12T00:00:00,East,Award,Kia Motors,KIPWK,
2544,LeBron,James,Cleveland Cavaliers,NBA Player of the Week,,2017-18,,2018-03-19T00:00:00,East,Award,Kia Motors,KIPWK,
2544,LeBron,James,Los Angeles Lakers,NBA Player of the Week,,2019-20,,2019-12-09T00:00:00,West,Award,Kia Motors,KIPWK,
2544,LeBron,James,Los Angeles Lakers,NBA Player of the Week,,2019-20,,2019-12-30T00:00:00,West,Award,Kia Motors,KIPWK,
2544,LeBron,James,Los Angeles Lakers,NBA Player of the Week,,2019-20,,2020-03-02T00:00:00,West,Award,Kia Motors,KIPWK,
2544,LeBron,James,Cleveland Cavaliers,NBA Rookie of the Month,,2003-04,01/01/2004,,East,Award,Kia Motors,KIRMO,
2544,LeBron,James,Cleveland Cavaliers,NBA Rookie of the Month,,2003-04,02/01/2004,,East,Award,Kia Motors,KIRMO,
2544,LeBron,James,Cleveland Cavaliers,NBA Rookie of the Month,,2003-04,03/01/2004,,East,Award,Kia Motors,KIRMO,
2544,LeBron,James,Cleveland Cavaliers,NBA Rookie of the Month,,2003-04,04/01/2004,,East,Award,Kia Motors,KIRMO,
2544,LeBron,James,Cleveland Cavaliers,NBA Rookie of the Month,,2003-04,11/01/2003,,East,Award,Kia Motors,KIRMO,
2544,LeBron,James,Cleveland Cavaliers,NBA Rookie of the Month,,2003-04,12/01/2003,,East,Award,Kia Motors,KIRMO,
2544,LeBron,James,Cleveland Cavaliers,NBA Rookie of the Year,,2003-04,,,,Award,Kia Motors,KIROY,
2544,LeBron,James,Cleveland Cavaliers,NBA Sporting News Most Valuable Player of the Year,,2005-06,,,,Award,Sporting News,SNMVP,
2544,LeBron,James,Cleveland Cavaliers,NBA Sporting News Rookie of the Year,,2003-04,,,,Award,Sporting News,SNROY,
2544,LeBron,James,USA,Olympic Bronze Medal,,2004,,,,Award,Olympic,Bronze,
2544,LeBron,James,USA,Olympic Gold Medal,,2008,,,,Award,Olympic,Gold,
2544,LeBron,James,USA,Olympic Gold Medal,,2012,,,,Award,Olympic,Gold,
2544,LeBron,James,Los Angeles Lakers,NBA Player of the Week,,2021-22,,2021-12-06T00:00:00,West,Award,Kia Motors,KIPWK,
2544,LeBron,James,Los Angeles Lakers,All-NBA,3,2021-22,,,West,Award,Kia Motors,KIANT,
2544,LeBron,James,Los Angeles Lakers,NBA Player of the Week,,2022-23,,2023-01-16T00:00:00,West,Award,Kia Motors,KIPWK,
2544,LeBron,James,Los Angeles Lakers,NBA Player of the Week,,2022-23,,2023-01-02T00:00:00,West,Award,Kia Motors,KIPWK,
2544,LeBron,James,Los Angeles Lakers,All-NBA,3,2022-23,,,West,Award,Kia Motors,KIANT,
2544,LeBron,James,Los Angeles Lakers,NBA Player of the Week,,2023-24,,2024-02-26T00:00:00,West,Award,Kia Motors,KIPWK,
2544,LeBron,James,Los Angeles Lakers,NBA In-Season Tournament Most Valuable Player,,2023-24,,,,Award,Kia Motors,KISTMVP,
2544,LeBron,James,Los Angeles Lakers,NBA In-Season Tournament All-Tournament,1,2023-24,,,East,Award,Kia Motors,KIANT,
2544,LeBron,James,Los Angeles Lakers,All-NBA,3,2023-24,,,West,Award,Kia Motors,KIANT,
2544,LeBron,James,,NBA All-Star,,2004-05,,,,Award,All-Star,,
2544,LeBron,James,,NBA All-Star,,2005-06,,,,Award,All-Star,,
2544,LeBron,James,,NBA All-Star,,2006-07,,,,Award,All-Star,,
2544,LeBron,James,,NBA All-Star,,2007-08,,,,Award,All-Star,,
2544,LeBron,James,,NBA All-Star,,2008-09,,,,Award,All-Star,,
2544,LeBron,James,,NBA All-Star,,2009-10,,,,Award,All-Star,,
2544,LeBron,James,,NBA All-Star,,2010-11,,,,Award,All-Star,,
2544,LeBron,James,,NBA All-Star,,2011-12,,,,Award,All-Star,,
2544,LeBron,James,,NBA All-Star,,2012-13,,,,Award,All-Star,,
2544,LeBron,James,,NBA All-Star,,2013-14,,,,Award,All-Star,,
2544,LeBron,James,,NBA All-Star,,2014-15,,,,Award,All-Star,,
2544,LeBron,James,,NBA All-Star,,2015-16,,,,Award,All-Star,,
2544,LeBron,James,,NBA All-Star,,2016-17,,,,Award,All-Star,,
2544,LeBron,James,,NBA All-Star,,2017-18,,,,Award,All-Star,,
2544,LeBron,James,,NBA All-Star,,2018-19,,,,Award,All-Star,,
2544,LeBron,James,,NBA All-Star,,2019-20,,,,Award,All-Star,,
2544,LeBron,James,,NBA All-Star,,2020-21,,,,Award,All-Star,,
2544,LeBron,James,,NBA All-Star,,2021-22,,,,Award,All-Star,,
2544,LeBron,James,,NBA All-Star,,2022-23,,,,Award,All-Star,,
2544,LeBron,James,,NBA All-Star,,2023-24,,,,Award,All-Star,,
2544,LeBron,James,Cleveland Cavaliers,NBA Champion,,2015-16,,,,Award,Champion,,
2544,LeBron,James,Los Angeles Lakers,NBA Champion,,2019-20,,,,Award,Champion,,
2544,LeBron,James,Miami Heat,NBA Champion,,2011-12,,,,Award,Champion,,
2544,LeBron,James,Miami Heat,NBA Champion,,2012-13,,,,Award,Champion,,
2544,LeBron,James,USA,Olympic Gold Medal,,2024,,,,Award,Olympic,Gold,
2545,Darko,Milicic,Detroit Pistons,NBA Champion,,2003-04,,,,Award,Champion,,
2546,Carmelo,Anthony,Denver Nuggets,All-NBA,3,2005-06,,,1610612743,Award,Kia Motors,KIANT,
2546,Carmelo,Anthony,Denver Nuggets,All-NBA,3,2006-07,,,1610612743,Award,Kia Motors,KIANT,
2546,Carmelo,Anthony,Denver Nuggets,All-NBA,3,2008-09,,,1610612743,Award,Kia Motors,KIANT,
2546,Carmelo,Anthony,Denver Nuggets,All-NBA,2,2009-10,,,1610612743,Award,Kia Motors,KIANT,
2546,Carmelo,Anthony,New York Knicks,All-NBA,3,2011-12,,,1610612752,Award,Kia Motors,KIANT,
2546,Carmelo,Anthony,New York Knicks,All-NBA,2,2012-13,,,1610612752,Award,Kia Motors,KIANT,
2546,Carmelo,Anthony,Denver Nuggets,All-Rookie Team,1,2003-04,,,1610612743,Award,Kia Motors,KIART,
2546,Carmelo,Anthony,Denver Nuggets,NBA Player of the Month,,2005-06,03/01/2006,,West,Award,Kia Motors,KIPMO,
2546,Carmelo,Anthony,Denver Nuggets,NBA Player of the Month,,2009-10,11/01/2009,,West,Award,Kia Motors,KIPMO,
2546,Carmelo,Anthony,New York Knicks,NBA Player of the Month,,2011-12,04/01/2012,,East,Award,Kia Motors,KIPMO,
2546,Carmelo,Anthony,New York Knicks,NBA Player of the Month,,2012-13,04/01/2013,,East,Award,Kia Motors,KIPMO,
2546,Carmelo,Anthony,New York Knicks,NBA Player of the Month,,2013-14,1/1/2014,,East,Award,Kia Motors,KIPMO,
2546,Carmelo,Anthony,Denver Nuggets,NBA Player of the Week,,2003-04,,2004-03-14T00:00:00,West,Award,Kia Motors,KIPWK,
2546,Carmelo,Anthony,Denver Nuggets,NBA Player of the Week,,2003-04,,2004-04-12T00:00:00,West,Award,Kia Motors,KIPWK,
2546,Carmelo,Anthony,Denver Nuggets,NBA Player of the Week,,2005-06,,2006-03-19T00:00:00,West,Award,Kia Motors,KIPWK,
2546,Carmelo,Anthony,Denver Nuggets,NBA Player of the Week,,2006-07,,2006-11-26T00:00:00,West,Award,Kia Motors,KIPWK,
2546,Carmelo,Anthony,Denver Nuggets,NBA Player of the Week,,2006-07,,2006-12-03T00:00:00,West,Award,Kia Motors,KIPWK,
2546,Carmelo,Anthony,Denver Nuggets,NBA Player of the Week,,2006-07,,2007-02-11T00:00:00,West,Award,Kia Motors,KIPWK,
2546,Carmelo,Anthony,Denver Nuggets,NBA Player of the Week,,2007-08,,2007-12-23T00:00:00,West,Award,Kia Motors,KIPWK,
2546,Carmelo,Anthony,Denver Nuggets,NBA Player of the Week,,2007-08,,2008-03-30T00:00:00,West,Award,Kia Motors,KIPWK,
2546,Carmelo,Anthony,Denver Nuggets,NBA Player of the Week,,2009-10,,2009-11-02T00:00:00,West,Award,Kia Motors,KIPWK,
2546,Carmelo,Anthony,Denver Nuggets,NBA Player of the Week,,2009-10,,2010-01-19T00:00:00,West,Award,Kia Motors,KIPWK,
2546,Carmelo,Anthony,New York Knicks,NBA Player of the Week,,2012-13,,2012-11-26T00:00:00,East,Award,Kia Motors,KIPWK,
2546,Carmelo,Anthony,New York Knicks,NBA Player of the Week,,2012-13,,2012-12-31T00:00:00,East,Award,Kia Motors,KIPWK,
2546,Carmelo,Anthony,New York Knicks,NBA Player of the Week,,2012-13,,2013-04-01T00:00:00,East,Award,Kia Motors,KIPWK,
2546,Carmelo,Anthony,New York Knicks,NBA Player of the Week,,2012-13,,2013-04-08T00:00:00,,Award,Kia Motors,KIPWK,
2546,Carmelo,Anthony,New York Knicks,NBA Player of the Week,,2013-14,,2014-01-13T00:00:00,East,Award,Kia Motors,KIPWK,
2546,Carmelo,Anthony,New York Knicks,NBA Player of the Week,,2013-14,,2014-03-10T00:00:00,East,Award,Kia Motors,KIPWK,
2546,Carmelo,Anthony,Portland Trail Blazers,NBA Player of the Week,,2019-20,,2019-11-25T00:00:00,West,Award,Kia Motors,KIPWK,
2546,Carmelo,Anthony,Denver Nuggets,NBA Rookie of the Month,,2003-04,01/01/2004,,West,Award,Kia Motors,KIRMO,
2546,Carmelo,Anthony,Denver Nuggets,NBA Rookie of the Month,,2003-04,02/01/2004,,West,Award,Kia Motors,KIRMO,
2546,Carmelo,Anthony,Denver Nuggets,NBA Rookie of the Month,,2003-04,03/01/2004,,West,Award,Kia Motors,KIRMO,
2546,Carmelo,Anthony,Denver Nuggets,NBA Rookie of the Month,,2003-04,04/01/2004,,West,Award,Kia Motors,KIRMO,
2546,Carmelo,Anthony,Denver Nuggets,NBA Rookie of the Month,,2003-04,11/01/2003,,West,Award,Kia Motors,KIRMO,
2546,Carmelo,Anthony,Denver Nuggets,NBA Rookie of the Month,,2003-04,12/01/2003,,West,Award,Kia Motors,KIRMO,
2546,Carmelo,Anthony,USA,Olympic Bronze Medal,,2004,,,,Award,Olympic,Bronze,
2546,Carmelo,Anthony,USA,Olympic Gold Medal,,2008,,,,Award,Olympic,Gold,
2546,Carmelo,Anthony,USA,Olympic Gold Medal,,2012,,,,Award,Olympic,Gold,
2546,Carmelo,Anthony,USA,Olympic Gold Medal,,2016,,,,Award,Olympic,Gold,
2546,Carmelo,Anthony,,NBA All-Star,,2011-12,,,,Award,All-Star,,
2546,Carmelo,Anthony,,NBA All-Star,,2012-13,,,,Award,All-Star,,
2546,Carmelo,Anthony,,NBA All-Star,,2013-14,,,,Award,All-Star,,
2546,Carmelo,Anthony,,NBA All-Star,,2014-15,,,,Award,All-Star,,
2546,Carmelo,Anthony,,NBA All-Star,,2015-16,,,,Award,All-Star,,
2546,Carmelo,Anthony,,NBA All-Star,,2016-17,,,,Award,All-Star,,
2546,Carmelo,Anthony,,NBA All-Star,,2007-08,,,,Award,All-Star,,
2546,Carmelo,Anthony,,NBA All-Star,,2009-10,,,,Award,All-Star,,
2546,Carmelo,Anthony,,NBA All-Star,,2010-11,,,,Award,All-Star,,
2546,Carmelo,Anthony,,NBA All-Star,,2006-07,,,,Award,All-Star,,
2547,Chris,Bosh,Toronto Raptors,All-NBA,2,2006-07,,,1610612761,Award,Kia Motors,KIANT,
2547,Chris,Bosh,Toronto Raptors,All-Rookie Team,1,2003-04,,,1610612761,Award,Kia Motors,KIART,
2547,Chris,Bosh,Toronto Raptors,NBA Player of the Month,,2006-07,01/01/2007,,East,Award,Kia Motors,KIPMO,
2547,Chris,Bosh,Toronto Raptors,NBA Player of the Week,,2004-05,,2005-01-09T00:00:00,East,Award,Kia Motors,KIPWK,
2547,Chris,Bosh,Toronto Raptors,NBA Player of the Week,,2005-06,,2006-02-06T00:00:00,East,Award,Kia Motors,KIPWK,
2547,Chris,Bosh,Toronto Raptors,NBA Player of the Week,,2006-07,,2007-04-01T00:00:00,East,Award,Kia Motors,KIPWK,
2547,Chris,Bosh,Toronto Raptors,NBA Player of the Week,,2007-08,,2008-01-13T00:00:00,East,Award,Kia Motors,KIPWK,
2547,Chris,Bosh,Toronto Raptors,NBA Player of the Week,,2008-09,,2008-11-03T00:00:00,East,Award,Kia Motors,KIPWK,
2547,Chris,Bosh,Toronto Raptors,NBA Player of the Week,,2009-10,,2010-02-01T00:00:00,East,Award,Kia Motors,KIPWK,
2547,Chris,Bosh,Toronto Raptors,NBA Player of the Week,,2009-10,,2010-04-05T00:00:00,East,Award,Kia Motors,KIPWK,
2547,Chris,Bosh,Miami Heat,NBA Player of the Week,,2013-14,,2013-12-30T00:00:00,East,Award,Kia Motors,KIPWK,
2547,Chris,Bosh,Miami Heat,NBA Player of the Week,,2014-15,,2014-10-28T00:00:00,East,Award,Kia Motors,KIPWK,
2547,Chris,Bosh,USA,Olympic Gold Medal,,2008,,,,Award,Olympic,Gold,
2547,Chris,Bosh,,NBA All-Star,,2005-06,,,,Award,All-Star,,
2547,Chris,Bosh,,NBA All-Star,,2006-07,,,,Award,All-Star,,
2547,Chris,Bosh,,NBA All-Star,,2007-08,,,,Award,All-Star,,
2547,Chris,Bosh,,NBA All-Star,,2008-09,,,,Award,All-Star,,
2547,Chris,Bosh,,NBA All-Star,,2009-10,,,,Award,All-Star,,
2547,Chris,Bosh,,NBA All-Star,,2010-11,,,,Award,All-Star,,
2547,Chris,Bosh,,NBA All-Star,,2011-12,,,,Award,All-Star,,
2547,Chris,Bosh,,NBA All-Star,,2012-13,,,,Award,All-Star,,
2547,Chris,Bosh,,NBA All-Star,,2013-14,,,,Award,All-Star,,
2547,Chris,Bosh,,NBA All-Star,,2014-15,,,,Award,All-Star,,
2547,Chris,Bosh,,NBA All-Star,,2015-16,,,,Award,All-Star,,
2547,Chris,Bosh,Miami Heat,NBA Champion,,2011-12,,,,Award,Champion,,
2547,Chris,Bosh,Miami Heat,NBA Champion,,2012-13,,,,Award,Champion,,
2548,Dwayne,Wade,USA,Olympic Bronze Medal,,2004,,,,Award,Olympic,Bronze,
2548,Dwyane,Wade,Miami Heat,All-Defensive Team,2,2004-05,,,1610612748,Award,Kia Motors,KIADT,
2548,Dwyane,Wade,Miami Heat,All-Defensive Team,2,2008-09,,,1610612748,Award,Kia Motors,KIADT,
2548,Dwyane,Wade,Miami Heat,All-Defensive Team,2,2009-10,,,1610612748,Award,Kia Motors,KIADT,
2548,Dwyane,Wade,Miami Heat,All-NBA,2,2004-05,,,1610612748,Award,Kia Motors,KIANT,
2548,Dwyane,Wade,Miami Heat,All-NBA,2,2005-06,,,1610612748,Award,Kia Motors,KIANT,
2548,Dwyane,Wade,Miami Heat,All-NBA,3,2006-07,,,1610612748,Award,Kia Motors,KIANT,
2548,Dwyane,Wade,Miami Heat,All-NBA,1,2008-09,,,1610612748,Award,Kia Motors,KIANT,
2548,Dwyane,Wade,Miami Heat,All-NBA,1,2009-10,,,1610612748,Award,Kia Motors,KIANT,
2548,Dwyane,Wade,Miami Heat,All-NBA,2,2010-11,,,1610612748,Award,Kia Motors,KIANT,
2548,Dwyane,Wade,Miami Heat,All-NBA,3,2011-12,,,1610612748,Award,Kia Motors,KIANT,
2548,Dwyane,Wade,Miami Heat,All-NBA,3,2012-13,,,1610612748,Award,Kia Motors,KIANT,
2548,Dwyane,Wade,Miami Heat,All-Rookie Team,1,2003-04,,,1610612748,Award,Kia Motors,KIART,
2548,Dwyane,Wade,Miami Heat,NBA All-Star Most Valuable Player,,2009-10,,,,Award,Kia Motors,KAMVP,
2548,Dwyane,Wade,Miami Heat,NBA Finals Most Valuable Player,,2005-06,,,,Award,Kia Motors,KFMVP,
2548,Dwyane,Wade,Miami Heat,NBA Player of the Month,,2004-05,12/01/2004,,East,Award,Kia Motors,KIPMO,
2548,Dwyane,Wade,Miami Heat,NBA Player of the Month,,2005-06,02/01/2006,,East,Award,Kia Motors,KIPMO,
2548,Dwyane,Wade,Miami Heat,NBA Player of the Month,,2008-09,02/01/2009,,East,Award,Kia Motors,KIPMO,
2548,Dwyane,Wade,Miami Heat,NBA Player of the Month,,2008-09,12/01/2008,,East,Award,Kia Motors,KIPMO,
2548,Dwyane,Wade,Miami Heat,NBA Player of the Month,,2009-10,03/01/2010,,East,Award,Kia Motors,KIPMO,
2548,Dwyane,Wade,Miami Heat,NBA Player of the Month,,2010-11,12/01/2010,,East,Award,Kia Motors,KIPMO,
2548,Dwyane,Wade,Miami Heat,NBA Player of the Week,,2003-04,,2004-02-22T00:00:00,East,Award,Kia Motors,KIPWK,
2548,Dwyane,Wade,Miami Heat,NBA Player of the Week,,2004-05,,2004-11-07T00:00:00,East,Award,Kia Motors,KIPWK,
2548,Dwyane,Wade,Miami Heat,NBA Player of the Week,,2005-06,,2005-12-05T00:00:00,East,Award,Kia Motors,KIPWK,
2548,Dwyane,Wade,Miami Heat,NBA Player of the Week,,2005-06,,2006-01-01T00:00:00,East,Award,Kia Motors,KIPWK,
2548,Dwyane,Wade,Miami Heat,NBA Player of the Week,,2006-07,,2007-01-14T00:00:00,East,Award,Kia Motors,KIPWK,
2548,Dwyane,Wade,Miami Heat,NBA Player of the Week,,2006-07,,2007-02-04T00:00:00,East,Award,Kia Motors,KIPWK,
2548,Dwyane,Wade,Miami Heat,NBA Player of the Week,,2006-07,,2007-02-11T00:00:00,East,Award,Kia Motors,KIPWK,
2548,Dwyane,Wade,Miami Heat,NBA Player of the Week,,2008-09,,2008-11-24T00:00:00,East,Award,Kia Motors,KIPWK,
2548,Dwyane,Wade,Miami Heat,NBA Player of the Week,,2008-09,,2008-12-08T00:00:00,East,Award,Kia Motors,KIPWK,
2548,Dwyane,Wade,Miami Heat,NBA Player of the Week,,2008-09,,2009-03-09T00:00:00,East,Award,Kia Motors,KIPWK,
2548,Dwyane,Wade,Miami Heat,NBA Player of the Week,,2009-10,,2010-03-08T00:00:00,East,Award,Kia Motors,KIPWK,
2548,Dwyane,Wade,Miami Heat,NBA Player of the Week,,2009-10,,2010-03-29T00:00:00,East,Award,Kia Motors,KIPWK,
2548,Dwyane,Wade,Miami Heat,NBA Player of the Week,,2010-11,,2010-12-13T00:00:00,East,Award,Kia Motors,KIPWK,
2548,Dwyane,Wade,Miami Heat,NBA Player of the Week,,2010-11,,2011-01-03T00:00:00,East,Award,Kia Motors,KIPWK,
2548,Dwyane,Wade,Miami Heat,NBA Player of the Week,,2012-13,,2013-03-04T00:00:00,East,Award,Kia Motors,KIPWK,
2548,Dwyane,Wade,Miami Heat,NBA Player of the Week,,2013-14,,2013-12-23T00:00:00,East,Award,Kia Motors,KIPWK,
2548,Dwyane,Wade,Miami Heat,NBA Player of the Week,,2014-15,,2015-03-16T00:00:00,East,Award,Kia Motors,KIPWK,
2548,Dwyane,Wade,Miami Heat,NBA Player of the Week,,2015-16,,2016-02-01T00:00:00,East,Award,Kia Motors,KIPWK,
2548,Dwyane,Wade,USA,Olympic Gold Medal,,2008,,,,Award,Olympic,Gold,
2548,Dwyane,Wade,,NBA All-Star,,2004-05,,,,Award,All-Star,,
2548,Dwyane,Wade,,NBA All-Star,,2005-06,,,,Award,All-Star,,
2548,Dwyane,Wade,,NBA All-Star,,2006-07,,,,Award,All-Star,,
2548,Dwyane,Wade,,NBA All-Star,,2007-08,,,,Award,All-Star,,
2548,Dwyane,Wade,,NBA All-Star,,2008-09,,,,Award,All-Star,,
2548,Dwyane,Wade,,NBA All-Star,,2009-10,,,,Award,All-Star,,
2548,Dwyane,Wade,,NBA All-Star,,2010-11,,,,Award,All-Star,,
2548,Dwyane,Wade,,NBA All-Star,,2011-12,,,,Award,All-Star,,
2548,Dwyane,Wade,,NBA All-Star,,2012-13,,,,Award,All-Star,,
2548,Dwyane,Wade,,NBA All-Star,,2013-14,,,,Award,All-Star,,
2548,Dwyane,Wade,,NBA All-Star,,2014-15,,,,Award,All-Star,,
2548,Dwyane,Wade,,NBA All-Star,,2015-16,,,,Award,All-Star,,
2548,Dwyane,Wade,,NBA All-Star,,2018-19,,,,Award,All-Star,,
2548,Dwyane,Wade,Miami Heat,NBA Champion,,2005-06,,,,Award,Champion,,
2548,Dwyane,Wade,Miami Heat,NBA Champion,,2011-12,,,,Award,Champion,,
2548,Dwyane,Wade,Miami Heat,NBA Champion,,2012-13,,,,Award,Champion,,
2549,Chris,Kaman,Los Angeles Clippers,NBA Player of the Week,,2009-10,,2009-11-09T00:00:00,West,Award,Kia Motors,KIPWK,
2549,Chris,Kaman,Los Angeles Clippers,NBA Player of the Week,,2009-10,,2010-01-11T00:00:00,West,Award,Kia Motors,KIPWK,
2549,Chris,Kaman,Germany,Olympic Appearance,,2008,,,,Award,Olympic,Appearance,
2549,Chris,Kaman,,NBA All-Star,,2009-10,,,,Award,All-Star,,
2550,Kirk,Hinrich,Chicago Bulls,All-Defensive Team,2,2006-07,,,1610612741,Award,Kia Motors,KIADT,
2550,Kirk,Hinrich,Chicago Bulls,All-Rookie Team,1,2003-04,,,1610612741,Award,Kia Motors,KIART,
2551,T.J.,Ford,Milwaukee Bucks,NBA Player of the Week,,2005-06,,2005-11-07T00:00:00,East,Award,Kia Motors,KIPWK,
2551,TJ,Ford,Milwaukee Bucks,All-Rookie Team,2,2003-04,,,1610612749,Award,Kia Motors,KIART,
2553,Jarvis,Hayes,Washington Wizards,All-Rookie Team,2,2003-04,,,1610612764,Award,Kia Motors,KIART,
2561,David,West,New Orleans Hornets,NBA Player of the Week,,2008-09,,2009-03-02T00:00:00,West,Award,Kia Motors,KIPWK,
2561,David,West,,NBA All-Star,,2007-08,,,,Award,All-Star,,
2561,David,West,,NBA All-Star,,2008-09,,,,Award,All-Star,,
2561,David,West,Golden State Warriors,NBA Champion,,2016-17,,,,Award,Champion,,
2561,David,West,Golden State Warriors,NBA Champion,,2017-18,,,,Award,Champion,,
2563,Dahntay,Jones,Cleveland Cavaliers,NBA Champion,,2015-16,,,,Award,Champion,,
2564,Boris,Diaw,Phoenix Suns,NBA Most Improved Player,,2005-06,,,,Award,Kia Motors,KIMIP,
2564,Boris,Diaw,France,Olympic Appearance,,2012,,,,Award,Olympic,Appearance,
2564,Boris,Diaw,San Antonio Spurs,NBA Champion,,2013-14,,,,Award,Champion,,
2565,Zoran,Planinic,Croatia,Olympic Appearance,,2008,,,,Award,Olympic,Appearance,
2568,Carlos,Delfino,Argentina,Olympic Appearance,,2012,,,,Award,Olympic,Appearance,
2568,Carlos,Delfino,Argentina,Olympic Bronze Medal,,2008,,,,Award,Olympic,Bronze,
2568,Carlos,Delfino,Argentina,Olympic Gold Medal,,2004,,,,Award,Olympic,Gold,
2570,Kendrick,Perkins,Boston Celtics,NBA Champion,,2007-08,,,,Award,Champion,,
2571,Leandro,Barbosa,Phoenix Suns,NBA Sixth Man of the Year,,2006-07,,,,Award,Kia Motors,KISMY,
2571,Leandro,Barbosa,Brazil,Olympic Appearance,,2012,,,,Award,Olympic,Appearance,
2571,Leandro,Barbosa,Golden State Warriors,NBA Champion,,2014-15,,,,Award,Champion,,
2572,Josh,Howard,Dallas Mavericks,All-Rookie Team,2,2003-04,,,1610612742,Award,Kia Motors,KIART,
2572,Josh,Howard,Dallas Mavericks,NBA Player of the Week,,2006-07,,2006-12-24T00:00:00,West,Award,Kia Motors,KIPWK,
2572,Josh,Howard,Dallas Mavericks,NBA Player of the Week,,2006-07,,2006-12-31T00:00:00,West,Award,Kia Motors,KIPWK,
2574,Jason,Kapono,Miami Heat,NBA Champion,,2005-06,,,,Award,Champion,,
2575,Luke,Walton,Los Angeles Lakers,NBA Champion,,2008-09,,,,Award,Champion,,
2575,Luke,Walton,Los Angeles Lakers,NBA Champion,,2009-10,,,,Award,Champion,,
2585,Zaza,Pachulia,Golden State Warriors,NBA Champion,,2016-17,,,,Award,Champion,,
2585,Zaza,Pachulia,Golden State Warriors,NBA Champion,,2017-18,,,,Award,Champion,,
2588,Matt,Bonner,San Antonio Spurs,NBA Champion,,2006-07,,,,Award,Champion,,
2588,Matt,Bonner,San Antonio Spurs,NBA Champion,,2013-14,,,,Award,Champion,,
2590,Mo,Williams,Milwaukee Bucks,NBA Player of the Week,,2006-07,,2006-12-24T00:00:00,East,Award,Kia Motors,KIPWK,
2590,Mo,Williams,Minnesota Timberwolves,NBA Player of the Week,,2014-15,,2015-01-12T00:00:00,West,Award,Kia Motors,KIPWK,
2590,Mo,Williams,Charlotte Hornets,NBA Player of the Week,,2014-15,,2015-03-02T00:00:00,East,Award,Kia Motors,KIPWK,
2590,Mo,Williams,,NBA All-Star,,2008-09,,,,Award,All-Star,,
2590,Mo,Williams,Cleveland Cavaliers,NBA Champion,,2015-16,,,,Award,Champion,,
2592,James,Jones,Cleveland Cavaliers,NBA Champion,,2015-16,,,,Award,Champion,,
2592,James,Jones,Miami Heat,NBA Champion,,2011-12,,,,Award,Champion,,
2592,James,Jones,Miami Heat,NBA Champion,,2012-13,,,,Award,Champion,,
2594,Kyle,Korver,Atlanta Hawks,NBA Player of the Month,,2014-15,1/1/2015,,East,Award,Kia Motors,KIPMO,
2594,Kyle,Korver,Atlanta Hawks,NBA Sportsmanship,,2014-15,,,,Award,Kia Motors,KSPRT,
2594,Kyle,Korver,,NBA All-Star,,2014-15,,,,Award,All-Star,,
2601,Andreas,Glyniadakis,Greece,Olympic Appearance,,2008,,,,Award,Olympic,Appearance,
2605,Marquis,Daniels,Dallas Mavericks,All-Rookie Team,2,2003-04,,,1610612742,Award,Kia Motors,KIART,
2617,Udonis,Haslem,Miami Heat,All-Rookie Team,2,2003-04,,,1610612748,Award,Kia Motors,KIART,
2617,Udonis,Haslem,Miami Heat,NBA Champion,,2005-06,,,,Award,Champion,,
2617,Udonis,Haslem,Miami Heat,NBA Champion,,2011-12,,,,Award,Champion,,
2617,Udonis,Haslem,Miami Heat,NBA Champion,,2012-13,,,,Award,Champion,,
2632,Kirk,Penney,New Zealand,Olympic Appearance,,2000,,,,Award,Olympic,Appearance,
2632,Kirk,Penney,New Zealand,Olympic Appearance,,2004,,,,Award,Olympic,Appearance,
2682,Alex,Garcia,Brazil,Olympic Appearance,,2012,,,,Award,Olympic,Appearance,
2694,Josh,Powell,Los Angeles Lakers,NBA Champion,,2008-09,,,,Award,Champion,,
2694,Josh,Powell,Los Angeles Lakers,NBA Champion,,2009-10,,,,Award,Champion,,
2730,Dwight,Howard,Orlando Magic,All-Defensive Team,2,2007-08,,,1610612753,Award,Kia Motors,KIADT,
2730,Dwight,Howard,Orlando Magic,All-Defensive Team,1,2008-09,,,1610612753,Award,Kia Motors,KIADT,
2730,Dwight,Howard,Orlando Magic,All-Defensive Team,1,2009-10,,,1610612753,Award,Kia Motors,KIADT,
2730,Dwight,Howard,Orlando Magic,All-Defensive Team,1,2010-11,,,1610612753,Award,Kia Motors,KIADT,
2730,Dwight,Howard,Orlando Magic,All-Defensive Team,1,2011-12,,,1610612753,Award,Kia Motors,KIADT,
2730,Dwight,Howard,Orlando Magic,All-NBA,3,2006-07,,,1610612753,Award,Kia Motors,KIANT,
2730,Dwight,Howard,Orlando Magic,All-NBA,1,2007-08,,,1610612753,Award,Kia Motors,KIANT,
2730,Dwight,Howard,Orlando Magic,All-NBA,1,2008-09,,,1610612753,Award,Kia Motors,KIANT,
2730,Dwight,Howard,Orlando Magic,All-NBA,1,2009-10,,,1610612753,Award,Kia Motors,KIANT,
2730,Dwight,Howard,Orlando Magic,All-NBA,1,2010-11,,,1610612753,Award,Kia Motors,KIANT,
2730,Dwight,Howard,Orlando Magic,All-NBA,1,2011-12,,,1610612753,Award,Kia Motors,KIANT,
2730,Dwight,Howard,Los Angeles Lakers,All-NBA,3,2012-13,,,1610612747,Award,Kia Motors,KIANT,
2730,Dwight,Howard,Houston Rockets,All-NBA,2,2013-14,,,1610612745,Award,Kia Motors,KIANT,
2730,Dwight,Howard,Orlando Magic,All-Rookie Team,1,2004-05,,,1610612753,Award,Kia Motors,KIART,
2730,Dwight,Howard,Orlando Magic,NBA Defensive Player of the Year,,2008-09,,,,Award,Kia Motors,KDPYR,
2730,Dwight,Howard,Orlando Magic,NBA Defensive Player of the Year,,2009-10,,,,Award,Kia Motors,KDPYR,
2730,Dwight,Howard,Orlando Magic,NBA Defensive Player of the Year,,2010-11,,,,Award,Kia Motors,KDPYR,
2730,Dwight,Howard,Orlando Magic,NBA Player of the Month,,2005-06,04/01/2006,,East,Award,Kia Motors,KIPMO,
2730,Dwight,Howard,Orlando Magic,NBA Player of the Month,,2006-07,11/01/2006,,East,Award,Kia Motors,KIPMO,
2730,Dwight,Howard,Orlando Magic,NBA Player of the Month,,2007-08,11/01/2007,,East,Award,Kia Motors,KIPMO,
2730,Dwight,Howard,Orlando Magic,NBA Player of the Month,,2007-08,12/01/2007,,East,Award,Kia Motors,KIPMO,
2730,Dwight,Howard,Orlando Magic,NBA Player of the Month,,2010-11,02/01/2011,,East,Award,Kia Motors,KIPMO,
2730,Dwight,Howard,Orlando Magic,NBA Player of the Month,,2010-11,11/01/2010,,East,Award,Kia Motors,KIPMO,
2730,Dwight,Howard,Orlando Magic,NBA Player of the Week,,2006-07,,2006-11-26T00:00:00,East,Award,Kia Motors,KIPWK,
2730,Dwight,Howard,Orlando Magic,NBA Player of the Week,,2007-08,,2007-11-18T00:00:00,East,Award,Kia Motors,KIPWK,
2730,Dwight,Howard,Orlando Magic,NBA Player of the Week,,2007-08,,2007-12-02T00:00:00,East,Award,Kia Motors,KIPWK,
2730,Dwight,Howard,Orlando Magic,NBA Player of the Week,,2008-09,,2009-01-12T00:00:00,East,Award,Kia Motors,KIPWK,
2730,Dwight,Howard,Orlando Magic,NBA Player of the Week,,2008-09,,2009-02-23T00:00:00,East,Award,Kia Motors,KIPWK,
2730,Dwight,Howard,Orlando Magic,NBA Player of the Week,,2008-09,,2009-03-30T00:00:00,East,Award,Kia Motors,KIPWK,
2730,Dwight,Howard,Orlando Magic,NBA Player of the Week,,2008-09,,2009-04-06T00:00:00,East,Award,Kia Motors,KIPWK,
2730,Dwight,Howard,Orlando Magic,NBA Player of the Week,,2009-10,,2009-11-02T00:00:00,East,Award,Kia Motors,KIPWK,
2730,Dwight,Howard,Orlando Magic,NBA Player of the Week,,2009-10,,2009-12-21T00:00:00,East,Award,Kia Motors,KIPWK,
2730,Dwight,Howard,Orlando Magic,NBA Player of the Week,,2009-10,,2010-02-22T00:00:00,East,Award,Kia Motors,KIPWK,
2730,Dwight,Howard,Orlando Magic,NBA Player of the Week,,2009-10,,2010-04-12T00:00:00,East,Award,Kia Motors,KIPWK,
2730,Dwight,Howard,Orlando Magic,NBA Player of the Week,,2010-11,,2010-11-08T00:00:00,East,Award,Kia Motors,KIPWK,
2730,Dwight,Howard,Orlando Magic,NBA Player of the Week,,2010-11,,2010-11-29T00:00:00,East,Award,Kia Motors,KIPWK,
2730,Dwight,Howard,Orlando Magic,NBA Player of the Week,,2010-11,,2011-01-24T00:00:00,East,Award,Kia Motors,KIPWK,
2730,Dwight,Howard,Orlando Magic,NBA Player of the Week,,2011-12,,2012-01-16T00:00:00,East,Award,Kia Motors,KIPWK,
2730,Dwight,Howard,USA,Olympic Gold Medal,,2008,,,,Award,Olympic,Gold,
2730,Dwight,Howard,,NBA All-Star,,2006-07,,,,Award,All-Star,,
2730,Dwight,Howard,,NBA All-Star,,2007-08,,,,Award,All-Star,,
2730,Dwight,Howard,,NBA All-Star,,2008-09,,,,Award,All-Star,,
2730,Dwight,Howard,,NBA All-Star,,2009-10,,,,Award,All-Star,,
2730,Dwight,Howard,,NBA All-Star,,2010-11,,,,Award,All-Star,,
2730,Dwight,Howard,,NBA All-Star,,2011-12,,,,Award,All-Star,,
2730,Dwight,Howard,,NBA All-Star,,2012-13,,,,Award,All-Star,,
2730,Dwight,Howard,,NBA All-Star,,2013-14,,,,Award,All-Star,,
2730,Dwight,Howard,Los Angeles Lakers,NBA Champion,,2019-20,,,,Award,Champion,,
2731,Emeka,Okafor,Charlotte Bobcats,All-Rookie Team,1,2004-05,,,1610612766,Award,Kia Motors,KIART,
2731,Emeka,Okafor,Charlotte Bobcats,NBA Rookie of the Month,,2004-05,04/01/2005,,East,Award,Kia Motors,KIRMO,
2731,Emeka,Okafor,Charlotte Bobcats,NBA Rookie of the Month,,2004-05,11/01/2004,,East,Award,Kia Motors,KIRMO,
2731,Emeka,Okafor,Charlotte Bobcats,NBA Rookie of the Month,,2004-05,12/01/2004,,East,Award,Kia Motors,KIRMO,
2731,Emeka,Okafor,Charlotte Bobcats,NBA Rookie of the Year,,2004-05,,,,Award,Kia Motors,KIROY,
2731,Emeka,Okafor,Charlotte Bobcats,NBA Sporting News Rookie of the Year,,2004-05,,,,Award,Sporting News,SNROY,
2731,Emeka,Okafor,USA,Olympic Bronze Medal,,2004,,,,Award,Olympic,Bronze,
2732,Ben,Gordon,Chicago Bulls,All-Rookie Team,1,2004-05,,,1610612741,Award,Kia Motors,KIART,
2732,Ben,Gordon,Chicago Bulls,NBA Player of the Week,,2005-06,,2006-04-16T00:00:00,East,Award,Kia Motors,KIPWK,
2732,Ben,Gordon,Chicago Bulls,NBA Player of the Week,,2006-07,,2007-01-28T00:00:00,East,Award,Kia Motors,KIPWK,
2732,Ben,Gordon,Chicago Bulls,NBA Player of the Week,,2006-07,,2007-04-15T00:00:00,East,Award,Kia Motors,KIPWK,
2732,Ben,Gordon,Chicago Bulls,NBA Player of the Week,,2008-09,,2009-04-13T00:00:00,East,Award,Kia Motors,KIPWK,
2732,Ben,Gordon,Chicago Bulls,NBA Rookie of the Month,,2004-05,01/01/2005,,East,Award,Kia Motors,KIRMO,
2732,Ben,Gordon,Chicago Bulls,NBA Rookie of the Month,,2004-05,02/01/2005,,East,Award,Kia Motors,KIRMO,
2732,Ben,Gordon,Chicago Bulls,NBA Rookie of the Month,,2004-05,03/01/2005,,East,Award,Kia Motors,KIRMO,
2732,Ben,Gordon,Chicago Bulls,NBA Sixth Man of the Year,,2004-05,,,,Award,Kia Motors,KISMY,
2733,Shaun,Livingston,Los Angeles Clippers,NBA Rookie of the Month,,2004-05,04/01/2005,,West,Award,Kia Motors,KIRMO,
2733,Shaun,Livingston,Golden State Warriors,NBA Champion,,2014-15,,,,Award,Champion,,
2733,Shaun,Livingston,Golden State Warriors,NBA Champion,,2016-17,,,,Award,Champion,,
2733,Shaun,Livingston,Golden State Warriors,NBA Champion,,2017-18,,,,Award,Champion,,
2734,Devin,Harris,New Jersey Nets,NBA Player of the Week,,2008-09,,2008-12-01T00:00:00,East,Award,Kia Motors,KIPWK,
2734,Devin,Harris,New Jersey Nets,NBA Player of the Week,,2008-09,,2009-03-02T00:00:00,East,Award,Kia Motors,KIPWK,
2734,Devin,Harris,Dallas Mavericks,NBA Rookie of the Month,,2004-05,11/01/2004,,West,Award,Kia Motors,KIRMO,
2734,Devin,Harris,,NBA All-Star,,2008-09,,,,Award,All-Star,,
2735,Josh,Childress,Atlanta Hawks,All-Rookie Team,2,2004-05,,,1610612737,Award,Kia Motors,KIART,
2736,Luol,Deng,Chicago Bulls,All-Defensive Team,2,2011-12,,,1610612741,Award,Kia Motors,KIADT,
2736,Luol,Deng,Chicago Bulls,All-Rookie Team,1,2004-05,,,1610612741,Award,Kia Motors,KIART,
2736,Luol,Deng,Chicago Bulls,NBA Sportsmanship,,2006-07,,,,Award,Kia Motors,KSPRT,
2736,Luol,Deng,Great Britain,Olympic Appearance,,2012,,,,Award,Olympic,Appearance,
2736,Luol,Deng,,NBA All-Star,,2011-12,,,,Award,All-Star,,
2736,Luol,Deng,,NBA All-Star,,2012-13,,,,Award,All-Star,,
2738,Andre,Iguodala,Philadelphia 76ers,All-Defensive Team,2,2010-11,,,1610612755,Award,Kia Motors,KIADT,
2738,Andre,Iguodala,Golden State Warriors,All-Defensive Team,1,2013-14,,,1610612744,Award,Kia Motors,KIADT,
2738,Andre,Iguodala,Philadelphia 76ers,All-Rookie Team,1,2004-05,,,1610612755,Award,Kia Motors,KIART,
2738,Andre,Iguodala,Golden State Warriors,NBA Finals Most Valuable Player,,2014-15,,,,Award,Kia Motors,KFMVP,
2738,Andre,Iguodala,USA,Olympic Gold Medal,,2012,,,,Award,Olympic,Gold,
2738,Andre,Iguodala,,NBA All-Star,,2011-12,,,,Award,All-Star,,
2738,Andre,Iguodala,Golden State Warriors,NBA Champion,,2014-15,,,,Award,Champion,,
2738,Andre,Iguodala,Golden State Warriors,NBA Champion,,2016-17,,,,Award,Champion,,
2738,Andre,Iguodala,Golden State Warriors,NBA Champion,,2017-18,,,,Award,Champion,,
2738,Andre,Iguodala,Golden State Warriors,NBA Champion,,2021-22,,,,Award,Champion,,
2739,Luke,Jackson,Philadelphia 76ers,NBA Sporting News Rookie of the Year,,1964-65,,,,Award,Sporting News,SNROY,
2739,Luke,Jackson,USA,Olympic Gold Medal,,1964,,,,Award,Olympic,Gold,
2739,Luke,Jackson,Philadelphia 76ers,NBA Champion,,1966-67,,,,Award,Champion,,
2744,Al,Jefferson,Charlotte Hornets,All-NBA,3,2013-14,,,1610612766,Award,Kia Motors,KIANT,
2744,Al,Jefferson,Boston Celtics,All-Rookie Team,2,2004-05,,,1610612738,Award,Kia Motors,KIART,
2744,Al,Jefferson,Charlotte Bobcats,NBA Player of the Month,,2013-14,3/1/2014,,East,Award,Kia Motors,KIPMO,
2744,Al,Jefferson,Charlotte Bobcats,NBA Player of the Month,,2013-14,4/1/2014,,East,Award,Kia Motors,KIPMO,
2744,Al,Jefferson,Boston Celtics,NBA Player of the Week,,2006-07,,2007-03-04T00:00:00,West,Award,Kia Motors,KIPWK,
2744,Al,Jefferson,Minnesota Timberwolves,NBA Player of the Week,,2007-08,,2008-01-27T00:00:00,West,Award,Kia Motors,KIPWK,
2744,Al,Jefferson,Minnesota Timberwolves,NBA Player of the Week,,2008-09,,2009-01-05T00:00:00,West,Award,Kia Motors,KIPWK,
2744,Al,Jefferson,Utah Jazz,NBA Player of the Week,,2011-12,,2012-04-16T00:00:00,West,Award,Kia Motors,KIPWK,
2744,Al,Jefferson,Charlotte Bobcats,NBA Player of the Week,,2013-14,,2014-03-17T00:00:00,East,Award,Kia Motors,KIPWK,
2744,Al,Jefferson,Charlotte Bobcats,NBA Player of the Week,,2013-14,,2014-04-07T00:00:00,East,Award,Kia Motors,KIPWK,
2746,Josh,Smith,Atlanta Hawks,All-Defensive Team,2,2009-10,,,1610612737,Award,Kia Motors,KIADT,
2746,Josh,Smith,Atlanta Hawks,All-Rookie Team,2,2004-05,,,1610612737,Award,Kia Motors,KIART,
2746,Josh,Smith,Atlanta Hawks,NBA Player of the Week,,2007-08,,2007-12-09T00:00:00,East,Award,Kia Motors,KIPWK,
2746,Josh,Smith,Atlanta Hawks,NBA Player of the Week,,2012-13,,2012-12-03T00:00:00,East,Award,Kia Motors,KIPWK,
2747,J.R.,Smith,New York Knicks,NBA Player of the Week,,2012-13,,2013-03-25T00:00:00,East,Award,Kia Motors,KIPWK,
2747,J.R.,Smith,New York Knicks,NBA Sixth Man of the Year,,2012-13,,,,Award,Kia Motors,KISMY,
2747,JR,Smith,New Orleans Hornets,NBA Rookie of the Month,,2004-05,01/01/2005,,West,Award,Kia Motors,KIRMO,
2747,JR,Smith,New Orleans Hornets,NBA Rookie of the Month,,2004-05,02/01/2005,,West,Award,Kia Motors,KIRMO,
2747,JR,Smith,New Orleans Hornets,NBA Rookie of the Month,,2004-05,03/01/2005,,West,Award,Kia Motors,KIRMO,
2747,JR,Smith,Cleveland Cavaliers,NBA Champion,,2015-16,,,,Award,Champion,,
2747,JR,Smith,Los Angeles Lakers,NBA Champion,,2019-20,,,,Award,Champion,,
2749,Jameer,Nelson,Orlando Magic,All-Rookie Team,2,2004-05,,,1610612753,Award,Kia Motors,KIART,
2749,Jameer,Nelson,Orlando Magic,NBA Player of the Week,,2008-09,,2008-12-22T00:00:00,East,Award,Kia Motors,KIPWK,
2749,Jameer,Nelson,Orlando Magic,NBA Player of the Week,,2008-09,,2009-01-19T00:00:00,East,Award,Kia Motors,KIPWK,
2749,Jameer,Nelson,,NBA All-Star,,2008-09,,,,Award,All-Star,,
2751,Viktor,Khryapa,Russia,Olympic Appearance,,2008,,,,Award,Olympic,Appearance,
2751,Viktor,Khryapa,Russia,Olympic Bronze Medal,,2012,,,,Award,Olympic,Bronze,
2754,Tony,Allen,Memphis Grizzlies,All-Defensive Team,2,2010-11,,,1610612763,Award,Kia Motors,KIADT,
2754,Tony,Allen,Memphis Grizzlies,All-Defensive Team,1,2011-12,,,1610612763,Award,Kia Motors,KIADT,
2754,Tony,Allen,Memphis Grizzlies,All-Defensive Team,1,2012-13,,,1610612763,Award,Kia Motors,KIADT,
2754,Tony,Allen,Memphis Grizzlies,All-Defensive Team,1,2014-15,,,1610612763,Award,Kia Motors,KIADT,
2754,Tony,Allen,Memphis Grizzlies,All-Defensive Team,2,2015-16,,,West,Award,Kia Motors,KIADT,
2754,Tony,Allen,Memphis Grizzlies,All-Defensive Team,2,2016-17,,,West,Award,Kia Motors,KIADT,
2754,Tony,Allen,Boston Celtics,NBA Champion,,2007-08,,,,Award,Champion,,
2755,Kevin,Martin,Sacramento Kings,NBA Player of the Week,,2006-07,,2007-03-04T00:00:00,West,Award,Kia Motors,KIPWK,
2756,Sasha,Vujacic,Los Angeles Lakers,NBA Champion,,2008-09,,,,Award,Champion,,
2756,Sasha,Vujacic,Los Angeles Lakers,NBA Champion,,2009-10,,,,Award,Champion,,
2757,Beno,Udrih,San Antonio Spurs,NBA Rookie of the Month,,2004-05,12/01/2004,,West,Award,Kia Motors,KIRMO,
2757,Beno,Udrih,San Antonio Spurs,NBA Champion,,2004-05,,,,Award,Champion,,
2757,Beno,Udrih,San Antonio Spurs,NBA Champion,,2006-07,,,,Award,Champion,,
2760,Anderson,Varejao,Cleveland Cavaliers,All-Defensive Team,2,2009-10,,,1610612739,Award,Kia Motors,KIADT,
2760,Anderson,Varejao,Brazil,Olympic Appearance,,2012,,,,Award,Olympic,Appearance,
2762,Peter,Ramos,Puerto Rico,Olympic Appearance,,2004,,,,Award,Olympic,Appearance,
2772,Trevor,Ariza,Los Angeles Lakers,NBA Champion,,2008-09,,,,Award,Champion,,
2788,DJ,Mbenga,Los Angeles Lakers,NBA Champion,,2008-09,,,,Award,Champion,,
2788,DJ,Mbenga,Los Angeles Lakers,NBA Champion,,2009-10,,,,Award,Champion,,
101106,Andrew,Bogut,Golden State Warriors,All-Defensive Team,2,2014-15,,,1610612744,Award,Kia Motors,KIADT,
101106,Andrew,Bogut,Milwaukee Bucks,All-NBA,3,2009-10,,,1610612749,Award,Kia Motors,KIANT,
101106,Andrew,Bogut,Milwaukee Bucks,All-Rookie Team,1,2005-06,,,1610612749,Award,Kia Motors,KIART,
101106,Andrew,Bogut,Milwaukee Bucks,NBA Player of the Week,,2009-10,,2010-03-15T00:00:00,East,Award,Kia Motors,KIPWK,
101106,Andrew,Bogut,Milwaukee Bucks,NBA Rookie of the Month,,2005-06,01/01/2006,,West,Award,Kia Motors,KIRMO,
101106,Andrew,Bogut,Australia,Olympic Appearance,,2004,,,,Award,Olympic,Appearance,
101106,Andrew,Bogut,Australia,Olympic Appearance,,2008,,,,Award,Olympic,Appearance,
101106,Andrew,Bogut,Golden State Warriors,NBA Champion,,2014-15,,,,Award,Champion,,
101107,Marvin,Williams,Atlanta Hawks,All-Rookie Team,2,2005-06,,,1610612737,Award,Kia Motors,KIART,
2804,Andres,Nocioni,Argentina,Olympic Appearance,,2012,,,,Award,Olympic,Appearance,
2804,Andres,Nocioni,Argentina,Olympic Bronze Medal,,2008,,,,Award,Olympic,Bronze,
2804,Andres,Nocioni,Argentina,Olympic Gold Medal,,2004,,,,Award,Olympic,Gold,
101109,Raymond,Felton,Charlotte Bobcats,All-Rookie Team,2,2005-06,,,1610612766,Award,Kia Motors,KIART,
101109,Raymond,Felton,Charlotte Bobcats,NBA Rookie of the Month,,2005-06,02/01/2006,,East,Award,Kia Motors,KIRMO,
101109,Raymond,Felton,Charlotte Bobcats,NBA Rookie of the Month,,2005-06,03/01/2006,,East,Award,Kia Motors,KIRMO,
101109,Raymond,Felton,Charlotte Bobcats,NBA Rookie of the Month,,2005-06,04/01/2006,,East,Award,Kia Motors,KIRMO,
101108,Chris,Paul,New Orleans Hornets,All-Defensive Team,2,2007-08,,,1610612740,Award,Kia Motors,KIADT,
101108,Chris,Paul,New Orleans Hornets,All-Defensive Team,1,2008-09,,,1610612740,Award,Kia Motors,KIADT,
101108,Chris,Paul,New Orleans Hornets,All-Defensive Team,2,2010-11,,,1610612740,Award,Kia Motors,KIADT,
101108,Chris,Paul,Los Angeles Clippers,All-Defensive Team,1,2011-12,,,1610612746,Award,Kia Motors,KIADT,
101108,Chris,Paul,Los Angeles Clippers,All-Defensive Team,1,2012-13,,,1610612746,Award,Kia Motors,KIADT,
101108,Chris,Paul,Los Angeles Clippers,All-Defensive Team,1,2013-14,,,1610612746,Award,Kia Motors,KIADT,
101108,Chris,Paul,Los Angeles Clippers,All-Defensive Team,1,2014-15,,,1610612746,Award,Kia Motors,KIADT,
101108,Chris,Paul,LA Clippers,All-Defensive Team,1,2015-16,,,West,Award,Kia Motors,KIADT,
101108,Chris,Paul,New Orleans Hornets,All-NBA,1,2007-08,,,1610612740,Award,Kia Motors,KIANT,
101108,Chris,Paul,New Orleans Hornets,All-NBA,2,2008-09,,,1610612740,Award,Kia Motors,KIANT,
101108,Chris,Paul,Los Angeles Clippers,All-NBA,3,2010-11,,,1610612746,Award,Kia Motors,KIANT,
101108,Chris,Paul,Los Angeles Clippers,All-NBA,1,2011-12,,,1610612746,Award,Kia Motors,KIANT,
101108,Chris,Paul,Los Angeles Clippers,All-NBA,1,2012-13,,,1610612746,Award,Kia Motors,KIANT,
101108,Chris,Paul,Los Angeles Clippers,All-NBA,1,2013-14,,,1610612746,Award,Kia Motors,KIANT,
101108,Chris,Paul,Los Angeles Clippers,All-NBA,2,2014-15,,,1610612746,Award,Kia Motors,KIANT,
101108,Chris,Paul,LA Clippers,All-NBA,2,2015-16,,,West,Award,Kia Motors,KIANT,
101108,Chris,Paul,Oklahoma City Thunder,All-NBA,2,2019-20,,,West,Award,Kia Motors,KIANT,
101108,Chris,Paul,New Orleans/Okla. City Hornets,All-Rookie Team,1,2005-06,,,1610612740,Award,Kia Motors,KIART,
101108,Chris,Paul,Los Angeles Clippers,NBA All-Star Most Valuable Player,,2012-13,,,,Award,Kia Motors,KAMVP,
101108,Chris,Paul,New Orleans Hornets,NBA Player of the Month,,2007-08,03/01/2008,,West,Award,Kia Motors,KIPMO,
101108,Chris,Paul,New Orleans Hornets,NBA Player of the Month,,2007-08,12/01/2007,,West,Award,Kia Motors,KIPMO,
101108,Chris,Paul,New Orleans Hornets,NBA Player of the Month,,2008-09,03/01/2009,,West,Award,Kia Motors,KIPMO,
101108,Chris,Paul,New Orleans Hornets,NBA Player of the Month,,2008-09,11/01/2008,,West,Award,Kia Motors,KIPMO,
101108,Chris,Paul,New Orleans Hornets,NBA Player of the Month,,2009-10,01/01/2010,,West,Award,Kia Motors,KIPMO,
101108,Chris,Paul,Los Angeles Clippers,NBA Player of the Month,,2011-12,04/01/2012,,West,Award,Kia Motors,KIPMO,
101108,Chris,Paul,L.A. Clippers,NBA Player of the Month,,2012-13,12/01/2012,,West,Award,Kia Motors,KIPMO,
101108,Chris,Paul,LA Clippers,NBA Player of the Month,,2016-17,4/1/2017,,West,Award,Kia Motors,KIPMO,
101108,Chris,Paul,New Orleans/Okla. City Hornets,NBA Player of the Week,,2005-06,,2006-02-06T00:00:00,West,Award,Kia Motors,KIPWK,
101108,Chris,Paul,New Orleans Hornets,NBA Player of the Week,,2007-08,,2007-12-30T00:00:00,West,Award,Kia Motors,KIPWK,
101108,Chris,Paul,New Orleans Hornets,NBA Player of the Week,,2007-08,,2008-03-23T00:00:00,West,Award,Kia Motors,KIPWK,
101108,Chris,Paul,New Orleans Hornets,NBA Player of the Week,,2008-09,,2008-11-03T00:00:00,West,Award,Kia Motors,KIPWK,
101108,Chris,Paul,New Orleans Hornets,NBA Player of the Week,,2008-09,,2008-12-22T00:00:00,West,Award,Kia Motors,KIPWK,
101108,Chris,Paul,New Orleans Hornets,NBA Player of the Week,,2008-09,,2009-01-19T00:00:00,West,Award,Kia Motors,KIPWK,
101108,Chris,Paul,New Orleans Hornets,NBA Player of the Week,,2008-09,,2009-03-23T00:00:00,West,Award,Kia Motors,KIPWK,
101108,Chris,Paul,New Orleans Hornets,NBA Player of the Week,,2010-11,,2010-11-08T00:00:00,West,Award,Kia Motors,KIPWK,
101108,Chris,Paul,Los Angeles Clippers,NBA Player of the Week,,2011-12,,2012-03-26T00:00:00,West,Award,Kia Motors,KIPWK,
101108,Chris,Paul,Los Angeles Clippers,NBA Player of the Week,,2012-13,,2012-12-17T00:00:00,West,Award,Kia Motors,KIPWK,
101108,Chris,Paul,Los Angeles Clippers,NBA Player of the Week,,2014-15,,2015-03-16T00:00:00,West,Award,Kia Motors,KIPWK,
101108,Chris,Paul,LA Clippers,NBA Player of the Week,,2015-16,,2016-01-11T00:00:00,West,Award,Kia Motors,KIPWK,
101108,Chris,Paul,Houston Rockets,NBA Player of the Week,,2017-18,,2017-12-11T00:00:00,West,Award,Kia Motors,KIPWK,
101108,Chris,Paul,New Orleans/Okla. City Hornets,NBA Rookie of the Month,,2005-06,01/01/2006,,East,Award,Kia Motors,KIRMO,
101108,Chris,Paul,New Orleans/Okla. City Hornets,NBA Rookie of the Month,,2005-06,02/01/2006,,West,Award,Kia Motors,KIRMO,
101108,Chris,Paul,New Orleans/Okla. City Hornets,NBA Rookie of the Month,,2005-06,03/01/2006,,West,Award,Kia Motors,KIRMO,
101108,Chris,Paul,New Orleans/Okla. City Hornets,NBA Rookie of the Month,,2005-06,04/01/2006,,West,Award,Kia Motors,KIRMO,
101108,Chris,Paul,New Orleans/Okla. City Hornets,NBA Rookie of the Month,,2005-06,11/01/2005,,West,Award,Kia Motors,KIRMO,
101108,Chris,Paul,New Orleans/Okla. City Hornets,NBA Rookie of the Month,,2005-06,12/01/2005,,West,Award,Kia Motors,KIRMO,
101108,Chris,Paul,New Orleans/Okla. City Hornets,NBA Rookie of the Year,,2005-06,,,,Award,Kia Motors,KIROY,
101108,Chris,Paul,New Orleans/Okla. City Hornets,NBA Sporting News Rookie of the Year,,2005-06,,,,Award,Sporting News,SNROY,
101108,Chris,Paul,USA,Olympic Gold Medal,,2008,,,,Award,Olympic,Gold,
101108,Chris,Paul,USA,Olympic Gold Medal,,2012,,,,Award,Olympic,Gold,
101108,Chris,Paul,LA Clippers,All-Defensive Team,1,2016-17,,,West,Award,Kia Motors,KIADT,
101108,Chris,Paul,Phoenix Suns,NBA Player of the Week,,2021-22,,2022-01-24T00:00:00,West,Award,Kia Motors,KIPWK,
101108,Chris,Paul,Phoenix Suns,All-NBA,3,2021-22,,,West,Award,Kia Motors,KIANT,
101108,Chris,Paul,Phoenix Suns,All-NBA,2,2020-21,,,West,Award,Kia Motors,KIANT,
101108,Chris,Paul,,NBA All-Star,,2007-08,,,,Award,All-Star,,
101108,Chris,Paul,,NBA All-Star,,2008-09,,,,Award,All-Star,,
101108,Chris,Paul,,NBA All-Star,,2009-10,,,,Award,All-Star,,
101108,Chris,Paul,,NBA All-Star,,2010-11,,,,Award,All-Star,,
101108,Chris,Paul,,NBA All-Star,,2011-12,,,,Award,All-Star,,
101108,Chris,Paul,,NBA All-Star,,2012-13,,,,Award,All-Star,,
101108,Chris,Paul,,NBA All-Star,,2013-14,,,,Award,All-Star,,
101108,Chris,Paul,,NBA All-Star,,2014-15,,,,Award,All-Star,,
101108,Chris,Paul,,NBA All-Star,,2015-16,,,,Award,All-Star,,
101108,Chris,Paul,,NBA All-Star,,2019-20,,,,Award,All-Star,,
101108,Chris,Paul,,NBA All-Star,,2020-21,,,,Award,All-Star,,
101108,Chris,Paul,,NBA All-Star,,2021-22,,,,Award,All-Star,,
101111,Charlie,Villanueva,Toronto Raptors,All-Rookie Team,1,2005-06,,,1610612761,Award,Kia Motors,KIART,
101111,Charlie,Villanueva,Toronto Raptors,NBA Rookie of the Month,,2005-06,12/01/2005,,East,Award,Kia Motors,KIRMO,
101112,Channing,Frye,New York Knicks,All-Rookie Team,1,2005-06,,,1610612752,Award,Kia Motors,KIART,
101112,Channing,Frye,New York Knicks,NBA Rookie of the Month,,2005-06,11/01/2005,,East,Award,Kia Motors,KIRMO,
101112,Channing,Frye,Cleveland Cavaliers,NBA Champion,,2015-16,,,,Award,Champion,,
101113,Ike,Diogu,Nigeria,Olympic Appearance,,2012,,,,Award,Olympic,Appearance,
101114,Deron,Williams,Utah Jazz,All-NBA,2,2007-08,,,1610612762,Award,Kia Motors,KIANT,
101114,Deron,Williams,Utah Jazz,All-NBA,2,2009-10,,,1610612762,Award,Kia Motors,KIANT,
101114,Deron,Williams,Utah Jazz,All-Rookie Team,1,2005-06,,,1610612762,Award,Kia Motors,KIART,
101114,Deron,Williams,New Jersey Nets,NBA Player of the Month,,2010-11,11/01/2010,,East,Award,Kia Motors,KIPMO,
101114,Deron,Williams,Utah Jazz,NBA Player of the Week,,2008-09,,2009-03-09T00:00:00,West,Award,Kia Motors,KIPWK,
101114,Deron,Williams,Utah Jazz,NBA Player of the Week,,2009-10,,2009-12-14T00:00:00,West,Award,Kia Motors,KIPWK,
101114,Deron,Williams,Utah Jazz,NBA Player of the Week,,2010-11,,2010-11-15T00:00:00,West,Award,Kia Motors,KIPWK,
101114,Deron,Williams,Brooklyn Nets,NBA Player of the Week,,2014-15,,2014-11-03T00:00:00,East,Award,Kia Motors,KIPWK,
101114,Deron,Williams,USA,Olympic Gold Medal,,2008,,,,Award,Olympic,Gold,
101114,Deron,Williams,USA,Olympic Gold Medal,,2012,,,,Award,Olympic,Gold,
101114,Deron,Williams,,NBA All-Star,,2011-12,,,,Award,All-Star,,
101114,Deron,Williams,,NBA All-Star,,2009-10,,,,Award,All-Star,,
101114,Deron,Williams,,NBA All-Star,,2010-11,,,,Award,All-Star,,
101115,Andrew,Bynum,Los Angeles Lakers,All-NBA,2,2011-12,,,1610612747,Award,Kia Motors,KIANT,
101115,Andrew,Bynum,Los Angeles Lakers,NBA Player of the Week,,2008-09,,2009-01-26T00:00:00,West,Award,Kia Motors,KIPWK,
101115,Andrew,Bynum,Los Angeles Lakers,NBA Player of the Week,,2011-12,,2012-03-12T00:00:00,West,Award,Kia Motors,KIPWK,
101115,Andrew,Bynum,Los Angeles Lakers,NBA Player of the Week,,2011-12,,2012-04-09T00:00:00,West,Award,Kia Motors,KIPWK,
101115,Andrew,Bynum,,NBA All-Star,,2011-12,,,,Award,All-Star,,
101115,Andrew,Bynum,Los Angeles Lakers,NBA Champion,,2008-09,,,,Award,Champion,,
101115,Andrew,Bynum,Los Angeles Lakers,NBA Champion,,2009-10,,,,Award,Champion,,
101122,Danny,Granger,Indiana Pacers,All-Rookie Team,2,2005-06,,,1610612754,Award,Kia Motors,KIART,
101122,Danny,Granger,Indiana Pacers,NBA Most Improved Player,,2008-09,,,,Award,Kia Motors,KIMIP,
101122,Danny,Granger,Indiana Pacers,NBA Player of the Week,,2007-08,,2007-11-04T00:00:00,East,Award,Kia Motors,KIPWK,
101122,Danny,Granger,,NBA All-Star,,2008-09,,,,Award,All-Star,,
101126,Nate,Robinson,Chicago Bulls,NBA Player of the Week,,2012-13,,2013-01-28T00:00:00,East,Award,Kia Motors,KIPWK,
101132,Linas,Kleiza,Lithuania,Olympic Appearance,,2008,,,,Award,Olympic,Appearance,
101132,Linas,Kleiza,Lithuania,Olympic Appearance,,2012,,,,Award,Olympic,Appearance,
101129,Luther,Head,Houston Rockets,All-Rookie Team,2,2005-06,,,1610612745,Award,Kia Motors,KIART,
101134,Wayne,Simien,Miami Heat,NBA Champion,,2005-06,,,,Award,Champion,,
101135,David,Lee,Golden State Warriors,All-NBA,3,2012-13,,,1610612744,Award,Kia Motors,KIANT,
101135,David,Lee,New York Knicks,NBA Player of the Week,,2008-09,,2009-02-02T00:00:00,East,Award,Kia Motors,KIPWK,
101135,David,Lee,Golden State Warriors,NBA Player of the Week,,2012-13,,2012-12-10T00:00:00,West,Award,Kia Motors,KIPWK,
101135,David,Lee,Golden State Warriors,NBA Player of the Week,,2012-13,,2012-12-17T00:00:00,West,Award,Kia Motors,KIPWK,
101135,David,Lee,Golden State Warriors,NBA Player of the Week,,2012-13,,2013-01-28T00:00:00,West,Award,Kia Motors,KIPWK,
101135,David,Lee,Golden State Warriors,NBA Player of the Week,,2013-14,,2014-01-06T00:00:00,West,Award,Kia Motors,KIPWK,
101135,David,Lee,,NBA All-Star,,2009-10,,,,Award,All-Star,,
101135,David,Lee,,NBA All-Star,,2012-13,,,,Award,All-Star,,
101135,David,Lee,Golden State Warriors,NBA Champion,,2014-15,,,,Award,Champion,,
101133,Ian,Mahinmi,Dallas Mavericks,NBA Champion,,2010-11,,,,Award,Champion,,
101141,Ersan,Ilyasova,Milwaukee Bucks,NBA Player of the Week,,2011-12,,2012-03-05T00:00:00,East,Award,Kia Motors,KIPWK,
101142,Ronny,Turiaf,France,Olympic Appearance,,2012,,,,Award,Olympic,Appearance,
101142,Ronny,Turiaf,Miami Heat,NBA Champion,,2011-12,,,,Award,Champion,,
101145,Monta,Ellis,Golden State Warriors,NBA Most Improved Player,,2006-07,,,,Award,Kia Motors,KIMIP,
101145,Monta,Ellis,Golden State Warriors,NBA Player of the Week,,2010-11,,2010-12-27T00:00:00,West,Award,Kia Motors,KIPWK,
101145,Monta,Ellis,Golden State Warriors,NBA Player of the Week,,2011-12,,2012-03-05T00:00:00,West,Award,Kia Motors,KIPWK,
101145,Monta,Ellis,Milwaukee Bucks,NBA Player of the Week,,2012-13,,2012-12-24T00:00:00,East,Award,Kia Motors,KIPWK,
101145,Monta,Ellis,Dallas Mavericks,NBA Player of the Week,,2013-14,,2014-04-14T00:00:00,West,Award,Kia Motors,KIPWK,
101150,Lou,Williams,Toronto Raptors,NBA Player of the Week,,2014-15,,2014-11-17T00:00:00,East,Award,Kia Motors,KIPWK,
101150,Lou,Williams,LA Clippers,NBA Player of the Week,,2017-18,,2017-12-25T00:00:00,West,Award,Kia Motors,KIPWK,
101150,Lou,Williams,LA Clippers,NBA Player of the Week,,2017-18,,2018-01-08T00:00:00,West,Award,Kia Motors,KIPWK,
101150,Lou,Williams,Toronto Raptors,NBA Sixth Man of the Year,,2014-15,,,,Award,Kia Motors,KISMY,
101150,Lou,Williams,LA Clippers,NBA Sixth Man of the Year,,2017-18,,,West,Award,Kia Motors,KISMY,
101150,Lou,Williams,LA Clippers,NBA Sixth Man of the Year,,2018-19,,,West,Award,Kia Motors,KISMY,
101155,Ryan,Gomes,Boston Celtics,All-Rookie Team,2,2005-06,,,1610612738,Award,Kia Motors,KIART,
101162,Marcin,Gortat,Washington Wizards,NBA Player of the Week,,2015-16,,2015-12-28T00:00:00,East,Award,Kia Motors,KIPWK,
101177,Fabricio,Oberto,Argentina,Olympic Appearance,,1996,,,,Award,Olympic,Appearance,
101177,Fabricio,Oberto,Argentina,Olympic Bronze Medal,,2008,,,,Award,Olympic,Bronze,
101177,Fabricio,Oberto,Argentina,Olympic Gold Medal,,2004,,,,Award,Olympic,Gold,
101177,Fabricio,Oberto,San Antonio Spurs,NBA Champion,,2006-07,,,,Award,Champion,,
101180,Sarunas,Jasikevicius,Lithuania,Olympic Appearance,,2004,,,,Award,Olympic,Appearance,
101180,Sarunas,Jasikevicius,Lithuania,Olympic Appearance,,2008,,,,Award,Olympic,Appearance,
101180,Sarunas,Jasikevicius,Lithuania,Olympic Bronze Medal,,2000,,,,Award,Olympic,Bronze,
101181, José Manuel,Calderón,,Olympic Bronze Medal,,2016,,,,Award,Olympic,Bronze,
101181,Jose,Calderon,Spain,Olympic Appearance,,2004,,,,Award,Olympic,Appearance,
101181,Jose,Calderon,Spain,Olympic Silver Medal,,2008,,,,Award,Olympic,Silver,
101181,Jose,Calderon,Spain,Olympic Silver Medal,,2012,,,,Award,Olympic,Silver,
1641705,Victor,Wembanyama,San Antonio Spurs,NBA Rookie of the Month,,2023-24,1/1/2024,,West,Award,Kia Motors,KIRMO,
1641705,Victor,Wembanyama,San Antonio Spurs,NBA Rookie of the Month,,2023-24,2/1/2024,,West,Award,Kia Motors,KIRMO,
1641705,Victor,Wembanyama,San Antonio Spurs,NBA Rookie of the Month,,2023-24,3/1/2024,,West,Award,Kia Motors,KIRMO,
1641705,Victor,Wembanyama,San Antonio Spurs,NBA Rookie of the Year,,2023-24,,,West,Award,Kia Motors,KIROY,
1641705,Victor,Wembanyama,San Antonio Spurs,All-Rookie Team,1,2023-24,,,West,Award,Kia Motors,KIART,
1641705,Victor,Wembanyama,San Antonio Spurs,All-Defensive Team,1,2023-24,,,West,Award,Kia Motors,KIADT,
1641705,Victor,Wembanyama,France,Olympic Silver Medal,,2024,,,,Award,Olympic,Silver,
1641705,Victor,Wembanyama,San Antonio Spurs,NBA Defensive Player of the Month,,2024-25,11/1/2024,,West,Award,Kia Motors,KIRMO,
1641706,Brandon,Miller,Charlotte Hornets,NBA Rookie of the Month,,2023-24,1/1/2024,,East,Award,Kia Motors,KIRMO,
1641706,Brandon,Miller,Charlotte Hornets,NBA Rookie of the Month,,2023-24,2/1/2024,,East,Award,Kia Motors,KIRMO,
1641706,Brandon,Miller,Charlotte Hornets,NBA Rookie of the Month,,2023-24,3/1/2024,,East,Award,Kia Motors,KIRMO,
1641706,Brandon,Miller,Charlotte Hornets,All-Rookie Team,1,2023-24,,,East,Award,Kia Motors,KIART,
1641708,Amen,Thompson,Houston Rockets,All-Rookie Team,2,2023-24,,,West,Award,Kia Motors,KIART,
1641713,GG,Jackson,Memphis Grizzlies,All-Rookie Team,2,2023-24,,,West,Award,Kia Motors,KIART,
1641717,Cason,Wallace,Oklahoma City Thunder,All-Rookie Team,2,2023-24,,,West,Award,Kia Motors,KIART,
1641718,Keyonte,George,Utah Jazz,All-Rookie Team,2,2023-24,,,West,Award,Kia Motors,KIART,
1641726,Dereck,Lively II,Dallas Mavericks,All-Rookie Team,2,2023-24,,,West,Award,Kia Motors,KIART,
1641731,Bilal,Coulibaly,France,Olympic Silver Medal,,2024,,,,Award,Olympic,Silver,
1641764,Brandin,Podziemski,Golden State Warriors,All-Rookie Team,1,2023-24,,,West,Award,Kia Motors,KIART,
1641775,Jordan,Walsh,Boston Celtics,NBA Champion,,2023-24,,,,Award,Champion,,
1630531,Jaden,Springer,Boston Celtics,NBA Champion,,2023-24,,,,Award,Champion,,
1630532,Franz,Wagner,Orlando Magic,NBA Rookie of the Month,,2021-22,12/1/2021,,East,Award,Kia Motors,KIRMO,
1630532,Franz,Wagner,Orlando Magic,All-Rookie Team,1,2021-22,,,East,Award,Kia Motors,KIART,
1630532,Franz,Wagner,Orlando Magic,NBA Player of the Week,,2024-25,,2024-11-11T00:00:00,East,Award,Kia Motors,KIPWK,
200081,Jamario,Moon,Toronto Raptors,All-Rookie Team,2,2007-08,,,1610612761,Award,Kia Motors,KIART,
200081,Jamario,Moon,Toronto Raptors,NBA Rookie of the Month,,2007-08,01/01/2008,,East,Award,Kia Motors,KIRMO,
1626143,Jahlil,Okafor,Philadelphia 76ers,All-Rookie Team,1,2015-16,,,East,Award,Kia Motors,KIART,
1626144,Emmanuel,Mudiay,Denver Nuggets,All-Rookie Team,2,2015-16,,,West,Award,Kia Motors,KIART,
1626149,Montrezl,Harrell,LA Clippers,NBA Sixth Man of the Year,,2019-20,,,West,Award,Kia Motors,KISMY,
200745,Andrea,Bargnani,Toronto Raptors,All-Rookie Team,1,2006-07,,,1610612761,Award,Kia Motors,KIART,
200745,Andrea,Bargnani,Toronto Raptors,NBA Rookie of the Month,,2006-07,01/01/2007,,East,Award,Kia Motors,KIRMO,
200745,Andrea,Bargnani,Toronto Raptors,NBA Rookie of the Month,,2006-07,02/01/2007,,East,Award,Kia Motors,KIRMO,
200746,LaMarcus,Aldridge,Portland Trail Blazers,All-NBA,3,2010-11,,,1610612757,Award,Kia Motors,KIANT,
200746,LaMarcus,Aldridge,Portland Trail Blazers,All-NBA,3,2013-14,,,1610612757,Award,Kia Motors,KIANT,
200746,LaMarcus,Aldridge,Portland Trail Blazers,All-NBA,2,2014-15,,,1610612757,Award,Kia Motors,KIANT,
200746,LaMarcus,Aldridge,San Antonio Spurs,All-NBA,3,2015-16,,,West,Award,Kia Motors,KIANT,
200746,LaMarcus,Aldridge,San Antonio Spurs,All-NBA,2,2017-18,,,West,Award,Kia Motors,KIANT,
200746,LaMarcus,Aldridge,Portland Trail Blazers,All-Rookie Team,1,2006-07,,,1610612757,Award,Kia Motors,KIART,
200746,LaMarcus,Aldridge,Portland Trail Blazers,NBA Player of the Month,,2010-11,02/01/2011,,West,Award,Kia Motors,KIPMO,
200746,LaMarcus,Aldridge,Portland Trail Blazers,NBA Player of the Week,,2010-11,,2011-01-24T00:00:00,West,Award,Kia Motors,KIPWK,
200746,LaMarcus,Aldridge,Portland Trail Blazers,NBA Player of the Week,,2012-13,,2013-03-11T00:00:00,West,Award,Kia Motors,KIPWK,
200746,LaMarcus,Aldridge,Portland Trail Blazers,NBA Player of the Week,,2013-14,,2013-11-25T00:00:00,West,Award,Kia Motors,KIPWK,
200746,LaMarcus,Aldridge,Portland Trail Blazers,NBA Player of the Week,,2013-14,,2013-12-09T00:00:00,West,Award,Kia Motors,KIPWK,
200746,LaMarcus,Aldridge,Portland Trail Blazers,NBA Player of the Week,,2013-14,,2013-12-16T00:00:00,West,Award,Kia Motors,KIPWK,
200746,LaMarcus,Aldridge,Portland Trail Blazers,NBA Player of the Week,,2014-15,,2014-12-01T00:00:00,West,Award,Kia Motors,KIPWK,
200746,LaMarcus,Aldridge,Portland Trail Blazers,NBA Player of the Week,,2014-15,,2014-12-15T00:00:00,West,Award,Kia Motors,KIPWK,
200746,LaMarcus,Aldridge,San Antonio Spurs,NBA Player of the Week,,2015-16,,2016-02-08T00:00:00,West,Award,Kia Motors,KIPWK,
200746,LaMarcus,Aldridge,San Antonio Spurs,NBA Player of the Week,,2017-18,,2018-03-19T00:00:00,West,Award,Kia Motors,KIPWK,
200746,LaMarcus,Aldridge,,NBA All-Star,,2017-18,,,,Award,All-Star,,
200746,LaMarcus,Aldridge,,NBA All-Star,,2011-12,,,,Award,All-Star,,
200746,LaMarcus,Aldridge,,NBA All-Star,,2012-13,,,,Award,All-Star,,
200746,LaMarcus,Aldridge,,NBA All-Star,,2013-14,,,,Award,All-Star,,
200746,LaMarcus,Aldridge,,NBA All-Star,,2014-15,,,,Award,All-Star,,
200746,LaMarcus,Aldridge,,NBA All-Star,,2015-16,,,,Award,All-Star,,
200746,LaMarcus,Aldridge,,NBA All-Star,,2018-19,,,,Award,All-Star,,
200747,Adam,Morrison,Charlotte Bobcats,All-Rookie Team,2,2006-07,,,1610612766,Award,Kia Motors,KIART,
200747,Adam,Morrison,Charlotte Bobcats,NBA Rookie of the Month,,2006-07,11/01/2006,,East,Award,Kia Motors,KIRMO,
200747,Adam,Morrison,Los Angeles Lakers,NBA Champion,,2008-09,,,,Award,Champion,,
200747,Adam,Morrison,Los Angeles Lakers,NBA Champion,,2009-10,,,,Award,Champion,,
200748,Tyrus,Thomas,Chicago Bulls,All-Rookie Team,2,2006-07,,,1610612741,Award,Kia Motors,KIART,
200749,Shelden,Williams,Atlanta Hawks,NBA Rookie of the Month,,2006-07,04/01/2007,,East,Award,Kia Motors,KIRMO,
200750,Brandon,Roy,Portland Trail Blazers,All-NBA,2,2008-09,,,1610612757,Award,Kia Motors,KIANT,
200750,Brandon,Roy,Portland Trail Blazers,All-NBA,3,2009-10,,,1610612757,Award,Kia Motors,KIANT,
200750,Brandon,Roy,Portland Trail Blazers,All-Rookie Team,1,2006-07,,,1610612757,Award,Kia Motors,KIART,
200750,Brandon,Roy,Portland Trail Blazers,NBA Player of the Week,,2007-08,,2007-12-09T00:00:00,West,Award,Kia Motors,KIPWK,
200750,Brandon,Roy,Portland Trail Blazers,NBA Player of the Week,,2007-08,,2007-12-16T00:00:00,West,Award,Kia Motors,KIPWK,
200750,Brandon,Roy,Portland Trail Blazers,NBA Player of the Week,,2008-09,,2008-12-01T00:00:00,West,Award,Kia Motors,KIPWK,
200750,Brandon,Roy,Portland Trail Blazers,NBA Player of the Week,,2008-09,,2009-04-13T00:00:00,West,Award,Kia Motors,KIPWK,
200750,Brandon,Roy,Portland Trail Blazers,NBA Player of the Week,,2009-10,,2010-03-15T00:00:00,West,Award,Kia Motors,KIPWK,
200750,Brandon,Roy,Portland Trail Blazers,NBA Rookie of the Month,,2006-07,01/01/2007,,West,Award,Kia Motors,KIRMO,
200750,Brandon,Roy,Portland Trail Blazers,NBA Rookie of the Month,,2006-07,02/01/2007,,West,Award,Kia Motors,KIRMO,
200750,Brandon,Roy,Portland Trail Blazers,NBA Rookie of the Month,,2006-07,03/01/2007,,West,Award,Kia Motors,KIRMO,
200750,Brandon,Roy,Portland Trail Blazers,NBA Rookie of the Year,,2006-07,,,,Award,Kia Motors,KIROY,
200750,Brandon,Roy,Portland Trail Blazers,NBA Sporting News Rookie of the Year,,2006-07,,,,Award,Sporting News,SNROY,
200750,Brandon,Roy,,NBA All-Star,,2007-08,,,,Award,All-Star,,
200750,Brandon,Roy,,NBA All-Star,,2008-09,,,,Award,All-Star,,
200750,Brandon,Roy,,NBA All-Star,,2009-10,,,,Award,All-Star,,
200751,Randy,Foye,Minnesota Timberwolves,All-Rookie Team,1,2006-07,,,1610612750,Award,Kia Motors,KIART,
200751,Randy,Foye,Minnesota Timberwolves,NBA Rookie of the Month,,2006-07,12/01/2006,,West,Award,Kia Motors,KIRMO,
200752,Rudy,Gay,Memphis Grizzlies,All-Rookie Team,1,2006-07,,,1610612763,Award,Kia Motors,KIART,
200752,Rudy,Gay,Memphis Grizzlies,NBA Rookie of the Month,,2006-07,11/01/2006,,West,Award,Kia Motors,KIRMO,
200757,Thabo,Sefolosha,Oklahoma City Thunder,All-Defensive Team,2,2009-10,,,1610612760,Award,Kia Motors,KIADT,
200765,Rajon,Rondo,Boston Celtics,All-Defensive Team,2,2008-09,,,1610612738,Award,Kia Motors,KIADT,
200765,Rajon,Rondo,Boston Celtics,All-Defensive Team,1,2009-10,,,1610612738,Award,Kia Motors,KIADT,
200765,Rajon,Rondo,Boston Celtics,All-Defensive Team,1,2010-11,,,1610612738,Award,Kia Motors,KIADT,
200765,Rajon,Rondo,Boston Celtics,All-Defensive Team,2,2011-12,,,1610612738,Award,Kia Motors,KIADT,
200765,Rajon,Rondo,Boston Celtics,All-NBA,3,2011-12,,,1610612738,Award,Kia Motors,KIANT,
200765,Rajon,Rondo,Boston Celtics,All-Rookie Team,2,2006-07,,,1610612738,Award,Kia Motors,KIART,
200765,Rajon,Rondo,Boston Celtics,NBA Player of the Week,,2010-11,,2010-11-01T00:00:00,East,Award,Kia Motors,KIPWK,
200765,Rajon,Rondo,,NBA All-Star,,2009-10,,,,Award,All-Star,,
200765,Rajon,Rondo,,NBA All-Star,,2010-11,,,,Award,All-Star,,
200765,Rajon,Rondo,,NBA All-Star,,2011-12,,,,Award,All-Star,,
200765,Rajon,Rondo,,NBA All-Star,,2012-13,,,,Award,All-Star,,
200765,Rajon,Rondo,Boston Celtics,NBA Champion,,2007-08,,,,Award,Champion,,
200765,Rajon,Rondo,Los Angeles Lakers,NBA Champion,,2019-20,,,,Award,Champion,,
200768,Kyle,Lowry,Toronto Raptors,All-NBA,3,2015-16,,,East,Award,Kia Motors,KIANT,
200768,Kyle,Lowry,Toronto Raptors,NBA Player of the Month,,2014-15,12/1/2014,,East,Award,Kia Motors,KIPMO,
200768,Kyle,Lowry,Toronto Raptors,NBA Player of the Month,,2015-16,1/1/2016,,East,Award,Kia Motors,KIPMO,
200768,Kyle,Lowry,Toronto Raptors,NBA Player of the Week,,2013-14,,2014-02-03T00:00:00,East,Award,Kia Motors,KIPWK,
200768,Kyle,Lowry,Toronto Raptors,NBA Player of the Week,,2014-15,,2014-12-01T00:00:00,East,Award,Kia Motors,KIPWK,
200768,Kyle,Lowry,Toronto Raptors,NBA Player of the Week,,2015-16,,2016-02-29T00:00:00,East,Award,Kia Motors,KIPWK,
200768,Kyle,Lowry,Toronto Raptors,NBA Player of the Week,,2015-16,,2016-03-21T00:00:00,East,Award,Kia Motors,KIPWK,
200768,Kyle,Lowry,Toronto Raptors,NBA Player of the Week,,2019-20,,2019-12-16T00:00:00,East,Award,Kia Motors,KIPWK,
200768,Kyle,Lowry,USA,Olympic Gold Medal,,2016,,,,Award,Olympic,Gold,
200768,Kyle,Lowry,,NBA All-Star,,2014-15,,,,Award,All-Star,,
200768,Kyle,Lowry,,NBA All-Star,,2015-16,,,,Award,All-Star,,
200768,Kyle,Lowry,,NBA All-Star,,2016-17,,,,Award,All-Star,,
200768,Kyle,Lowry,,NBA All-Star,,2018-19,,,,Award,All-Star,,
200768,Kyle,Lowry,,NBA All-Star,,2019-20,,,,Award,All-Star,,
200768,Kyle,Lowry,,NBA All-Star,,2017-18,,,,Award,All-Star,,
200768,Kyle,Lowry,Toronto Raptors,NBA Champion,,2018-19,,,,Award,Champion,,
200769,Shannon,Brown,Los Angeles Lakers,NBA Champion,,2008-09,,,,Award,Champion,,
200769,Shannon,Brown,Los Angeles Lakers,NBA Champion,,2009-10,,,,Award,Champion,,
200770,Jordan,Farmar,Los Angeles Lakers,NBA Champion,,2008-09,,,,Award,Champion,,
200770,Jordan,Farmar,Los Angeles Lakers,NBA Champion,,2009-10,,,,Award,Champion,,
200771, Sergio,Rodríguez,,Olympic Bronze Medal,,2016,,,,Award,Olympic,Bronze,
200771,Sergio,Rodriguez,Spain,Olympic Silver Medal,,2012,,,,Award,Olympic,Silver,
1626179,Terry,Rozier,Charlotte Hornets,NBA Player of the Week,,2020-21,,2021-03-22T00:00:00,East,Award,Kia Motors,KIPWK,
1626181,Norman,Powell,Toronto Raptors,NBA Player of the Week,,2019-20,,2020-03-02T00:00:00,East,Award,Kia Motors,KIPWK,
1626181,Norman,Powell,Toronto Raptors,NBA Rookie of the Month,,2015-16,4/1/2016,1900-01-01T12:00:00,East,Award,Kia Motors,KIRMO,
1626181,Norman,Powell,Toronto Raptors,NBA Champion,,2018-19,,,,Award,Champion,,
200777,Joel,Freeland,Great Britain,Olympic Appearance,,2012,,,,Award,Olympic,Appearance,
200782,P.J.,Tucker,Milwaukee Bucks,NBA Champion,,2020-21,,,,Award,Champion,,
200783,Craig,Smith,Minnesota Timberwolves,All-Rookie Team,2,2006-07,,,1610612750,Award,Kia Motors,KIART,
200784,Bobby,Jones,USA,Olympic Silver Medal,,1972,,,,Award,Olympic,Silver,
1626192,Pat,Connaughton,Milwaukee Bucks,NBA Champion,,2020-21,,,,Award,Champion,,
200794,Paul,Millsap,Atlanta Hawks,All-Defensive Team,2,2015-16,,,East,Award,Kia Motors,KIADT,
200794,Paul,Millsap,Utah Jazz,All-Rookie Team,2,2006-06,,,1610612762,Award,Kia Motors,KIART,
200794,Paul,Millsap,Utah Jazz,All-Rookie Team,2,2006-07,,,1610612762,Award,Kia Motors,KIART,
200794,Paul,Millsap,Atlanta Hawks,NBA Player of the Month,,2014-15,1/1/2015,,East,Award,Kia Motors,KIPMO,
200794,Paul,Millsap,Atlanta Hawks,NBA Player of the Week,,2013-14,,2014-01-27T00:00:00,East,Award,Kia Motors,KIPWK,
200794,Paul,Millsap,Atlanta Hawks,NBA Player of the Week,,2015-16,,2016-04-11T00:00:00,East,Award,Kia Motors,KIPWK,
200794,Paul,Millsap,Denver Nuggets,NBA Player of the Week,,2018-19,,2018-11-26T00:00:00,West,Award,Kia Motors,KIPWK,
200794,Paul,Millsap,,NBA All-Star,,2013-14,,,,Award,All-Star,,
200794,Paul,Millsap,,NBA All-Star,,2014-15,,,,Award,All-Star,,
200794,Paul,Millsap,,NBA All-Star,,2015-16,,,,Award,All-Star,,
200794,Paul,Millsap,,NBA All-Star,,2016-17,,,,Award,All-Star,,
200796,Leon,Powe,Boston Celtics,NBA Champion,,2007-08,,,,Award,Champion,,
200814,Tarence,Kinsey,Memphis Grizzlies,NBA Rookie of the Month,,2006-07,04/01/2007,,West,Award,Kia Motors,KIRMO,
200816,Jorge,Garbajosa,Toronto Raptors,All-Rookie Team,1,2006-07,,,1610612761,Award,Kia Motors,KIART,
200816,Jorge,Garbajosa,Toronto Raptors,NBA Rookie of the Month,,2006-07,12/01/2006,,East,Award,Kia Motors,KIRMO,
200816,Jorge,Garbajosa,Spain,Olympic Appearance,,2000,,,,Award,Olympic,Appearance,
200816,Jorge,Garbajosa,Spain,Olympic Appearance,,2004,,,,Award,Olympic,Appearance,
200816,Jorge,Garbajosa,Spain,Olympic Silver Medal,,2008,,,,Award,Olympic,Silver,
200821,Yakhouba,Diawara,France,Olympic Appearance,,2012,,,,Award,Olympic,Appearance,
200822,Pops,Mensah-Bonsu,Great Britain,Olympic Appearance,,2012,,,,Award,Olympic,Appearance,
200826,J.J.,Barea,Dallas Mavericks,NBA Player of the Week,,2015-16,,2016-04-04T00:00:00,West,Award,Kia Motors,KIPWK,
200826,J.J.,Barea,Dallas Mavericks,NBA Champion,,2010-11,,,,Award,Champion,,
200835,Walter,Herrmann,Charlotte Bobcats,All-Rookie Team,2,2006-07,,,1610612766,Award,Kia Motors,KIART,
200835,Walter,Herrmann,Charlotte Bobcats,NBA Rookie of the Month,,2006-07,03/01/2007,,East,Award,Kia Motors,KIRMO,
200835,Walter,Herrmann,Argentina,Olympic Gold Medal,,2004,,,,Award,Olympic,Gold,
1626253,Axel,Toupane,Milwaukee Bucks,NBA Champion,,2020-21,,,,Award,Champion,,
1626259,Malcolm,Miller,Toronto Raptors,NBA Champion,,2018-19,,,,Award,Champion,,
1627737,Marquese,Chriss,Phoenix Suns,NBA Rookie of the Month,,2016-17,1/1/2017,1900-01-01T12:00:00,West,Award,Kia Motors,KIRMO,
1627737,Marquese,Chriss,Phoenix Suns,All-Rookie Team,2,2016-17,,,West,Award,Kia Motors,KIART,
201142,Kevin,Durant,Oklahoma City Thunder,All-NBA,1,2009-10,,,1610612760,Award,Kia Motors,KIANT,
201142,Kevin,Durant,Oklahoma City Thunder,All-NBA,1,2010-11,,,1610612760,Award,Kia Motors,KIANT,
201142,Kevin,Durant,Oklahoma City Thunder,All-NBA,1,2011-12,,,1610612760,Award,Kia Motors,KIANT,
201142,Kevin,Durant,Oklahoma City Thunder,All-NBA,1,2012-13,,,1610612760,Award,Kia Motors,KIANT,
201142,Kevin,Durant,Oklahoma City Thunder,All-NBA,1,2013-14,,,1610612760,Award,Kia Motors,KIANT,
201142,Kevin,Durant,Oklahoma City Thunder,All-NBA,2,2015-16,,,West,Award,Kia Motors,KIANT,
201142,Kevin,Durant,Golden State Warriors,All-NBA,2,2016-17,,,West,Award,Kia Motors,KIANT,
201142,Kevin,Durant,Golden State Warriors,All-NBA,1,2017-18,,,West,Award,Kia Motors,KIANT,
201142,Kevin,Durant,Golden State Warriors,All-NBA,2,2018-19,,,West,Award,Kia Motors,KIANT,
201142,Kevin,Durant,Seattle SuperSonics,All-Rookie Team,1,2007-08,,,1610612760,Award,Kia Motors,KIART,
201142,Kevin,Durant,Oklahoma City Thunder,NBA All-Star Most Valuable Player,,2011-12,,,,Award,Kia Motors,KAMVP,
201142,Kevin,Durant,Golden State Warriors,NBA All-Star Most Valuable Player,,2018-19,,,,Award,Kia Motors,KAMVP,
201142,Kevin,Durant,Golden State Warriors,NBA Finals Most Valuable Player,,2016-17,,,,Award,Kia Motors,KFMVP,
201142,Kevin,Durant,Golden State Warriors,NBA Finals Most Valuable Player,,2017-18,,,,Award,Kia Motors,KFMVP,
201142,Kevin,Durant,Oklahoma City Thunder,NBA Most Valuable Player,,2013-14,,,,Award,Kia Motors,KIMVP,
201142,Kevin,Durant,Oklahoma City Thunder,NBA Player of the Month,,2009-10,04/01/2010,,West,Award,Kia Motors,KIPMO,
201142,Kevin,Durant,Oklahoma City Thunder,NBA Player of the Month,,2010-11,04/01/2011,,West,Award,Kia Motors,KIPMO,
201142,Kevin,Durant,Oklahoma City Thunder,NBA Player of the Month,,2010-11,12/01/2010,,West,Award,Kia Motors,KIPMO,
201142,Kevin,Durant,Oklahoma City Thunder,NBA Player of the Month,,2011-12,02/01/2012,,West,Award,Kia Motors,KIPMO,
201142,Kevin,Durant,Oklahoma City Thunder,NBA Player of the Month,,2011-12,03/01/2012,,West,Award,Kia Motors,KIPMO,
201142,Kevin,Durant,Oklahoma City Thunder,NBA Player of the Month,,2012-13,03/01/2013,,West,Award,Kia Motors,KIPMO,
201142,Kevin,Durant,Oklahoma City Thunder,NBA Player of the Month,,2013-14,1/1/2014,,West,Award,Kia Motors,KIPMO,
201142,Kevin,Durant,Oklahoma City Thunder,NBA Player of the Month,,2013-14,11/1/2013,,West,Award,Kia Motors,KIPMO,
201142,Kevin,Durant,Oklahoma City Thunder,NBA Player of the Month,,2013-14,12/1/2013,,West,Award,Kia Motors,KIPMO,
201142,Kevin,Durant,Oklahoma City Thunder,NBA Player of the Month,,2013-14,3/1/2014,,West,Award,Kia Motors,KIPMO,
201142,Kevin,Durant,Oklahoma City Thunder,NBA Player of the Month,,2015-16,1/1/2016,,West,Award,Kia Motors,KIPMO,
201142,Kevin,Durant,Oklahoma City Thunder,NBA Player of the Month,,2015-16,12/1/2015,,West,Award,Kia Motors,KIPMO,
201142,Kevin,Durant,Golden State Warriors,NBA Player of the Month,,2016-17,1/1/2017,,West,Award,Kia Motors,KIPMO,
201142,Kevin,Durant,Oklahoma City Thunder,NBA Player of the Week,,2009-10,,2010-01-04T00:00:00,West,Award,Kia Motors,KIPWK,
201142,Kevin,Durant,Oklahoma City Thunder,NBA Player of the Week,,2009-10,,2010-02-01T00:00:00,West,Award,Kia Motors,KIPWK,
201142,Kevin,Durant,Oklahoma City Thunder,NBA Player of the Week,,2009-10,,2010-04-05T00:00:00,West,Award,Kia Motors,KIPWK,
201142,Kevin,Durant,Oklahoma City Thunder,NBA Player of the Week,,2010-11,,2011-02-07T00:00:00,West,Award,Kia Motors,KIPWK,
201142,Kevin,Durant,Oklahoma City Thunder,NBA Player of the Week,,2011-12,,2011-12-25T00:00:00,West,Award,Kia Motors,KIPWK,
201142,Kevin,Durant,Oklahoma City Thunder,NBA Player of the Week,,2011-12,,2012-02-13T00:00:00,West,Award,Kia Motors,KIPWK,
201142,Kevin,Durant,Oklahoma City Thunder,NBA Player of the Week,,2011-12,,2012-03-19T00:00:00,West,Award,Kia Motors,KIPWK,
201142,Kevin,Durant,Oklahoma City Thunder,NBA Player of the Week,,2012-13,,2012-11-12T00:00:00,West,Award,Kia Motors,KIPWK,
201142,Kevin,Durant,Oklahoma City Thunder,NBA Player of the Week,,2012-13,,2012-11-26T00:00:00,West,Award,Kia Motors,KIPWK,
201142,Kevin,Durant,Oklahoma City Thunder,NBA Player of the Week,,2012-13,,2013-01-14T00:00:00,West,Award,Kia Motors,KIPWK,
201142,Kevin,Durant,Oklahoma City Thunder,NBA Player of the Week,,2013-14,,2013-12-02T00:00:00,West,Award,Kia Motors,KIPWK,
201142,Kevin,Durant,Oklahoma City Thunder,NBA Player of the Week,,2013-14,,2013-12-30T00:00:00,West,Award,Kia Motors,KIPWK,
201142,Kevin,Durant,Oklahoma City Thunder,NBA Player of the Week,,2013-14,,2014-01-20T00:00:00,,Award,Kia Motors,KIPWK,
201142,Kevin,Durant,Oklahoma City Thunder,NBA Player of the Week,,2013-14,,2014-01-27T00:00:00,West,Award,Kia Motors,KIPWK,
201142,Kevin,Durant,Oklahoma City Thunder,NBA Player of the Week,,2013-14,,2014-02-10T00:00:00,West,Award,Kia Motors,KIPWK,
201142,Kevin,Durant,Oklahoma City Thunder,NBA Player of the Week,,2013-14,,2014-03-24T00:00:00,West,Award,Kia Motors,KIPWK,
201142,Kevin,Durant,Oklahoma City Thunder,NBA Player of the Week,,2014-15,,2014-12-29T00:00:00,West,Award,Kia Motors,KIPWK,
201142,Kevin,Durant,Oklahoma City Thunder,NBA Player of the Week,,2015-16,,2015-11-30T00:00:00,West,Award,Kia Motors,KIPWK,
201142,Kevin,Durant,Oklahoma City Thunder,NBA Player of the Week,,2015-16,,2015-12-14T00:00:00,West,Award,Kia Motors,KIPWK,
201142,Kevin,Durant,Oklahoma City Thunder,NBA Player of the Week,,2015-16,,2016-01-18T00:00:00,West,Award,Kia Motors,KIPWK,
201142,Kevin,Durant,Oklahoma City Thunder,NBA Player of the Week,,2015-16,,2016-02-01T00:00:00,West,Award,Kia Motors,KIPWK,
201142,Kevin,Durant,Oklahoma City Thunder,NBA Player of the Week,,2015-16,,2016-03-21T00:00:00,West,Award,Kia Motors,KIPWK,
201142,Kevin,Durant,Golden State Warriors,NBA Player of the Week,,2016-17,,2016-11-28T00:00:00,West,Award,Kia Motors,KIPWK,
201142,Kevin,Durant,Golden State Warriors,NBA Player of the Week,,2017-18,,2017-12-04T00:00:00,West,Award,Kia Motors,KIPWK,
201142,Kevin,Durant,Brooklyn Nets,NBA Player of the Week,,2020-21,,2021-01-11T00:00:00,East,Award,Kia Motors,KIPWK,
201142,Kevin,Durant,Seattle SuperSonics,NBA Rookie of the Month,,2007-08,01/01/2008,,West,Award,Kia Motors,KIRMO,
201142,Kevin,Durant,Seattle SuperSonics,NBA Rookie of the Month,,2007-08,03/01/2008,,West,Award,Kia Motors,KIRMO,
201142,Kevin,Durant,Seattle SuperSonics,NBA Rookie of the Month,,2007-08,04/01/2008,,West,Award,Kia Motors,KIRMO,
201142,Kevin,Durant,Seattle SuperSonics,NBA Rookie of the Month,,2007-08,11/01/2007,,West,Award,Kia Motors,KIRMO,
201142,Kevin,Durant,Seattle SuperSonics,NBA Rookie of the Month,,2007-08,12/01/2007,,West,Award,Kia Motors,KIRMO,
201142,Kevin,Durant,Seattle SuperSonics,NBA Rookie of the Year,,2007-08,,,,Award,Kia Motors,KIROY,
201142,Kevin,Durant,USA,Olympic Gold Medal,,2012,,,,Award,Olympic,Gold,
201142,Kevin,Durant,Brooklyn Nets,NBA Player of the Week,,2021-22,,2021-11-08T00:00:00,East,Award,Kia Motors,KIPWK,
201142,Kevin,Durant,Brooklyn Nets,NBA Player of the Month,,2021-22,11/1/2021,,East,Award,Kia Motors,KIPMO,
201142,Kevin,Durant,Brooklyn Nets,NBA Player of the Week,,2021-22,,2022-03-07T00:00:00,East,Award,Kia Motors,KIPWK,
201142,Kevin,Durant,Brooklyn Nets,All-NBA,2,2021-22,,,East,Award,Kia Motors,KIANT,
201142,Kevin,Durant,Brooklyn Nets,NBA Player of the Week,,2022-23,,2022-11-28T00:00:00,East,Award,Kia Motors,KIPWK,
201142,Kevin,Durant,Brooklyn Nets,NBA Player of the Week,,2022-23,,2022-10-31T00:00:00,East,Award,Kia Motors,KIPWK,
201142,Kevin,Durant,Phoenix Suns,NBA Player of the Week,,2023-24,,2024-01-15T00:00:00,West,Award,Kia Motors,KIPWK,
201142,Kevin,Durant,Phoenix Suns,NBA In-Season Tournament All-Tournament,1,2023-24,,,East,Award,Kia Motors,KIANT,
201142,Kevin,Durant,USA,Olympic Gold Medal,,2016,,,,Award,Olympic,Gold,
201142,Kevin,Durant,USA,Olympic Gold Medal,,2020,,,,Award,Olympic,Gold,
201142,Kevin,Durant,Phoenix Suns,All-NBA,2,2023-24,,,West,Award,Kia Motors,KIANT,
201142,Kevin,Durant,,NBA All-Star,,2017-18,,,,Award,All-Star,,
201142,Kevin,Durant,,NBA All-Star,,2020-21,,,,Award,All-Star,,
201142,Kevin,Durant,,NBA All-Star,,2021-22,,,,Award,All-Star,,
201142,Kevin,Durant,,NBA All-Star,,2009-10,,,,Award,All-Star,,
201142,Kevin,Durant,,NBA All-Star,,2010-11,,,,Award,All-Star,,
201142,Kevin,Durant,,NBA All-Star,,2011-12,,,,Award,All-Star,,
201142,Kevin,Durant,,NBA All-Star,,2012-13,,,,Award,All-Star,,
201142,Kevin,Durant,,NBA All-Star,,2013-14,,,,Award,All-Star,,
201142,Kevin,Durant,,NBA All-Star,,2014-15,,,,Award,All-Star,,
201142,Kevin,Durant,,NBA All-Star,,2015-16,,,,Award,All-Star,,
201142,Kevin,Durant,,NBA All-Star,,2016-17,,,,Award,All-Star,,
201142,Kevin,Durant,,NBA All-Star,,2018-19,,,,Award,All-Star,,
201142,Kevin,Durant,,NBA All-Star,,2022-23,,,,Award,All-Star,,
201142,Kevin,Durant,,NBA All-Star,,2023-24,,,,Award,All-Star,,
201142,Kevin,Durant,Golden State Warriors,NBA Champion,,2016-17,,,,Award,Champion,,
201142,Kevin,Durant,Golden State Warriors,NBA Champion,,2017-18,,,,Award,Champion,,
201142,Kevin,Durant,USA,Olympic Gold Medal,,2024,,,,Award,Olympic,Gold,
201143,Al,Horford,Boston Celtics,All-Defensive Team,2,2017-18,,,East,Award,Kia Motors,KIADT,
201143,Al,Horford,Atlanta Hawks,All-NBA,3,2010-11,,,1610612737,Award,Kia Motors,KIANT,
201143,Al,Horford,Atlanta Hawks,All-Rookie Team,1,2007-08,,,1610612737,Award,Kia Motors,KIART,
201143,Al,Horford,Atlanta Hawks,NBA Player of the Month,,2014-15,1/1/2015,,East,Award,Kia Motors,KIPMO,
201143,Al,Horford,Atlanta Hawks,NBA Player of the Week,,2012-13,,2012-11-19T00:00:00,East,Award,Kia Motors,KIPWK,
201143,Al,Horford,Atlanta Hawks,NBA Player of the Week,,2014-15,,2014-12-15T00:00:00,East,Award,Kia Motors,KIPWK,
201143,Al,Horford,Atlanta Hawks,NBA Player of the Week,,2014-15,,2015-01-12T00:00:00,East,Award,Kia Motors,KIPWK,
201143,Al,Horford,Atlanta Hawks,NBA Rookie of the Month,,2007-08,02/01/2008,,East,Award,Kia Motors,KIRMO,
201143,Al,Horford,Atlanta Hawks,NBA Rookie of the Month,,2007-08,03/01/2008,,East,Award,Kia Motors,KIRMO,
201143,Al,Horford,Atlanta Hawks,NBA Rookie of the Month,,2007-08,11/01/2007,,East,Award,Kia Motors,KIRMO,
201143,Al,Jefferson,Utah Jazz,NBA Player of the Week,,2012-13,,2013-03-25T00:00:00,West,Award,Kia Motors,KIPWK,
201143,Al,Horford,,NBA All-Star,,2009-10,,,,Award,All-Star,,
201143,Al,Horford,,NBA All-Star,,2010-11,,,,Award,All-Star,,
201143,Al,Horford,,NBA All-Star,,2014-15,,,,Award,All-Star,,
201143,Al,Horford,,NBA All-Star,,2015-16,,,,Award,All-Star,,
201143,Al,Horford,,NBA All-Star,,2017-18,,,,Award,All-Star,,
201143,Al,Horford,Boston Celtics,NBA Champion,,2023-24,,,,Award,Champion,,
201144,Mike,Conley,Memphis Grizzlies,All-Defensive Team,2,2012-13,,,1610612763,Award,Kia Motors,KIADT,
201144,Mike,Conley,Memphis Grizzlies,NBA Player of the Week,,2018-19,,2019-03-04T00:00:00,West,Award,Kia Motors,KIPWK,
201144,Mike,Conley,Memphis Grizzlies,NBA Sportsmanship,,2013-14,,,,Award,Kia Motors,KSPRT,
201144,Mike,Conley,,NBA All-Star,,2020-21,,,,Award,All-Star,,
201145,Jeff,Green,Seattle SuperSonics,All-Rookie Team,1,2007-08,,,1610612760,Award,Kia Motors,KIART,
201145,Jeff,Green,Denver Nuggets,NBA Champion,,2022-23,,,,Award,Champion,,
201146,Yi,Jianlian,Milwaukee Bucks,NBA Rookie of the Month,,2007-08,12/01/2007,,East,Award,Kia Motors,KIRMO,
201146,Yi,Jianlian,China,Olympic Appearance,,2004,,,,Award,Olympic,Appearance,
201146,Yi,Jianlian,China,Olympic Appearance,,2008,,,,Award,Olympic,Appearance,
201146,Yi,Jianlian,China,Olympic Appearance,,2012,,,,Award,Olympic,Appearance,
201147,Corey,Brewer,Dallas Mavericks,NBA Champion,,2010-11,,,,Award,Champion,,
201149,Joakim,Noah,Chicago Bulls,All-Defensive Team,2,2010-11,,,1610612741,Award,Kia Motors,KIADT,
201149,Joakim,Noah,Chicago Bulls,All-Defensive Team,1,2012-13,,,1610612741,Award,Kia Motors,KIADT,
201149,Joakim,Noah,Chicago Bulls,All-Defensive Team,1,2013-14,,,1610612741,Award,Kia Motors,KIADT,
201149,Joakim,Noah,Chicago Bulls,All-NBA,1,2013-14,,,1610612741,Award,Kia Motors,KIANT,
201149,Joakim,Noah,Chicago Bulls,J. Walter Kennedy Citizenship,,2014-15,,,,Award,Kia Motors,KIWKC,
201149,Joakim,Noah,Chicago Bulls,NBA Defensive Player of the Year,,2013-14,,,,Award,Kia Motors,KDPYR,
201149,Joakim,Noah,,NBA All-Star,,2012-13,,,,Award,All-Star,,
201149,Joakim,Noah,,NBA All-Star,,2013-14,,,,Award,All-Star,,
201152,Thaddeus,Young,Philadelphia 76ers,All-Rookie Team,2,2007-08,,,1610612755,Award,Kia Motors,KIART,
201152,Thaddeus,Young,Philadelphia 76ers,NBA Player of the Week,,2013-14,,2014-01-06T00:00:00,East,Award,Kia Motors,KIPWK,
201152,Thaddeus,Young,Indiana Pacers,NBA Player of the Week,,2018-19,,2018-12-10T00:00:00,East,Award,Kia Motors,KIPWK,
201154,Al,Thornton,Los Angeles Clippers,All-Rookie Team,1,2007-08,,,1610612746,Award,Kia Motors,KIART,
201155,Rodney,Stuckey,Detroit Pistons,All-Rookie Team,2,2007-08,,,1610612765,Award,Kia Motors,KIART,
201155,Rodney,Stuckey,Detroit Pistons,NBA Player of the Week,,2008-09,,2009-01-05T00:00:00,East,Award,Kia Motors,KIPWK,
201155,Rodney,Stuckey,Detroit Pistons,NBA Player of the Week,,2009-10,,2009-12-14T00:00:00,East,Award,Kia Motors,KIPWK,
201156,Nick,Young,Golden State Warriors,NBA Champion,,2017-18,,,,Award,Champion,,
201158,Marco,Belinelli,San Antonio Spurs,NBA Champion,,2013-14,,,,Award,Champion,,
201160,Jason,Smith,Australia,Olympic Appearance,,2004,,,,Award,Olympic,Appearance,
201162,Jared,Dudley,Los Angeles Lakers,NBA Champion,,2019-20,,,,Award,Champion,,
201164, Rudy,Fernández,,Olympic Bronze Medal,,2016,,,,Award,Olympic,Bronze,
201164,Rudy,Fernandez,Portland Trail Blazers,All-Rookie Team,2,2008-09,,,1610612757,Award,Kia Motors,KIART,
201164,Rudy,Fernandez,Spain,Olympic Appearance,,2004,,,,Award,Olympic,Appearance,
201164,Rudy,Fernandez,Spain,Olympic Silver Medal,,2008,,,,Award,Olympic,Silver,
201164,Rudy,Fernandez,Spain,Olympic Silver Medal,,2012,,,,Award,Olympic,Silver,
201166,Aaron,Brooks,Houston Rockets,NBA Most Improved Player,,2009-10,,,,Award,Kia Motors,KIMIP,
201168,Tiago,Splitter,Brazil,Olympic Appearance,,2012,,,,Award,Olympic,Appearance,
201168,Tiago,Splitter,San Antonio Spurs,NBA Champion,,2013-14,,,,Award,Champion,,
201171,Carl,Landry,Houston Rockets,All-Rookie Team,2,2007-08,,,1610612745,Award,Kia Motors,KIART,
201173,Marcus,Williams,New Jersey Nets,All-Rookie Team,2,2006-07,,,1610612751,Award,Kia Motors,KIART,
201175,Glen,Davis,Boston Celtics,NBA Champion,,2007-08,,,,Award,Champion,,
201188,Marc,Gasol,Memphis Grizzlies,All-Defensive Team,2,2012-13,,,1610612763,Award,Kia Motors,KIADT,
201188,Marc,Gasol,Memphis Grizzlies,All-NBA,2,2012-13,,,1610612763,Award,Kia Motors,KIANT,
201188,Marc,Gasol,Memphis Grizzlies,All-NBA,1,2014-15,,,1610612763,Award,Kia Motors,KIANT,
201188,Marc,Gasol,Memphis Grizzlies,All-Rookie Team,2,2008-09,,,1610612763,Award,Kia Motors,KIART,
201188,Marc,Gasol,Memphis Grizzlies,NBA Defensive Player of the Year,,2012-13,,,,Award,Kia Motors,KDPYR,
201188,Marc,Gasol,Memphis Grizzlies,NBA Player of the Week,,2011-12,,2012-01-16T00:00:00,West,Award,Kia Motors,KIPWK,
201188,Marc,Gasol,Memphis Grizzlies,NBA Player of the Week,,2016-17,,2016-12-12T00:00:00,West,Award,Kia Motors,KIPWK,
201188,Marc,Gasol,Spain,Olympic Silver Medal,,2008,,,,Award,Olympic,Silver,
201188,Marc,Gasol,Spain,Olympic Silver Medal,,2012,,,,Award,Olympic,Silver,
201188,Marc,Gasol,,NBA All-Star,,2011-12,,,,Award,All-Star,,
201188,Marc,Gasol,,NBA All-Star,,2014-15,,,,Award,All-Star,,
201188,Marc,Gasol,,NBA All-Star,,2016-17,,,,Award,All-Star,,
201188,Marc,Gasol,Toronto Raptors,NBA Champion,,2018-19,,,,Award,Champion,,
201196,Ramon,Sessions,Milwaukee Bucks,NBA Rookie of the Month,,2007-08,04/01/2008,,East,Award,Kia Motors,KIRMO,
201202,Joel,Anthony,Miami Heat,NBA Champion,,2011-12,,,,Award,Champion,,
201202,Joel,Anthony,Miami Heat,NBA Champion,,2012-13,,,,Award,Champion,,
201274,Ivan,Johnson,Atlanta Hawks,NBA Rookie of the Month,,2011-12,04/01/2012,,East,Award,Kia Motors,KIRMO,
201563,Michael,Beasley,Miami Heat,All-Rookie Team,1,2008-09,,,1610612748,Award,Kia Motors,KIART,
201563,Michael,Beasley,Miami Heat,NBA Rookie of the Month,,2008-09,04/01/2009,,East,Award,Kia Motors,KIRMO,
201564,O.J.,Mayo,Memphis Grizzlies,All-Rookie Team,1,2008-09,,,1610612763,Award,Kia Motors,KIART,
201564,OJ,Mayo,Memphis Grizzlies,NBA Rookie of the Month,,2008-09,04/01/2009,,West,Award,Kia Motors,KIRMO,
201564,OJ,Mayo,Memphis Grizzlies,NBA Rookie of the Month,,2008-09,11/01/2008,,West,Award,Kia Motors,KIRMO,
201565,Derrick,Rose,Chicago Bulls,All-NBA,1,2010-11,,,1610612741,Award,Kia Motors,KIANT,
201565,Derrick,Rose,Chicago Bulls,All-Rookie Team,1,2008-09,,,1610612741,Award,Kia Motors,KIART,
201565,Derrick,Rose,Chicago Bulls,NBA Most Valuable Player,,2010-11,,,,Award,Kia Motors,KIMVP,
201565,Derrick,Rose,Chicago Bulls,NBA Player of the Month,,2009-10,04/01/2010,,East,Award,Kia Motors,KIPMO,
201565,Derrick,Rose,Chicago Bulls,NBA Player of the Month,,2010-11,03/01/2011,,East,Award,Kia Motors,KIPMO,
201565,Derrick,Rose,Chicago Bulls,NBA Player of the Week,,2009-10,,2010-01-04T00:00:00,East,Award,Kia Motors,KIPWK,
201565,Derrick,Rose,Chicago Bulls,NBA Player of the Week,,2010-11,,2010-11-15T00:00:00,East,Award,Kia Motors,KIPWK,
201565,Derrick,Rose,Chicago Bulls,NBA Player of the Week,,2010-11,,2011-01-17T00:00:00,East,Award,Kia Motors,KIPWK,
201565,Derrick,Rose,Chicago Bulls,NBA Player of the Week,,2011-12,,2012-01-09T00:00:00,East,Award,Kia Motors,KIPWK,
201565,Derrick,Rose,Chicago Bulls,NBA Player of the Week,,2011-12,,2012-02-27T00:00:00,East,Award,Kia Motors,KIPWK,
201565,Derrick,Rose,Chicago Bulls,NBA Rookie of the Month,,2008-09,03/01/2009,,East,Award,Kia Motors,KIRMO,
201565,Derrick,Rose,Chicago Bulls,NBA Rookie of the Month,,2008-09,11/01/2008,,East,Award,Kia Motors,KIRMO,
201565,Derrick,Rose,Chicago Bulls,NBA Rookie of the Month,,2008-09,12/01/2008,,East,Award,Kia Motors,KIRMO,
201565,Derrick,Rose,Chicago Bulls,NBA Rookie of the Year,,2008-09,,,,Award,Kia Motors,KIROY,
201565,Derrick,Rose,,NBA All-Star,,2009-10,,,,Award,All-Star,,
201565,Derrick,Rose,,NBA All-Star,,2010-11,,,,Award,All-Star,,
201565,Derrick,Rose,,NBA All-Star,,2011-12,,,,Award,All-Star,,
201566,Russell,Westbrook,Oklahoma City Thunder,All-NBA,2,2010-11,,,1610612760,Award,Kia Motors,KIANT,
201566,Russell,Westbrook,Oklahoma City Thunder,All-NBA,2,2011-12,,,1610612760,Award,Kia Motors,KIANT,
201566,Russell,Westbrook,Oklahoma City Thunder,All-NBA,2,2012-13,,,1610612760,Award,Kia Motors,KIANT,
201566,Russell,Westbrook,Oklahoma City Thunder,All-NBA,2,2014-15,,,1610612760,Award,Kia Motors,KIANT,
201566,Russell,Westbrook,Oklahoma City Thunder,All-NBA,1,2015-16,,,West,Award,Kia Motors,KIANT,
201566,Russell,Westbrook,Oklahoma City Thunder,All-NBA,1,2016-17,,,West,Award,Kia Motors,KIANT,
201566,Russell,Westbrook,Oklahoma City Thunder,All-NBA,2,2017-18,,,West,Award,Kia Motors,KIANT,
201566,Russell,Westbrook,Oklahoma City Thunder,All-NBA,3,2018-19,,,West,Award,Kia Motors,KIANT,
201566,Russell,Westbrook,Houston Rockets,All-NBA,3,2019-20,,,West,Award,Kia Motors,KIANT,
201566,Russell,Westbrook,Oklahoma City Thunder,All-Rookie Team,1,2008-09,,,1610612760,Award,Kia Motors,KIART,
201566,Russell,Westbrook,Oklahoma City Thunder,NBA All-Star Most Valuable Player,,2014-15,,,,Award,Kia Motors,KAMVP,
201566,Russell,Westbrook,Oklahoma City Thunder,NBA All-Star Most Valuable Player,,2015-16,,,,Award,Kia Motors,KAMVP,
201566,Russell,Westbrook,Oklahoma City Thunder,NBA Most Valuable Player,(null),2016-17,,,West,Award,Kia Motors,KIMVP,(null)
201566,Russell,Westbrook,Oklahoma City Thunder,NBA Player of the Month,,2014-15,2/1/2015,,West,Award,Kia Motors,KIPMO,
201566,Russell,Westbrook,Oklahoma City Thunder,NBA Player of the Month,,2014-15,3/1/2015,,West,Award,Kia Motors,KIPMO,
201566,Russell,Westbrook,Oklahoma City Thunder,NBA Player of the Month,,2014-15,4/1/2015,,West,Award,Kia Motors,KIPMO,
201566,Russell,Westbrook,Oklahoma City Thunder,NBA Player of the Month,,2015-16,12/1/2015,,West,Award,Kia Motors,KIPMO,
201566,Russell,Westbrook,Oklahoma City Thunder,NBA Player of the Month,,2015-16,3/1/2016,,West,Award,Kia Motors,KIPMO,
201566,Russell,Westbrook,Oklahoma City Thunder,NBA Player of the Month,,2016-17,11/1/2016,,West,Award,Kia Motors,KIPMO,
201566,Russell,Westbrook,Oklahoma City Thunder,NBA Player of the Month,,2016-17,2/1/2017,,West,Award,Kia Motors,KIPMO,
201566,Russell,Westbrook,Oklahoma City Thunder,NBA Player of the Month,,2017-18,12/1/2017,,West,Award,Kia Motors,KIPMO,
201566,Russell,Westbrook,Washington Wizards,NBA Player of the Month,,2020-21,5/1/2021,,East,Award,Kia Motors,KIPMO,
201566,Russell,Westbrook,Oklahoma City Thunder,NBA Player of the Week,,2009-10,,2010-02-08T00:00:00,West,Award,Kia Motors,KIPWK,
201566,Russell,Westbrook,Oklahoma City Thunder,NBA Player of the Week,,2010-11,,2010-11-22T00:00:00,West,Award,Kia Motors,KIPWK,
201566,Russell,Westbrook,Oklahoma City Thunder,NBA Player of the Week,,2010-11,,2010-12-06T00:00:00,West,Award,Kia Motors,KIPWK,
201566,Russell,Westbrook,Oklahoma City Thunder,NBA Player of the Week,,2010-11,,2011-01-17T00:00:00,West,Award,Kia Motors,KIPWK,
201566,Russell,Westbrook,Oklahoma City Thunder,NBA Player of the Week,,2011-12,,2012-01-23T00:00:00,West,Award,Kia Motors,KIPWK,
201566,Russell,Westbrook,Oklahoma City Thunder,NBA Player of the Week,,2011-12,,2012-02-06T00:00:00,West,Award,Kia Motors,KIPWK,
201566,Russell,Westbrook,Oklahoma City Thunder,NBA Player of the Week,,2012-13,,2013-02-04T00:00:00,West,Award,Kia Motors,KIPWK,
201566,Russell,Westbrook,Oklahoma City Thunder,NBA Player of the Week,,2014-15,,2015-02-02T00:00:00,West,Award,Kia Motors,KIPWK,
201566,Russell,Westbrook,Oklahoma City Thunder,NBA Player of the Week,,2014-15,,2015-03-02T00:00:00,West,Award,Kia Motors,KIPWK,
201566,Russell,Westbrook,Oklahoma City Thunder,NBA Player of the Week,,2015-16,,2015-12-28T00:00:00,West,Award,Kia Motors,KIPWK,
201566,Russell,Westbrook,Oklahoma City Thunder,NBA Player of the Week,,2016-17,,2016-10-31T00:00:00,West,Award,Kia Motors,KIPWK,
201566,Russell,Westbrook,Oklahoma City Thunder,NBA Player of the Week,,2016-17,,2016-12-05T00:00:00,West,Award,Kia Motors,KIPWK,
201566,Russell,Westbrook,Oklahoma City Thunder,NBA Player of the Week,,2016-17,,2016-12-26T00:00:00,West,Award,Kia Motors,KIPWK,
201566,Russell,Westbrook,Oklahoma City Thunder,NBA Player of the Week,,2016-17,,2017-04-10T00:00:00,West,Award,Kia Motors,KIPWK,
201566,Russell,Westbrook,Oklahoma City Thunder,NBA Player of the Week,,2017-18,,2017-12-18T00:00:00,West,Award,Kia Motors,KIPWK,
201566,Russell,Westbrook,Oklahoma City Thunder,NBA Player of the Week,,2017-18,,2018-03-12T00:00:00,West,Award,Kia Motors,KIPWK,
201566,Russell,Westbrook,Oklahoma City Thunder,NBA Player of the Week,,2018-19,,2018-10-29T00:00:00,West,Award,Kia Motors,KIPWK,
201566,Russell,Westbrook,Oklahoma City Thunder,NBA Player of the Week,,2018-19,,2019-04-01T00:00:00,West,Award,Kia Motors,KIPWK,
201566,Russell,Westbrook,Washington Wizards,NBA Player of the Week,,2020-21,,2021-05-03T00:00:00,East,Award,Kia Motors,KIPWK,
201566,Russell,Westbrook,Oklahoma City Thunder,NBA Rookie of the Month,,2008-09,02/01/2009,,West,Award,Kia Motors,KIRMO,
201566,Russell,Westbrook,Oklahoma City Thunder,NBA Rookie of the Month,,2008-09,12/01/2008,,West,Award,Kia Motors,KIRMO,
201566,Russell,Westbrook,USA,Olympic Gold Medal,,2012,,,,Award,Olympic,Gold,
201566,Russell,Westbrook,,NBA All-Star,,2017-18,,,,Award,All-Star,,
201566,Russell,Westbrook,,NBA All-Star,,2018-19,,,,Award,All-Star,,
201566,Russell,Westbrook,,NBA All-Star,,2010-11,,,,Award,All-Star,,
201566,Russell,Westbrook,,NBA All-Star,,2011-12,,,,Award,All-Star,,
201566,Russell,Westbrook,,NBA All-Star,,2012-13,,,,Award,All-Star,,
201566,Russell,Westbrook,,NBA All-Star,,2014-15,,,,Award,All-Star,,
201566,Russell,Westbrook,,NBA All-Star,,2015-16,,,,Award,All-Star,,
201566,Russell,Westbrook,,NBA All-Star,,2016-17,,,,Award,All-Star,,
201566,Russell,Westbrook,,NBA All-Star,,2019-20,,,,Award,All-Star,,
201567,Kevin,Love,Minnesota Timberwolves,All-NBA,2,2011-12,,,1610612750,Award,Kia Motors,KIANT,
201567,Kevin,Love,Minnesota Timberwolves,All-NBA,2,2013-14,,,1610612750,Award,Kia Motors,KIANT,
201567,Kevin,Love,Minnesota Timberwolves,All-Rookie Team,2,2008-09,,,1610612750,Award,Kia Motors,KIART,
201567,Kevin,Love,Minnesota Timberwolves,NBA Most Improved Player,,2010-11,,,,Award,Kia Motors,KIMIP,
201567,Kevin,Love,Minnesota Timberwolves,NBA Player of the Week,,2013-14,,2013-11-04T00:00:00,West,Award,Kia Motors,KIPWK,
201567,Kevin,Love,Minnesota Timberwolves,NBA Player of the Week,,2013-14,,2014-02-24T00:00:00,West,Award,Kia Motors,KIPWK,
201567,Kevin,Love,Cleveland Cavaliers,NBA Player of the Week,,2016-17,,2016-11-28T00:00:00,East,Award,Kia Motors,KIPWK,
201567,Kevin,Love,Minnesota Timberwolves,NBA Rookie of the Month,,2008-09,03/01/2009,,West,Award,Kia Motors,KIRMO,
201567,Kevin,Love,USA,Olympic Gold Medal,,2012,,,,Award,Olympic,Gold,
201567,Kevin,Love,,NBA All-Star,,2016-17,,,,Award,All-Star,,
201567,Kevin,Love,,NBA All-Star,,2017-18,,,,Award,All-Star,,
201567,Kevin,Love,,NBA All-Star,,2010-11,,,,Award,All-Star,,
201567,Kevin,Love,,NBA All-Star,,2011-12,,,,Award,All-Star,,
201567,Kevin,Love,,NBA All-Star,,2013-14,,,,Award,All-Star,,
201567,Kevin,Love,Cleveland Cavaliers,NBA Champion,,2015-16,,,,Award,Champion,,
201569,Eric,Gordon,Los Angeles Clippers,All-Rookie Team,2,2008-09,,,1610612746,Award,Kia Motors,KIART,
201569,Eric,Gordon,Los Angeles Clippers,NBA Rookie of the Month,,2008-09,01/01/2009,,West,Award,Kia Motors,KIRMO,
201569,Eric,Gordan,Houston Rockets,NBA Sixth Man of the Year,,2016-17,,,West,Award,Kia Motors,KISMY,(null)
201571,D.J.,Augustin,Charlotte Bobcats,All-Rookie Team,2,2008-09,,,1610612766,Award,Kia Motors,KIART,
201572,Brook,Lopez,Milwaukee Bucks,All-Defensive Team,2,2019-20,,,East,Award,Kia Motors,KIADT,
201572,Brook,Lopez,New Jersey Nets,All-Rookie Team,1,2008-09,,,1610612751,Award,Kia Motors,KIART,
201572,Brook,Lopez,Brooklyn Nets,NBA Player of the Week,,2014-15,,2015-03-23T00:00:00,East,Award,Kia Motors,KIPWK,
201572,Brook,Lopez,Brooklyn Nets,NBA Player of the Week,,2014-15,,2015-03-30T00:00:00,East,Award,Kia Motors,KIPWK,
201572,Brook,Lopez,Brooklyn Nets,NBA Player of the Week,,2015-16,,2016-01-04T00:00:00,East,Award,Kia Motors,KIPWK,
201572,Brook,Lopez,New Jersey Nets,NBA Rookie of the Month,,2008-09,01/01/2009,,East,Award,Kia Motors,KIRMO,
201572,Brook,Lopez,New Jersey Nets,NBA Rookie of the Month,,2008-09,02/01/2009,,East,Award,Kia Motors,KIRMO,
201572,Brook,Lopez,Milwaukee Bucks,All-Defensive Team,1,2022-23,,,East,Award,Kia Motors,KIADT,
201572,Brook,Lopez,,NBA All-Star,,2012-13,,,,Award,All-Star,,
201572,Brook,Lopez,Milwaukee Bucks,NBA Champion,,2020-21,,,,Award,Champion,,
201575,Brandon,Rush,Golden State Warriors,NBA Champion,,2014-15,,,,Award,Champion,,
201578,Marreese,Speights,Golden State Warriors,NBA Champion,,2014-15,,,,Award,Champion,,
201579,Roy,Hibbert,Indiana Pacers,All-Defensive Team,2,2013-14,,,1610612754,Award,Kia Motors,KIADT,
201579,Roy,Hibbert,,NBA All-Star,,2011-12,,,,Award,All-Star,,
201579,Roy,Hibbert,,NBA All-Star,,2013-14,,,,Award,All-Star,,
201580,JaVale,McGee,USA,Olympic Gold Medal,,2020,,,,Award,Olympic,Gold,
201580,JaVale,McGee,Golden State Warriors,NBA Champion,,2016-17,,,,Award,Champion,,
201580,JaVale,McGee,Golden State Warriors,NBA Champion,,2017-18,,,,Award,Champion,,
201580,JaVale,McGee,Los Angeles Lakers,NBA Champion,,2019-20,,,,Award,Champion,,
201583,Ryan,Anderson,Orlando Magic,NBA Most Improved Player,,2011-12,,,,Award,Kia Motors,KIMIP,
201586,Serge,Ibaka,Oklahoma City Thunder,All-Defensive Team,1,2011-12,,,1610612760,Award,Kia Motors,KIADT,
201586,Serge,Ibaka,Oklahoma City Thunder,All-Defensive Team,1,2012-13,,,1610612760,Award,Kia Motors,KIADT,
201586,Serge,Ibaka,Oklahoma City Thunder,All-Defensive Team,1,2013-14,,,1610612760,Award,Kia Motors,KIADT,
201586,Serge,Ibaka,Spain,Olympic Silver Medal,,2012,,,,Award,Olympic,Silver,
201586,Serge,Ibaka,Toronto Raptors,NBA Champion,,2018-19,,,,Award,Champion,,
201587,Nicolas,Batum,Charlotte Hornets,NBA Player of the Week,,2015-16,,2015-11-16T00:00:00,East,Award,Kia Motors,KIPWK,
201587,Nicolas,Batum,France,Olympic Appearance,,2012,,,,Award,Olympic,Appearance,
201587,Nicolas,Batum,France,Olympic Silver Medal,,2024,,,,Award,Olympic,Silver,
201588,George,Hill,Utah Jazz,NBA Player of the Week,,2016-17,,2016-11-07T00:00:00,West,Award,Kia Motors,KIPWK,
201593,Nikola,Pekovic,Minnesota Timberwolves,NBA Player of the Week,,2012-13,,2013-04-01T00:00:00,West,Award,Kia Motors,KIPWK,
201596,Mario,Chalmers,Miami Heat,All-Rookie Team,2,2008-09,,,1610612748,Award,Kia Motors,KIART,
201596,Mario,Chalmers,Miami Heat,NBA Champion,,2011-12,,,,Award,Champion,,
201596,Mario,Chalmers,Miami Heat,NBA Champion,,2012-13,,,,Award,Champion,,
201599,DeAndre,Jordan,Los Angeles Clippers,All-Defensive Team,1,2014-15,,,1610612746,Award,Kia Motors,KIADT,
201599,DeAndre,Jordan,LA Clippers,All-Defensive Team,1,2015-16,,,West,Award,Kia Motors,KIADT,
201599,DeAndre,Jordan,Los Angeles Clippers,All-NBA,3,2014-15,,,1610612746,Award,Kia Motors,KIANT,
201599,DeAndre,Jordan,LA Clippers,All-NBA,1,2015-16,,,West,Award,Kia Motors,KIANT,
201599,DeAndre,Jordan,LA Clippers,All-NBA,3,2016-17,,,West,Award,Kia Motors,KIANT,
201599,DeAndre,Jordan,USA,Olympic Gold Medal,,2016,,,,Award,Olympic,Gold,
201599,DeAndre,Jordan,,NBA All-Star,,2016-17,,,,Award,All-Star,,
201599,DeAndre,Jordan,Denver Nuggets,NBA Champion,,2022-23,,,,Award,Champion,,
201609,Goran,Dragic,Phoenix Suns,All-NBA,3,2013-14,,,1610612756,Award,Kia Motors,KIANT,
201609,Goran,Dragic,Phoenix Suns,NBA Most Improved Player,,2013-14,,,,Award,Kia Motors,KIMIP,
201609,Goran,Dragic,Houston Rockets,NBA Player of the Week,,2011-12,,2012-04-02T00:00:00,West,Award,Kia Motors,KIPWK,
201609,Goran,Dragic,Phoenix Suns,NBA Player of the Week,,2013-14,,2014-02-03T00:00:00,West,Award,Kia Motors,KIPWK,
201609,Goran,Dragic,Miami Heat,NBA Player of the Week,,2017-18,,2017-11-20T00:00:00,East,Award,Kia Motors,KIPWK,
201609,Goran,Dragic,Miami Heat,NBA Player of the Week,,2017-18,,2018-01-08T00:00:00,East,Award,Kia Motors,KIPWK,
201609,Goran,Dragic,,NBA All-Star,,2017-18,,,,Award,All-Star,,
201933,Blake,Griffin,Los Angeles Clippers,All-NBA,2,2011-12,,,1610612746,Award,Kia Motors,KIANT,
201933,Blake,Griffin,Los Angeles Clippers,All-NBA,2,2012-13,,,1610612746,Award,Kia Motors,KIANT,
201933,Blake,Griffin,Los Angeles Clippers,All-NBA,2,2013-14,,,1610612746,Award,Kia Motors,KIANT,
201933,Blake,Griffin,Los Angeles Clippers,All-NBA,3,2014-15,,,1610612746,Award,Kia Motors,KIANT,
201933,Blake,Griffin,Detroit Pistons,All-NBA,3,2018-19,,,East,Award,Kia Motors,KIANT,
201933,Blake,Griffin,Los Angeles Clippers,All-Rookie Team,1,2010-11,,,1610612746,Award,Kia Motors,KIART,
201933,Blake,Griffin,Los Angeles Clippers,NBA Player of the Month,,2013-14,2/1/2014,,West,Award,Kia Motors,KIPMO,
201933,Blake,Griffin,Los Angeles Clippers,NBA Player of the Week,,2012-13,,2012-12-03T00:00:00,West,Award,Kia Motors,KIPWK,
201933,Blake,Griffin,Los Angeles Clippers,NBA Player of the Week,,2013-14,,2013-11-18T00:00:00,West,Award,Kia Motors,KIPWK,
201933,Blake,Griffin,Los Angeles Clippers,NBA Player of the Week,,2013-14,,2013-12-23T00:00:00,West,Award,Kia Motors,KIPWK,
201933,Blake,Griffin,Los Angeles Clippers,NBA Player of the Week,,2013-14,,2014-03-17T00:00:00,West,Award,Kia Motors,KIPWK,
201933,Blake,Griffin,Los Angeles Clippers,NBA Player of the Week,,2014-15,,2014-11-24T00:00:00,West,Award,Kia Motors,KIPWK,
201933,Blake,Griffin,LA Clippers,NBA Player of the Week,,2016-17,,2017-02-13T00:00:00,West,Award,Kia Motors,KIPWK,
201933,Blake,Griffin,Los Angeles Clippers,NBA Rookie of the Month,,2010-11,01/01/2011,,West,Award,Kia Motors,KIRMO,
201933,Blake,Griffin,Los Angeles Clippers,NBA Rookie of the Month,,2010-11,02/01/2011,,West,Award,Kia Motors,KIRMO,
201933,Blake,Griffin,Los Angeles Clippers,NBA Rookie of the Month,,2010-11,03/01/2011,,West,Award,Kia Motors,KIRMO,
201933,Blake,Griffin,Los Angeles Clippers,NBA Rookie of the Month,,2010-11,04/01/2011,,West,Award,Kia Motors,KIRMO,
201933,Blake,Griffin,Los Angeles Clippers,NBA Rookie of the Month,,2010-11,11/01/2010,,West,Award,Kia Motors,KIRMO,
201933,Blake,Griffin,Los Angeles Clippers,NBA Rookie of the Month,,2010-11,12/01/2010,,West,Award,Kia Motors,KIRMO,
201933,Blake,Griffin,Los Angeles Clippers,NBA Rookie of the Year,,2010-11,,,,Award,Kia Motors,KIROY,
201933,Blake,Griffin,,NBA All-Star,,2018-19,,,,Award,All-Star,,
201933,Blake,Griffin,,NBA All-Star,,2010-11,,,,Award,All-Star,,
201933,Blake,Griffin,,NBA All-Star,,2011-12,,,,Award,All-Star,,
201933,Blake,Griffin,,NBA All-Star,,2012-13,,,,Award,All-Star,,
201933,Blake,Griffin,,NBA All-Star,,2013-14,,,,Award,All-Star,,
201933,Blake,Griffin,,NBA All-Star,,2014-15,,,,Award,All-Star,,
201935,Giannis,Antetokounmpo,Milwaukee Bucks,NBA Player of the Week,,2020-21,,2021-02-01T00:00:00,East,Award,Kia Motors,KIPWK,
201935,Giannis,Antetokounmpo,Milwaukee Bucks,NBA Player of the Week,,2020-21,,2021-02-22T00:00:00,East,Award,Kia Motors,KIPWK,
201935,Giannis,Antetokounmpo,Milwaukee Bucks,NBA Player of the Week,,2020-21,,2021-03-15T00:00:00,East,Award,Kia Motors,KIPWK,
201935,James,Harden,Houston Rockets,All-NBA,3,2012-13,,,1610612745,Award,Kia Motors,KIANT,
201935,James,Harden,Houston Rockets,All-NBA,1,2013-14,,,1610612745,Award,Kia Motors,KIANT,
201935,James,Harden,Houston Rockets,All-NBA,1,2014-15,,,1610612745,Award,Kia Motors,KIANT,
201935,James,Harden,Houston Rockets,All-NBA,1,2016-17,,,West,Award,Kia Motors,KIANT,
201935,James,Harden,Houston Rockets,All-NBA,1,2017-18,,,West,Award,Kia Motors,KIANT,
201935,James,Harden,Houston Rockets,All-NBA,1,2018-19,,,West,Award,Kia Motors,KIANT,
201935,James,Harden,Houston Rockets,All-NBA,1,2019-20,,,West,Award,Kia Motors,KIANT,
201935,James,Harden,Oklahoma City Thunder,All-Rookie Team,2,2009-10,,,1610612760,Award,Kia Motors,KIART,
201935,James,Harden,Houston Rockets,NBA Most Valuable Player,,2017-18,,,West,Award,Kia Motors,KIMVP,
201935,James,Harden,Houston Rockets,NBA Player of the Month,,2014-15,1/1/2015,,West,Award,Kia Motors,KIPMO,
201935,James,Harden,Houston Rockets,NBA Player of the Month,,2014-15,12/1/2014,,West,Award,Kia Motors,KIPMO,
201935,James,Harden,Houston Rockets,NBA Player of the Month,,2015-16,4/1/2016,,West,Award,Kia Motors,KIPMO,
201935,James,Harden,Houston Rockets,NBA Player of the Month,,2016-17,12/1/2016,,West,Award,Kia Motors,KIPMO,
201935,James,Harden,Houston Rockets,NBA Player of the Month,,2017-18,11/1/2017,,West,Award,Kia Motors,KIPMO,
201935,James,Harden,Houston Rockets,NBA Player of the Month,,2018-19,01/01/2019,,West,Award,Kia Motors,KIPMO,
201935,James,Harden,Houston Rockets,NBA Player of the Month,,2018-19,03/01/2019,,West,Award,Kia Motors,KIPMO,
201935,James,Harden,Houston Rockets,NBA Player of the Month,,2018-19,12/01/2018,,West,Award,Kia Motors,KIPMO,
201935,James,Harden,Houston Rockets,NBA Player of the Month,,2019-20,12/1/2019,,West,Award,Kia Motors,KIPMO,
201935,James,Harden,Brooklyn Nets,NBA Player of the Month,,2020-21,2/1/2021,,East,Award,Kia Motors,KIPMO,
201935,James,Harden,Brooklyn Nets,NBA Player of the Month,,2020-21,3/1/2021,,East,Award,Kia Motors,KIPMO,
201935,James,Harden,Houston Rockets,NBA Player of the Week,,2012-13,,2012-10-30T00:00:00,West,Award,Kia Motors,KIPWK,
201935,James,Harden,Houston Rockets,NBA Player of the Week,,2012-13,,2012-12-31T00:00:00,West,Award,Kia Motors,KIPWK,
201935,James,Harden,Houston Rockets,NBA Player of the Week,,2012-13,,2013-03-18T00:00:00,West,Award,Kia Motors,KIPWK,
201935,James,Harden,Houston Rockets,NBA Player of the Week,,2013-14,,2014-03-03T00:00:00,West,Award,Kia Motors,KIPWK,
201935,James,Harden,Houston Rockets,NBA Player of the Week,,2013-14,,2014-03-10T00:00:00,West,Award,Kia Motors,KIPWK,
201935,James,Harden,Houston Rockets,NBA Player of the Week,,2014-15,,2014-12-08T00:00:00,West,Award,Kia Motors,KIPWK,
201935,James,Harden,Houston Rockets,NBA Player of the Week,,2014-15,,2014-12-22T00:00:00,West,Award,Kia Motors,KIPWK,
201935,James,Harden,Houston Rockets,NBA Player of the Week,,2014-15,,2015-03-30T00:00:00,West,Award,Kia Motors,KIPWK,
201935,James,Harden,Houston Rockets,NBA Player of the Week,,2015-16,,2015-11-09T00:00:00,West,Award,Kia Motors,KIPWK,
201935,James,Harden,Houston Rockets,NBA Player of the Week,,2016-17,,2016-11-14T00:00:00,West,Award,Kia Motors,KIPWK,
201935,James,Harden,Houston Rockets,NBA Player of the Week,,2016-17,,2016-12-19T00:00:00,West,Award,Kia Motors,KIPWK,
201935,James,Harden,Houston Rockets,NBA Player of the Week,,2016-17,,2017-01-02T00:00:00,West,Award,Kia Motors,KIPWK,
201935,James,Harden,Houston Rockets,NBA Player of the Week,,2016-17,,2017-03-27T00:00:00,West,Award,Kia Motors,KIPWK,
201935,James,Harden,Houston Rockets,NBA Player of the Week,,2017-18,,2017-10-16T00:00:00,West,Award,Kia Motors,KIPWK,
201935,James,Harden,Houston Rockets,NBA Player of the Week,,2017-18,,2017-10-30T00:00:00,West,Award,Kia Motors,KIPWK,
201935,James,Harden,Houston Rockets,NBA Player of the Week,,2017-18,,2017-11-27T00:00:00,West,Award,Kia Motors,KIPWK,
201935,James,Harden,Houston Rockets,NBA Player of the Week,,2017-18,,2018-01-29T00:00:00,West,Award,Kia Motors,KIPWK,
201935,James,Harden,Houston Rockets,NBA Player of the Week,,2017-18,,2018-02-05T00:00:00,West,Award,Kia Motors,KIPWK,
201935,James,Harden,Houston Rockets,NBA Player of the Week,,2018-19,,2018-12-10T00:00:00,West,Award,Kia Motors,KIPWK,
201935,James,Harden,Houston Rockets,NBA Player of the Week,,2018-19,,2018-12-24T00:00:00,West,Award,Kia Motors,KIPWK,
201935,James,Harden,Houston Rockets,NBA Player of the Week,,2018-19,,2019-01-14T00:00:00,West,Award,Kia Motors,KIPWK,
201935,James,Harden,Houston Rockets,NBA Player of the Week,,2018-19,,2019-03-18T00:00:00,West,Award,Kia Motors,KIPWK,
201935,James,Harden,Houston Rockets,NBA Player of the Week,,2019-20,,2019-10-28T00:00:00,West,Award,Kia Motors,KIPWK,
201935,James,Harden,Brooklyn Nets,NBA Player of the Week,,2020-21,,2021-01-25T00:00:00,East,Award,Kia Motors,KIPWK,
201935,James,Harden,Brooklyn Nets,NBA Player of the Week,,2020-21,,2021-02-15T00:00:00,East,Award,Kia Motors,KIPWK,
201935,James,Harden,Oklahoma City Thunder,NBA Sixth Man of the Year,,2011-12,,,,Award,Kia Motors,KISMY,
201935,James,Harden,USA,Olympic Gold Medal,,2012,,,,Award,Olympic,Gold,
201935,Stephen,Curry,Golden State Warriors,NBA Player of the Week,,2018-19,,2018-10-22T00:00:00,West,Award,Kia Motors,KIPWK,
201935,Giannis,Antetokounmpo,Milwaukee Bucks,NBA Player of the Week,,2021-22,,2021-11-15T00:00:00,East,Award,Kia Motors,KIPWK,
201935,Giannis,Antetokounmpo,Milwaukee Bucks,NBA Player of the Month,,2021-22,3/1/2022,,East,Award,Kia Motors,KIPMO,
201935,Giannis,Antetokounmpo,Milwaukee Bucks,NBA All-Star Most Valuable Player,,2020-21,,,,Award,Kia Motors,KAMVP,
201935,Giannis,Antetokounmpo,Milwaukee Bucks,NBA Player of the Week,,2022-23,,2023-01-30T00:00:00,East,Award,Kia Motors,KIPWK,
201935,Giannis,Antetokounmpo,Milwaukee Bucks,NBA Player of the Week,,2022-23,,2023-01-23T00:00:00,East,Award,Kia Motors,KIPWK,
201935,Giannis,Antetokounmpo,Milwaukee Bucks,NBA Player of the Week,,2022-23,,2022-11-21T00:00:00,East,Award,Kia Motors,KIPWK,
201935,Giannis,Antetokounmpo,Milwaukee Bucks,NBA Player of the Week,,2022-23,,2022-10-24T00:00:00,East,Award,Kia Motors,KIPWK,
201935,James,Harden,,NBA All-Star,,2020-21,,,,Award,All-Star,,
201935,James,Harden,,NBA All-Star,,2012-13,,,,Award,All-Star,,
201935,James,Harden,,NBA All-Star,,2013-14,,,,Award,All-Star,,
201935,James,Harden,,NBA All-Star,,2014-15,,,,Award,All-Star,,
201935,James,Harden,,NBA All-Star,,2015-16,,,,Award,All-Star,,
201935,James,Harden,,NBA All-Star,,2016-17,,,,Award,All-Star,,
201935,James,Harden,,NBA All-Star,,2017-18,,,,Award,All-Star,,
201935,James,Harden,,NBA All-Star,,2018-19,,,,Award,All-Star,,
201935,James,Harden,,NBA All-Star,,2019-20,,,,Award,All-Star,,
201935,James,Harden,,NBA All-Star,,2021-22,,,,Award,All-Star,,
201935,Giannis,Antetokounmpo,Milwaukee Bucks,NBA Player of the Month,,2023-24,12/1/2023,,East,Award,Kia Motors,KIPMO,
201936,Tyreke,Evans,Sacramento Kings,All-Rookie Team,1,2009-10,,,1610612758,Award,Kia Motors,KIART,
201936,Tyreke,Evans,Sacramento Kings,NBA Rookie of the Month,,2009-10,11/01/2009,,West,Award,Kia Motors,KIRMO,
201936,Tyreke,Evans,Sacramento Kings,NBA Rookie of the Month,,2009-10,12/01/2009,,West,Award,Kia Motors,KIRMO,
201936,Tyreke,Evans,Sacramento Kings,NBA Rookie of the Year,,2009-10,,,,Award,Kia Motors,KIROY,
201937, Ricky,Rubio,,Olympic Bronze Medal,,2016,,,,Award,Olympic,Bronze,
201937,Ricky,Rubio,Minnesota Timberwolves,All-Rookie Team,1,2011-12,,,1610612750,Award,Kia Motors,KIART,
201937,Ricky,Rubio,Minnesota Timberwolves,NBA Rookie of the Month,,2011-12,01/01/2012,,West,Award,Kia Motors,KIRMO,
201937,Ricky,Rubio,Spain,Olympic Silver Medal,,2008,,,,Award,Olympic,Silver,
201938,Jonny,Flynn,Minnesota Timberwolves,All-Rookie Team,2,2009-10,,,1610612750,Award,Kia Motors,KIART,
201939,Stephen,Curry,Golden State Warriors,All-NBA,2,2013-14,,,1610612744,Award,Kia Motors,KIANT,
201939,Stephen,Curry,Golden State Warriors,All-NBA,1,2014-15,,,1610612744,Award,Kia Motors,KIANT,
201939,Stephen,Curry,Golden State Warriors,All-NBA,1,2015-16,,,West,Award,Kia Motors,KIANT,
201939,Stephen,Curry,Golden State Warriors,All-NBA,2,2016-17,,,West,Award,Kia Motors,KIANT,
201939,Stephen,Curry,Golden State Warriors,All-NBA,3,2017-18,,,West,Award,Kia Motors,KIANT,
201939,Stephen,Curry,Golden State Warriors,All-NBA,1,2018-19,,,West,Award,Kia Motors,KIANT,
201939,Stephen,Curry,Golden State Warriors,All-NBA,1,2020-21,,,West,Award,Kia Motors,KIANT,
201939,Stephen,Curry,Golden State Warriors,All-Rookie Team,1,2009-10,,,1610612744,Award,Kia Motors,KIART,
201939,Stephen,Curry,Golden State Warriors,NBA Most Valuable Player,,2014-15,,,,Award,Kia Motors,KIMVP,
201939,Stephen,Curry,Golden State Warriors,NBA Most Valuable Player,,2015-16,,,West,Award,Kia Motors,KIMVP,
201939,Stephen,Curry,Golden State Warriors,NBA Player of the Month,,2012-13,04/01/2013,,West,Award,Kia Motors,KIPMO,
201939,Stephen,Curry,Golden State Warriors,NBA Player of the Month,,2012-13,4/1/2014,,West,Award,Kia Motors,KIPMO,
201939,Stephen,Curry,Golden State Warriors,NBA Player of the Month,,2014-15,11/1/2014,,West,Award,Kia Motors,KIPMO,
201939,Stephen,Curry,Golden State Warriors,NBA Player of the Month,,2015-16,11/1/2015,,West,Award,Kia Motors,KIPMO,
201939,Stephen,Curry,Golden State Warriors,NBA Player of the Month,,2015-16,2/1/2016,,West,Award,Kia Motors,KIPMO,
201939,Stephen,Curry,Golden State Warriors,NBA Player of the Month,,2016-17,1/1/2017,,West,Award,Kia Motors,KIPMO,
201939,Stephen,Curry,Golden State Warriors,NBA Player of the Month,,2017-18,1/1/2018,,West,Award,Kia Motors,KIPMO,
201939,Stephen,Curry,Golden State Warriors,NBA Player of the Month,,2020-21,4/1/2021,,West,Award,Kia Motors,KIPMO,
201939,Stephen,Curry,Golden State Warriors,NBA Player of the Month,,2020-21,5/1/2021,,West,Award,Kia Motors,KIPMO,
201939,Stephen,Curry,Golden State Warriors,NBA Player of the Week,,2014-15,,2014-11-03T00:00:00,West,Award,Kia Motors,KIPWK,
201939,Stephen,Curry,Golden State Warriors,NBA Player of the Week,,2014-15,,2015-03-23T00:00:00,West,Award,Kia Motors,KIPWK,
201939,Stephen,Curry,Golden State Warriors,NBA Player of the Week,,2015-16,,2015-11-02T00:00:00,West,Award,Kia Motors,KIPWK,
201939,Stephen,Curry,Golden State Warriors,NBA Player of the Week,,2015-16,,2015-11-23T00:00:00,West,Award,Kia Motors,KIPWK,
201939,Stephen,Curry,Golden State Warriors,NBA Player of the Week,,2015-16,,2015-12-07T00:00:00,West,Award,Kia Motors,KIPWK,
201939,Stephen,Curry,Golden State Warriors,NBA Player of the Week,,2015-16,,2016-02-29T00:00:00,West,Award,Kia Motors,KIPWK,
201939,Stephen,Curry,Golden State Warriors,NBA Player of the Week,,2015-16,,2016-03-14T00:00:00,West,Award,Kia Motors,KIPWK,
201939,Stephen,Curry,Golden State Warriors,NBA Player of the Week,,2016-17,,2017-01-09T00:00:00,West,Award,Kia Motors,KIPWK,
201939,Stephen,Curry,Golden State Warriors,NBA Player of the Week,,2016-17,,2017-02-06T00:00:00,West,Award,Kia Motors,KIPWK,
201939,Stephen,Curry,Golden State Warriors,NBA Player of the Week,,2016-17,,2017-04-03T00:00:00,West,Award,Kia Motors,KIPWK,
201939,Stephen,Curry,Golden State Warriors,NBA Player of the Week,,2017-18,,2018-01-01T00:00:00,West,Award,Kia Motors,KIPWK,
201939,Stephen,Curry,Golden State Warriors,NBA Player of the Week,,2017-18,,2018-01-22T00:00:00,West,Award,Kia Motors,KIPWK,
201939,Stephen,Curry,Golden State Warriors,NBA Player of the Week,,2018-19,,2018-12-03T00:00:00,West,Award,Kia Motors,KIPWK,
201939,Stephen,Curry,Golden State Warriors,NBA Player of the Week,,2020-21,,2020-12-28T00:00:00,West,Award,Kia Motors,KIPWK,
201939,Stephen,Curry,Golden State Warriors,NBA Player of the Week,,2020-21,,2021-04-12T00:00:00,West,Award,Kia Motors,KIPWK,
201939,Stephen,Curry,Golden State Warriors,NBA Rookie of the Month,,2009-10,01/01/2010,,West,Award,Kia Motors,KIRMO,
201939,Stephen,Curry,Golden State Warriors,NBA Rookie of the Month,,2009-10,03/01/2010,,West,Award,Kia Motors,KIRMO,
201939,Stephen,Curry,Golden State Warriors,NBA Rookie of the Month,,2009-10,04/01/2010,,West,Award,Kia Motors,KIRMO,
201939,Stephen,Curry,Golden State Warriors,NBA Sportsmanship,,2010-11,,,,Award,Kia Motors,KSPRT,
201939,Stephen,Curry,Golden State Warriors,NBA Player of the Week,,2021-22,,2021-10-18T00:00:00,West,Award,Kia Motors,KIPWK,
201939,Stephen,Curry,Golden State Warriors,NBA Player of the Week,,2021-22,,2021-11-08T00:00:00,West,Award,Kia Motors,KIPWK,
201939,Stephen,Curry,Golden State Warriors,NBA Player of the Month,,2021-22,11/1/2021,,West,Award,Kia Motors,KIPMO,
201939,Stephen,Curry,Golden State Warriors,NBA All-Star Most Valuable Player,,2021-22,,,,Award,Kia Motors,KAMVP,
201939,Stephen,Curry,Golden State Warriors,All-NBA,2,2021-22,,,West,Award,Kia Motors,KIANT,
201939,Stephen,Curry,Golden State Warriors,NBA Finals Most Valuable Player,,2021-22,,,,Award,Kia Motors,KFMVP,
201939,Stephen,Curry,Golden State Warriors,NBA Player of the Week,,2022-23,,2022-11-07T00:00:00,West,Award,Kia Motors,KIPWK,
201939,Stephen,Curry,Golden State Warriors,All-NBA,2,2022-23,,,West,Award,Kia Motors,KIANT,
201939,Stephen,Curry,Golden State Warriors,NBA Player of the Week,,2023-24,,2023-10-30T00:00:00,West,Award,Kia Motors,KIPWK,
201939,Stephen,Curry,Golden State Warriors,NBA Clutch Player of the Year,,2023-24,,,West,Award,Kia Motors,KIMIP,
201939,Stephen,Curry,Golden State Warriors,All-NBA,3,2023-24,,,West,Award,Kia Motors,KIANT,
201939,Stephen,Curry,,NBA All-Star,,2018-19,,,,Award,All-Star,,
201939,Stephen,Curry,,NBA All-Star,,2013-14,,,,Award,All-Star,,
201939,Stephen,Curry,,NBA All-Star,,2014-15,,,,Award,All-Star,,
201939,Stephen,Curry,,NBA All-Star,,2015-16,,,,Award,All-Star,,
201939,Stephen,Curry,,NBA All-Star,,2016-17,,,,Award,All-Star,,
201939,Stephen,Curry,,NBA All-Star,,2017-18,,,,Award,All-Star,,
201939,Stephen,Curry,,NBA All-Star,,2020-21,,,,Award,All-Star,,
201939,Stephen,Curry,,NBA All-Star,,2021-22,,,,Award,All-Star,,
201939,Stephen,Curry,,NBA All-Star,,2022-23,,,,Award,All-Star,,
201939,Stephen,Curry,,NBA All-Star,,2023-24,,,,Award,All-Star,,
201939,Stephen,Curry,Golden State Warriors,NBA Champion,,2014-15,,,,Award,Champion,,
201939,Stephen,Curry,Golden State Warriors,NBA Champion,,2016-17,,,,Award,Champion,,
201939,Stephen,Curry,Golden State Warriors,NBA Champion,,2017-18,,,,Award,Champion,,
201939,Stephen,Curry,Golden State Warriors,NBA Champion,,2021-22,,,,Award,Champion,,
201939,Stephen,Curry,USA,Olympic Gold Medal,,2024,,,,Award,Olympic,Gold,
201942,DeMar,DeRozan,Toronto Raptors,All-NBA,3,2016-17,,,East,Award,Kia Motors,KIANT,
201942,DeMar,DeRozan,Toronto Raptors,All-NBA,2,2017-18,,,East,Award,Kia Motors,KIANT,
201942,DeMar,DeRozan,Toronto Raptors,NBA Player of the Month,,2014-15,4/1/2015,,East,Award,Kia Motors,KIPMO,
201942,DeMar,DeRozan,Toronto Raptors,NBA Player of the Month,,2015-16,1/1/2016,,East,Award,Kia Motors,KIPMO,
201942,DeMar,DeRozan,Toronto Raptors,NBA Player of the Month,,2017-18,1/1/2018,,East,Award,Kia Motors,KIPMO,
201942,DeMar,DeRozan,Toronto Raptors,NBA Player of the Week,,2015-16,,2015-12-14T00:00:00,East,Award,Kia Motors,KIPWK,
201942,DeMar,DeRozan,Toronto Raptors,NBA Player of the Week,,2016-17,,2016-11-14T00:00:00,East,Award,Kia Motors,KIPWK,
201942,DeMar,DeRozan,Toronto Raptors,NBA Player of the Week,,2016-17,,2016-12-19T00:00:00,East,Award,Kia Motors,KIPWK,
201942,DeMar,DeRozan,Toronto Raptors,NBA Player of the Week,,2016-17,,2017-01-16T00:00:00,East,Award,Kia Motors,KIPWK,
201942,DeMar,DeRozan,Toronto Raptors,NBA Player of the Week,,2016-17,,2017-03-27T00:00:00,East,Award,Kia Motors,KIPWK,
201942,DeMar,DeRozan,Toronto Raptors,NBA Player of the Week,,2017-18,,2017-11-13T00:00:00,East,Award,Kia Motors,KIPWK,
201942,DeMar,DeRozan,Toronto Raptors,NBA Player of the Week,,2017-18,,2017-12-18T00:00:00,East,Award,Kia Motors,KIPWK,
201942,DeMar,DeRozan,Toronto Raptors,NBA Player of the Week,,2017-18,,2018-01-01T00:00:00,East,Award,Kia Motors,KIPWK,
201942,DeMar,DeRozan,Toronto Raptors,NBA Player of the Week,,2017-18,,2018-02-26T00:00:00,East,Award,Kia Motors,KIPWK,
201942,DeMar,DeRozan,Toronto Raptors,NBA Player of the Week,,2017-18,,2018-03-05T00:00:00,East,Award,Kia Motors,KIPWK,
201942,DeMar,DeRozan,San Antonio Spurs,NBA Player of the Week,,2019-20,,2020-01-06T00:00:00,West,Award,Kia Motors,KIPWK,
201942,DeMar,DeRozan,Chicago Bulls,NBA Player of the Week,,2021-22,,2021-11-29T00:00:00,East,Award,Kia Motors,KIPWK,
201942,DeMar,DeRozan,Chicago Bulls,NBA Player of the Week,,2021-22,,2021-12-27T00:00:00,East,Award,Kia Motors,KIPWK,
201942,DeMar,DeRozan,Chicago Bulls,NBA Player of the Week,,2021-22,,2022-02-07T00:00:00,East,Award,Kia Motors,KIPWK,
201942,DeMar,DeRozan,Chicago Bulls,NBA Player of the Month,,2021-22,2/1/2022,,East,Award,Kia Motors,KIPMO,
201942,DeMar,DeRozan,Chicago Bulls,All-NBA,2,2021-22,,,East,Award,Kia Motors,KIANT,
201942,DeMar,DeRozan,Chicago Bulls,NBA Player of the Week,,2023-24,,2024-03-04T00:00:00,East,Award,Kia Motors,KIPWK,
201942,DeMar,DeRozan,USA,Olympic Gold Medal,,2016,,,,Award,Olympic,Gold,
201942,DeMar,DeRozan,,NBA All-Star,,2013-14,,,,Award,All-Star,,
201942,DeMar,DeRozan,,NBA All-Star,,2015-16,,,,Award,All-Star,,
201942,DeMar,DeRozan,,NBA All-Star,,2016-17,,,,Award,All-Star,,
201942,DeMar,DeRozan,,NBA All-Star,,2022-23,,,,Award,All-Star,,
201942,DeMar,DeRozan,,NBA All-Star,,2017-18,,,,Award,All-Star,,
201942,DeMar,DeRozan,,NBA All-Star,,2021-22,,,,Award,All-Star,,
201943,Brandon,Jennings,Milwaukee Bucks,All-Rookie Team,1,2009-10,,,1610612749,Award,Kia Motors,KIART,
201943,Brandon,Jennings,Milwaukee Bucks,NBA Player of the Week,,2009-10,,2009-11-16T00:00:00,East,Award,Kia Motors,KIPWK,
201943,Brandon,Jennings,Milwaukee Bucks,NBA Player of the Week,,2012-13,,2012-10-30T00:00:00,East,Award,Kia Motors,KIPWK,
201943,Brandon,Jennings,Milwaukee Bucks,NBA Rookie of the Month,,2009-10,01/01/2010,,East,Award,Kia Motors,KIRMO,
201943,Brandon,Jennings,Milwaukee Bucks,NBA Rookie of the Month,,2009-10,03/01/2010,,East,Award,Kia Motors,KIRMO,
201943,Brandon,Jennings,Milwaukee Bucks,NBA Rookie of the Month,,2009-10,11/01/2009,,East,Award,Kia Motors,KIRMO,
201943,Brandon,Jennings,Milwaukee Bucks,NBA Rookie of the Month,,2009-10,12/01/2009,,East,Award,Kia Motors,KIRMO,
201944,Terrence,Williams,New Jersey Nets,NBA Rookie of the Month,,2009-10,04/01/2010,,East,Award,Kia Motors,KIRMO,
201948,Austin,Daye,San Antonio Spurs,NBA Champion,,2013-14,,,,Award,Champion,,
201950,Jrue,Holiday,New Orleans Pelicans,All-Defensive Team,1,2017-18,,,West,Award,Kia Motors,KIADT,
201950,Jrue,Holiday,New Orleans Pelicans,All-Defensive Team,2,2018-19,,,West,Award,Kia Motors,KIADT,
201950,Jrue,Holiday,Milwaukee Bucks,All-Defensive Team,1,2020-21,,,East,Award,Kia Motors,KIADT,
201950,Jrue,Holiday,Milwaukee Bucks,NBA Player of the Week,,2020-21,,2021-03-29T00:00:00,East,Award,Kia Motors,KIPWK,
201950,Jrue,Holiday,Milwaukee Bucks,All-Defensive Team,2,2021-22,,,East,Award,Kia Motors,KIADT,
201950,Jrue,Holiday,Milwaukee Bucks,NBA Player of the Week,,2022-23,,2023-01-16T00:00:00,East,Award,Kia Motors,KIPWK,
201950,Jrue,Holiday,Milwaukee Bucks,All-Defensive Team,1,2022-23,,,East,Award,Kia Motors,KIADT,
201950,Jrue,Holiday,USA,Olympic Gold Medal,,2020,,,,Award,Olympic,Gold,
201950,Jrue,Holiday,Boston Celtics,All-Defensive Team,2,2023-24,,,East,Award,Kia Motors,KIADT,
201950,Jrue,Holiday,,NBA All-Star,,2012-13,,,,Award,All-Star,,
201950,Jrue,Holiday,,NBA All-Star,,2022-23,,,,Award,All-Star,,
201950,Jrue,Holiday,Milwaukee Bucks,NBA Champion,,2020-21,,,,Award,Champion,,
201950,Jrue,Holiday,Boston Celtics,NBA Champion,,2023-24,,,,Award,Champion,,
201950,Jrue,Holiday,USA,Olympic Gold Medal,,2024,,,,Award,Olympic,Gold,
201951,Ty,Lawson,Denver Nuggets,NBA Player of the Week,,2011-12,,2012-02-27T00:00:00,West,Award,Kia Motors,KIPWK,
201952,Jeff,Teague,Atlanta Hawks,NBA Player of the Month,,2014-15,1/1/2015,,East,Award,Kia Motors,KIPMO,
201952,Jeff,Teague,Atlanta Hawks,NBA Player of the Week,,2013-14,,2014-04-14T00:00:00,East,Award,Kia Motors,KIPWK,
201952,Jeff,Teague,Atlanta Hawks,NBA Player of the Week,,2014-15,,2014-12-29T00:00:00,East,Award,Kia Motors,KIPWK,
201952,Jeff,Teague,,NBA All-Star,,2014-15,,,,Award,All-Star,,
201952,Jeff,Teague,Milwaukee Bucks,NBA Champion,,2020-21,,,,Award,Champion,,
201954,Darren,Collison,New Orleans Hornets,All-Rookie Team,1,2009-10,,,1610612740,Award,Kia Motors,KIART,
201954,Darren,Collison,New Orleans Hornets,NBA Rookie of the Month,,2009-10,02/01/2010,,West,Award,Kia Motors,KIRMO,
201958,Rodrigue,Beaubois,Dallas Mavericks,NBA Champion,,2010-11,,,,Award,Champion,,
201959,Taj,Gibson,Chicago Bulls,All-Rookie Team,1,2009-10,,,1610612741,Award,Kia Motors,KIART,
201960,DeMarre,Carroll,Atlanta Hawks,NBA Player of the Month,,2014-15,1/1/2015,,East,Award,Kia Motors,KIPMO,
201964, Víctor,Claver,,Olympic Bronze Medal,,2016,,,,Award,Olympic,Bronze,
201964,Victor,Claver,Spain,Olympic Silver Medal,,2012,,,,Award,Olympic,Silver,
201965,Jeff,Ayres,San Antonio Spurs,NBA Champion,,2013-14,,,,Award,Champion,,
201971,DeJuan,Blair,San Antonio Spurs,All-Rookie Team,2,2009-10,,,1610612759,Award,Kia Motors,KIART,
201973,Jonas,Jerebko,Detroit Pistons,All-Rookie Team,2,2009-10,,,1610612765,Award,Kia Motors,KIART,
201973,Jonas,Jerebko,Detroit Pistons,NBA Rookie of the Month,,2009-10,02/01/2010,,East,Award,Kia Motors,KIRMO,
201975,Jodie,Meeks,Toronto Raptors,NBA Champion,,2018-19,,,,Award,Champion,,
201976,Patrick,Beverley,Houston Rockets,All-Defensive Team,2,2013-14,,,1610612745,Award,Kia Motors,KIADT,
201976,Patrick,Beverley,LA Clippers,All-Defensive Team,2,2019-20,,,West,Award,Kia Motors,KIADT,
201976,Patrick,Bevereley,Houston Rockets,All-Defensive Team,1,2016-17,,,West,Award,Kia Motors,KIADT,
201977,Marcus,Thornton,New Orleans Hornets,All-Rookie Team,2,2009-10,,,1610612740,Award,Kia Motors,KIART,
201979,Nick,Calathes,Memphis Grizzlies,NBA Rookie of the Month,,2013-14,2/1/2014,,West,Award,Kia Motors,KIRMO,
201980,Danny,Green,San Antonio Spurs,All-Defensive Team,2,2016-17,,,West,Award,Kia Motors,KIADT,
201980,Danny,Green,Los Angeles Lakers,NBA Champion,,2019-20,,,,Award,Champion,,
201980,Danny,Green,San Antonio Spurs,NBA Champion,,2013-14,,,,Award,Champion,,
201980,Danny,Green,Toronto Raptors,NBA Champion,,2018-19,,,,Award,Champion,,
201986,Nando,de Colo,France,Olympic Appearance,,2012,,,,Award,Olympic,Appearance,
201986,Nando,De Colo,France,Olympic Silver Medal,,2024,,,,Award,Olympic,Silver,
201988,Patrick,Mills,Australia,Olympic Appearance,,2008,,,,Award,Olympic,Appearance,
201988,Patrick,Mills,Australia,Olympic Appearance,,2012,,,,Award,Olympic,Appearance,
201988,Patty,Mills,San Antonio Spurs,NBA Champion,,2013-14,,,,Award,Champion,,
1627732,Ben,Simmons,Philadelphia 76ers,All-Rookie Team,1,2017-18,,,East,Award,Kia Motors,KIART,
1627732,Ben,Simmons,Philadelphia 76ers,All-Defensive Team,1,2019-20,,,East,Award,Kia Motors,KIADT,
1627732,Ben,Simmons,Philadelphia 76ers,All-Defensive Team,1,2020-21,,,East,Award,Kia Motors,KIADT,
1627732,Ben,Simmons,Philadelphia 76ers,All-NBA,3,2019-20,,,East,Award,Kia Motors,KIANT,
1627732,Ben,Simmons,Philadelphia 76ers,NBA Player of the Week,,2017-18,,2018-04-02T00:00:00,East,Award,Kia Motors,KIPWK,
1627732,Ben,Simmons,Philadelphia 76ers,NBA Player of the Week,,2018-19,,2019-02-25T00:00:00,East,Award,Kia Motors,KIPWK,
1627732,Ben,Simmons,Philadelphia 76ers,NBA Player of the Week,,2019-20,,2020-01-13T00:00:00,East,Award,Kia Motors,KIPWK,
1627732,Ben,Simmons,Philadelphia 76ers,NBA Rookie of the Month,,2017-18,1/1/2018,1900-01-01T12:00:00,East,Award,Kia Motors,KIRMO,
1627732,Ben,Simmons,Philadelphia 76ers,NBA Rookie of the Month,,2017-18,11/1/2017,1900-01-01T12:00:00,East,Award,Kia Motors,KIRMO,
1627732,Ben,Simmons,Philadelphia 76ers,NBA Rookie of the Month,,2017-18,12/1/2017,1900-01-01T12:00:00,East,Award,Kia Motors,KIRMO,
1627732,Ben,Simmons,Philadelphia 76ers,NBA Rookie of the Month,,2017-18,3/1/2018,1900-01-01T12:00:00,East,Award,Kia Motors,KIRMO,
1627732,Ben,Simmons,Philadelphia 76ers,NBA Rookie of the Year,,2017-18,,,East,Award,Kia Motors,KIROY,
1627732,Ben,Simmons,,NBA All-Star,,2018-19,,,,Award,All-Star,,
1627732,Ben,Simmons,,NBA All-Star,,2019-20,,,,Award,All-Star,,
1627732,Ben,Simmons,,NBA All-Star,,2020-21,,,,Award,All-Star,,
202227,Terrel,Harris,Miami Heat,NBA Champion,,2011-12,,,,Award,Champion,,
1627734,Domantas,Sabonis,Indiana Pacers,NBA Player of the Week,,2020-21,,2020-12-22T00:00:00,East,Award,Kia Motors,KIPWK,
1627734,Domantas,Sabonis,Indiana Pacers,NBA Player of the Week,,2021-22,,2021-12-06T00:00:00,East,Award,Kia Motors,KIPWK,
1627734,Domantas,Sabonis,Sacramento Kings,NBA Player of the Week,,2022-23,,2023-03-13T00:00:00,West,Award,Kia Motors,KIPWK,
1627734,Domantas,Sabonis,Sacramento Kings,NBA Player of the Week,,2022-23,,2023-03-06T00:00:00,West,Award,Kia Motors,KIPWK,
1627734,Domantas,Sabonis,Sacramento Kings,NBA Player of the Week,,2022-23,,2023-01-09T00:00:00,West,Award,Kia Motors,KIPWK,
1627734,Domantas,Sabonis,Sacramento Kings,All-NBA,3,2022-23,,,West,Award,Kia Motors,KIANT,
1627734,Domantas,Sabonis,Sacramento Kings,All-NBA,3,2023-24,,,West,Award,Kia Motors,KIANT,
1627734,Domantas,Sabonis,,NBA All-Star,,2022-23,,,,Award,All-Star,,
1627734,Domantas,Sabonis,,NBA All-Star,,2019-20,,,,Award,All-Star,,
1627734,Domantas,Sabonis,,NBA All-Star,,2020-21,,,,Award,All-Star,,
202322,John,Wall,Washington Wizards,All-Defensive Team,2,2014-15,,,1610612764,Award,Kia Motors,KIADT,
202322,John,Wall,Washington Wizards,All-NBA,3,2016-17,,,East,Award,Kia Motors,KIANT,
202322,John,Wall,Washington Wizards,All-Rookie Team,1,2010-11,,,1610612764,Award,Kia Motors,KIART,
202322,John,Wall,Washington Wizards,NBA Player of the Month,,2015-16,12/1/2015,,East,Award,Kia Motors,KIPMO,
202322,John,Wall,Washington Wizards,NBA Player of the Month,,2016-17,12/1/2016,,East,Award,Kia Motors,KIPMO,
202322,John,Wall,Washington Wizards,NBA Player of the Week,,2012-13,,2013-03-11T00:00:00,East,Award,Kia Motors,KIPWK,
202322,John,Wall,Washington Wizards,NBA Player of the Week,,2013-14,,2013-11-25T00:00:00,East,Award,Kia Motors,KIPWK,
202322,John,Wall,Washington Wizards,NBA Player of the Week,,2013-14,,2014-03-03T00:00:00,East,Award,Kia Motors,KIPWK,
202322,John,Wall,Washington Wizards,NBA Player of the Week,,2014-15,,2014-12-08T00:00:00,East,Award,Kia Motors,KIPWK,
202322,John,Wall,Washington Wizards,NBA Player of the Week,,2015-16,,2016-01-18T00:00:00,East,Award,Kia Motors,KIPWK,
202322,John,Wall,Washington Wizards,NBA Player of the Week,,2016-17,,2017-01-02T00:00:00,East,Award,Kia Motors,KIPWK,
202322,John,Wall,Washington Wizards,NBA Player of the Week,,2016-17,,2017-03-13T00:00:00,East,Award,Kia Motors,KIPWK,
202322,John,Wall,Washington Wizards,NBA Rookie of the Month,,2010-11,01/01/2011,,East,Award,Kia Motors,KIRMO,
202322,John,Wall,Washington Wizards,NBA Rookie of the Month,,2010-11,02/01/2011,,East,Award,Kia Motors,KIRMO,
202322,John,Wall,Washington Wizards,NBA Rookie of the Month,,2010-11,03/01/2011,,East,Award,Kia Motors,KIRMO,
202322,John,Wall,Washington Wizards,NBA Rookie of the Month,,2010-11,04/01/2011,,East,Award,Kia Motors,KIRMO,
202322,John,Wall,,NBA All-Star,,2013-14,,,,Award,All-Star,,
202322,John,Wall,,NBA All-Star,,2014-15,,,,Award,All-Star,,
202322,John,Wall,,NBA All-Star,,2015-16,,,,Award,All-Star,,
202322,John,Wall,,NBA All-Star,,2016-17,,,,Award,All-Star,,
202322,John,Wall,,NBA All-Star,,2017-18,,,,Award,All-Star,,
202324,Derrick,Favors,Utah Jazz,All-Rookie Team,2,2010-11,,,1610612762,Award,Kia Motors,KIART,
202325,Wesley,Johnson,Minnesota Timberwolves,All-Rookie Team,2,2010-11,,,1610612750,Award,Kia Motors,KIART,
202326,DeMarcus,Cousins,Sacramento Kings,All-NBA,2,2014-15,,,1610612758,Award,Kia Motors,KIANT,
202326,DeMarcus,Cousins,Sacramento Kings,All-NBA,2,2015-16,,,West,Award,Kia Motors,KIANT,
202326,DeMarcus,Cousins,Sacramento Kings,All-Rookie Team,1,2010-11,,,1610612758,Award,Kia Motors,KIART,
202326,DeMarcus,Cousins,Sacramento Kings,NBA Player of the Week,,2013-14,,2014-01-13T00:00:00,West,Award,Kia Motors,KIPWK,
202326,DeMarcus,Cousins,Sacramento Kings,NBA Player of the Week,,2014-15,,2014-11-17T00:00:00,West,Award,Kia Motors,KIPWK,
202326,DeMarcus,Cousins,Sacramento Kings,NBA Player of the Week,,2015-16,,2015-11-16T00:00:00,West,Award,Kia Motors,KIPWK,
202326,DeMarcus,Cousins,Sacramento Kings,NBA Player of the Week,,2015-16,,2016-01-25T00:00:00,West,Award,Kia Motors,KIPWK,
202326,DeMarcus,Cousins,New Orleans Pelicans,NBA Player of the Week,,2016-17,,2017-01-30T00:00:00,West,Award,Kia Motors,KIPWK,
202326,DeMarcus,Cousins,New Orleans Pelicans,NBA Player of the Week,,2017-18,,2017-10-23T00:00:00,West,Award,Kia Motors,KIPWK,
202326,DeMarcus,Cousins,USA,Olympic Gold Medal,,2016,,,,Award,Olympic,Gold,
202326,DeMarcus,Cousins,,NBA All-Star,,2017-18,,,,Award,All-Star,,
202326,DeMarcus,Cousins,,NBA All-Star,,2014-15,,,,Award,All-Star,,
202326,DeMarcus,Cousins,,NBA All-Star,,2015-16,,,,Award,All-Star,,
202326,DeMarcus,Cousins,,NBA All-Star,,2016-17,,,,Award,All-Star,,
202328,Greg,Monroe,Detroit Pistons,All-Rookie Team,2,2010-11,,,1610612765,Award,Kia Motors,KIART,
202329,Al-Farouq,Aminu,Nigeria,Olympic Appearance,,2012,,,,Award,Olympic,Appearance,
202330,Gordon,Hayward,Utah Jazz,NBA Player of the Week,,2016-17,,2017-01-16T00:00:00,West,Award,Kia Motors,KIPWK,
202330,Gordon,Hayward,,NBA All-Star,,2016-17,,,,Award,All-Star,,
202331,Paul,George,Indiana Pacers,All-Defensive Team,2,2012-13,,,1610612754,Award,Kia Motors,KIADT,
202331,Paul,George,Indiana Pacers,All-Defensive Team,1,2013-14,,,1610612754,Award,Kia Motors,KIADT,
202331,Paul,George,Indiana Pacers,All-Defensive Team,2,2015-16,,,East,Award,Kia Motors,KIADT,
202331,Paul,George,Oklahoma City Thunder,All-Defensive Team,1,2018-19,,,West,Award,Kia Motors,KIADT,
202331,Paul,George,Indiana Pacers,All-NBA,3,2012-13,,,1610612754,Award,Kia Motors,KIANT,
202331,Paul,George,Indiana Pacers,All-NBA,3,2013-14,,,1610612754,Award,Kia Motors,KIANT,
202331,Paul,George,Indiana Pacers,All-NBA,3,2015-16,,,East,Award,Kia Motors,KIANT,
202331,Paul,George,Oklahoma City Thunder,All-NBA,3,2017-18,,,West,Award,Kia Motors,KIANT,
202331,Paul,George,Oklahoma City Thunder,All-NBA,1,2018-19,,,West,Award,Kia Motors,KIANT,
202331,Paul,George,Los Angeles Clippers,All-NBA,3,2020-21,,,West,Award,Kia Motors,KIANT,
202331,Paul,George,Indiana Pacers,All-Rookie Team,2,2010-11,,,1610612754,Award,Kia Motors,KIART,
202331,Paul,George,Indiana Pacers,NBA Most Improved Player,,2012-13,,,,Award,Kia Motors,KIMIP,
202331,Paul,George,Indiana Pacers,NBA Player of the Month,,2013-14,11/1/2013,,East,Award,Kia Motors,KIPMO,
202331,Paul,George,Indiana Pacers,NBA Player of the Month,,2015-16,11/1/2015,,East,Award,Kia Motors,KIPMO,
202331,Paul,George,Indiana Pacers,NBA Player of the Month,,2016-17,4/1/2017,,East,Award,Kia Motors,KIPMO,
202331,Paul,George,Oklahoma City Thunder,NBA Player of the Month,,2018-19,02/01/2019,,West,Award,Kia Motors,KIPMO,
202331,Paul,George,Indiana Pacers,NBA Player of the Week,,2012-13,,2012-12-10T00:00:00,East,Award,Kia Motors,KIPWK,
202331,Paul,George,Indiana Pacers,NBA Player of the Week,,2012-13,,2012-12-17T00:00:00,East,Award,Kia Motors,KIPWK,
202331,Paul,George,Indiana Pacers,NBA Player of the Week,,2013-14,,2013-11-10T00:00:00,East,Award,Kia Motors,KIPWK,
202331,Paul,George,Indiana Pacers,NBA Player of the Week,,2013-14,,2014-01-20T00:00:00,,Award,Kia Motors,KIPWK,
202331,Paul,George,Indiana Pacers,NBA Player of the Week,,2015-16,,2015-11-30T00:00:00,East,Award,Kia Motors,KIPWK,
202331,Paul,George,Indiana Pacers,NBA Player of the Week,,2016-17,,2017-04-10T00:00:00,East,Award,Kia Motors,KIPWK,
202331,Paul,George,Oklahoma City Thunder,NBA Player of the Week,,2018-19,,2018-12-17T00:00:00,West,Award,Kia Motors,KIPWK,
202331,Paul,George,Oklahoma City Thunder,NBA Player of the Week,,2018-19,,2019-01-21T00:00:00,West,Award,Kia Motors,KIPWK,
202331,Paul,George,Oklahoma City Thunder,NBA Player of the Week,,2018-19,,2019-02-04T00:00:00,West,Award,Kia Motors,KIPWK,
202331,Paul,George,Los Angeles Clippers,NBA Player of the Week,,2020-21,,2021-04-05T00:00:00,West,Award,Kia Motors,KIPWK,
202331,Paul,George,Los Angeles Clippers,NBA Player of the Week,,2021-22,,2021-11-01T00:00:00,West,Award,Kia Motors,KIPWK,
202331,Paul,George,LA Clippers,NBA Player of the Week,,2022-23,,2022-10-31T00:00:00,West,Award,Kia Motors,KIPWK,
202331,Paul,George,USA,Olympic Gold Medal,,2016,,,,Award,Olympic,Gold,
202331,Paul,George,,NBA All-Star,,2012-13,,,,Award,All-Star,,
202331,Paul,George,,NBA All-Star,,2013-14,,,,Award,All-Star,,
202331,Paul,George,,NBA All-Star,,2015-16,,,,Award,All-Star,,
202331,Paul,George,,NBA All-Star,,2016-17,,,,Award,All-Star,,
202331,Paul,George,,NBA All-Star,,2017-18,,,,Award,All-Star,,
202331,Paul,George,,NBA All-Star,,2018-19,,,,Award,All-Star,,
202331,Paul,George,,NBA All-Star,,2020-21,,,,Award,All-Star,,
202331,Paul,George,,NBA All-Star,,2022-23,,,,Award,All-Star,,
202331,Paul,George,,NBA All-Star,,2023-24,,,,Award,All-Star,,
202338,Kevin,Seraphin,France,Olympic Appearance,,2012,,,,Award,Olympic,Appearance,
202339,Eric,Bledsoe,Milwaukee Bucks,All-Defensive Team,1,2018-19,,,East,Award,Kia Motors,KIADT,
202339,Eric,Bledsoe,Milwaukee Bucks,All-Defensive Team,2,2019-20,,,East,Award,Kia Motors,KIADT,
202339,Eric,Bledsoe,Los Angeles Clippers,All-Rookie Team,2,2010-11,,,1610612746,Award,Kia Motors,KIART,
202340,Avery,Bradley,Boston Celtics,All-Defensive Team,2,2012-13,,,1610612738,Award,Kia Motors,KIADT,
202340,Avery,Bradley,Boston Celtics,All-Defensive Team,1,2015-16,,,East,Award,Kia Motors,KIADT,
202348,Jordan,Crawford,Boston Celtics,NBA Player of the Week,,2013-14,,2013-12-09T00:00:00,East,Award,Kia Motors,KIPWK,
202349,Greivis,Vasquez,New Orleans Hornets,NBA Player of the Week,,2012-13,,2012-12-24T00:00:00,West,Award,Kia Motors,KIPWK,
202354,Dexter,Pittman,Miami Heat,NBA Champion,,2011-12,,,,Award,Champion,,
202355,Hassan,Whiteside,Miami Heat,All-Defensive Team,2,2015-16,,,East,Award,Kia Motors,KIADT,
202355,Hassan,Whiteside,Miami Heat,NBA Player of the Week,,2016-17,,2017-03-20T00:00:00,East,Award,Kia Motors,KIPWK,
202357,Nemanja,Bjelica,Golden State Warriors,NBA Champion,,2021-22,,,,Award,Champion,,
202361,Landry,Fields,New York Knicks,All-Rookie Team,1,2010-11,,,1610612752,Award,Kia Motors,KIART,
202361,Landry,Fields,Toronto Raptors,NBA Rookie of the Month,,2010-11,11/01/2010,,East,Award,Kia Motors,KIRMO,
202361,Landry,Fields,Toronto Raptors,NBA Rookie of the Month,,2010-11,12/01/2010,,East,Award,Kia Motors,KIRMO,
1627763,Malcolm,Brogdan,Milwaukee Bucks,All-Rookie Team,1,2016-17,,,East,Award,Kia Motors,KIART,
1627763,Malcolm,Brogdon,Milwaukee Bucks,NBA Rookie of the Year,,2016-17,,,East,Award,Kia Motors,KIROY,(null)
1627763,Malcolm,Brogdon,Boston Celtics,NBA Sixth Man of the Year,,2022-23,,,East,Award,Kia Motors,KISMY,
1627775,Patrick,McCaw,Golden State Warriors,NBA Champion,,2016-17,,,,Award,Champion,,
1627775,Patrick,McCaw,Golden State Warriors,NBA Champion,,2017-18,,,,Award,Champion,,
1627775,Patrick,McCaw,Toronto Raptors,NBA Champion,,2018-19,,,,Award,Champion,,
1627783,Pascal,Siakam,Toronto Raptors,All-NBA,2,2019-20,,,East,Award,Kia Motors,KIANT,
1627783,Pascal,Siakam,Toronto Raptors,NBA Most Improved Player,,2018-19,,,East,Award,Kia Motors,KIMIP,
1627783,Pascal,Siakam,Toronto Raptors,NBA Player of the Week,,2018-19,,2018-11-05T00:00:00,East,Award,Kia Motors,KIPWK,
1627783,Pascal,Siakam,Toronto Raptors,NBA Player of the Week,,2019-20,,2019-10-28T00:00:00,East,Award,Kia Motors,KIPWK,
1627783,Pascal,Siakam,Toronto Raptors,NBA Player of the Week,,2019-20,,2020-01-20T00:00:00,East,Award,Kia Motors,KIPWK,
1627783,Pascal,Siakam,Toronto Raptors,NBA Player of the Week,,2021-22,,2022-01-31T00:00:00,East,Award,Kia Motors,KIPWK,
1627783,Pascal,Siakam,Toronto Raptors,All-NBA,3,2021-22,,,East,Award,Kia Motors,KIANT,
1627783,Pascal,Siakam,Toronto Raptors,NBA Player of the Week,,2022-23,,2022-12-19T00:00:00,East,Award,Kia Motors,KIPWK,
1627783,Pascal,Siakam,,NBA All-Star,,2019-20,,,,Award,All-Star,,
1627783,Pascal,Siakam,,NBA All-Star,,2022-23,,,,Award,All-Star,,
1627783,Pascal,Siakam,Toronto Raptors,NBA Champion,,2018-19,,,,Award,Champion,,
202389,Timofey,Mozgov,Russia,Olympic Bronze Medal,,2012,,,,Award,Olympic,Bronze,
202389,Timofey,Mozgov,Cleveland Cavaliers,NBA Champion,,2015-16,,,,Award,Champion,,
202390,Gary,Neal,San Antonio Spurs,All-Rookie Team,1,2010-11,,,1610612759,Award,Kia Motors,KIART,
202391,Jeremy,Lin,New York Knicks,NBA Player of the Week,,2011-12,,2012-02-06T00:00:00,East,Award,Kia Motors,KIPWK,
202391,Jeremy,Lin,Toronto Raptors,NBA Champion,,2018-19,,,,Award,Champion,,
1627745,Damian,Jones,Golden State Warriors,NBA Champion,,2016-17,,,,Award,Champion,,
1627745,Damian,Jones,Golden State Warriors,NBA Champion,,2017-18,,,,Award,Champion,,
202397,Ish,Smith,Denver Nuggets,NBA Champion,,2022-23,,,,Award,Champion,,
1627812,Yogi,Ferrell,Dallas Mavericks,NBA Rookie of the Month,,2016-17,2/1/2017,1900-01-01T12:00:00,West,Award,Kia Motors,KIRMO,
1627812,Yogi,Ferrell,Dallas Mavericks,All-Rookie Team,2,2016-17,,,West,Award,Kia Motors,KIART,
1627749,Dejounte,Murray,San Antonio Spurs,All-Defensive Team,2,2017-18,,,West,Award,Kia Motors,KIADT,
1627749,Dejounte,Murray,Atlanta Hawks,NBA Player of the Week,,2023-24,,2024-03-25T00:00:00,East,Award,Kia Motors,KIPWK,
1627749,Dejounte,Murray,,NBA All-Star,,2021-22,,,,Award,All-Star,,
1627824,Guerschon,Yabusele,France,Olympic Silver Medal,,2024,,,,Award,Olympic,Silver,
1627750,Jamal,Murray,Denver Nuggets,NBA Rookie of the Month,,2016-17,11/1/2016,1900-01-01T12:00:00,West,Award,Kia Motors,KIRMO,
1627750,Jamal,Murray,Denver Nuggets,All-Rookie Team,2,2016-17,,,West,Award,Kia Motors,KIART,
1627750,Jamal,Murray,Denver Nuggets,NBA Champion,,2022-23,,,,Award,Champion,,
1627832,Fred,VanVleet,Toronto Raptors,NBA Player of the Week,,2021-22,,2022-01-03T00:00:00,East,Award,Kia Motors,KIPWK,
1627832,Fred,VanVleet,,NBA All-Star,,2021-22,,,,Award,All-Star,,
1627832,Fred,VanVleet,Toronto Raptors,NBA Champion,,2018-19,,,,Award,Champion,,
1627755,Tyler,Ulis,Phoenix Suns,NBA Rookie of the Month,,2016-17,4/1/2017,1900-01-01T12:00:00,West,Award,Kia Motors,KIRMO,
1627854,Bryn,Forbes,Milwaukee Bucks,NBA Champion,,2020-21,,,,Award,Champion,,
1627741,Buddy,Hield,New Orleans Pelicans,NBA Rookie of the Month,,2016-17,12/1/2016,1900-01-01T12:00:00,West,Award,Kia Motors,KIRMO,
1627741,Buddy,Hield,Sacramento Kings,NBA Rookie of the Month,,2016-17,3/1/2017,1900-01-01T12:00:00,West,Award,Kia Motors,KIRMO,
1627741,Buddy,Hield,Sacramento Kings,All-Rookie Team,1,2016-17,,,West,Award,Kia Motors,KIART,
1627759,Jaylen,Brown,Boston Celtics,NBA Player of the Week,,2019-20,,2019-12-23T00:00:00,East,Award,Kia Motors,KIPWK,
1627759,Jaylen,Brown,Boston Celtics,NBA Player of the Week,,2019-20,,2020-01-27T00:00:00,East,Award,Kia Motors,KIPWK,
1627759,Jaylen,Brown,Boston Celtics,All-Rookie Team,2,2016-17,,,East,Award,Kia Motors,KIART,
1627759,Jaylen,Brown,Boston Celtics,NBA Player of the Week,,2022-23,,2023-03-20T00:00:00,East,Award,Kia Motors,KIPWK,
1627759,Jaylen,Brown,Boston Celtics,All-NBA,2,2022-23,,,East,Award,Kia Motors,KIANT,
1627759,Jaylen,Brown,Boston Celtics,NBA Player of the Week,,2023-24,,2024-02-26T00:00:00,East,Award,Kia Motors,KIPWK,
1627759,Jaylen,Brown,,NBA All-Star,,2023-24,,,,Award,All-Star,,
1627759,Jaylen,Brown,,NBA All-Star,,2020-21,,,,Award,All-Star,,
1627759,Jaylen,Brown,,NBA All-Star,,2022-23,,,,Award,All-Star,,
1627759,Jaylen,Brown,Boston Celtics,NBA Finals Most Valuable Player,,2023-24,,,,Award,Kia Motors,KFMVP,
1627759,Jaylen,Brown,Boston Celtics,NBA Champion,,2023-24,,,,Award,Champion,,
1627742,Brandon,Ingram,New Orleans Pelicans,NBA Most Improved Player,,2019-20,,,West,Award,Kia Motors,KIMIP,
1627742,Brandon,Ingram,New Orleans Pelicans,NBA Player of the Week,,2019-20,,2019-12-23T00:00:00,West,Award,Kia Motors,KIPWK,
1627742,Brandon,Ingram,New Orleans Pelicans,NBA Player of the Week,,2020-21,,2020-12-22T00:00:00,West,Award,Kia Motors,KIPWK,
1627742,Brandon,Ingram,Los Angeles Lakers,All-Rookie Team,2,2016-17,,,West,Award,Kia Motors,KIART,
1627742,Brandon,Ingram,New Orleans Pelicans,NBA Player of the Week,,2021-22,,2022-01-31T00:00:00,West,Award,Kia Motors,KIPWK,
1627742,Brandon,Ingram,New Orleans Pelicans,NBA Player of the Week,,2022-23,,2023-03-20T00:00:00,West,Award,Kia Motors,KIPWK,
1627742,Brandon,Ingram,,NBA All-Star,,2019-20,,,,Award,All-Star,,
1627936,Alex,Caruso,Chicago Bulls,All-Defensive Team,1,2022-23,,,East,Award,Kia Motors,KIADT,
1627936,Alex,Caruso,Chicago Bulls,All-Defensive Team,2,2023-24,,,East,Award,Kia Motors,KIADT,
1627936,Alex,Caruso,Los Angeles Lakers,NBA Champion,,2019-20,,,,Award,Champion,,
1627780,Gary,Payton II,Golden State Warriors,NBA Champion,,2021-22,,,,Award,Champion,,
1626156,D'Angelo,Russell,Los Angeles Lakers,All-Rookie Team,2,2015-16,,,West,Award,Kia Motors,KIART,
1626156,D'Angelo,Russell,Brooklyn Nets,NBA Player of the Week,,2018-19,,2019-01-14T00:00:00,East,Award,Kia Motors,KIPWK,
1626156,D'Angelo,Russell,,NBA All-Star,,2018-19,,,,Award,All-Star,,
1626157,Karl-Anthony,Towns,Minnesota Timberwolves,All-NBA,3,2017-18,,,West,Award,Kia Motors,KIANT,
1626157,Karl-Anthony,Towns,Minnesota Timberwolves,All-Rookie Team,1,2015-16,,,West,Award,Kia Motors,KIART,
1626157,Karl-Anthony,Towns,Minnesota Timberwolves,NBA Player of the Week,,2015-16,,2016-04-11T00:00:00,West,Award,Kia Motors,KIPWK,
1626157,Karl-Anthony,Towns,Minnesota Timberwolves,NBA Player of the Week,,2016-17,,2017-03-13T00:00:00,West,Award,Kia Motors,KIPWK,
1626157,Karl-Anthony,Towns,Minnesota Timberwolves,NBA Player of the Week,,2017-18,,2017-11-13T00:00:00,West,Award,Kia Motors,KIPWK,
1626157,Karl-Anthony,Towns,Minnesota Timberwolves,NBA Player of the Week,,2019-20,,2019-10-21T00:00:00,West,Award,Kia Motors,KIPWK,
1626157,Karl-Anthony,Towns,Minnesota Timberwolves,NBA Rookie of the Month,,2015-16,1/1/2016,1900-01-01T12:00:00,West,Award,Kia Motors,KIRMO,
1626157,Karl-Anthony,Towns,Minnesota Timberwolves,NBA Rookie of the Month,,2015-16,11/1/2015,1900-01-01T12:00:00,West,Award,Kia Motors,KIRMO,
1626157,Karl-Anthony,Towns,Minnesota Timberwolves,NBA Rookie of the Month,,2015-16,12/1/2015,1900-01-01T12:00:00,West,Award,Kia Motors,KIRMO,
1626157,Karl-Anthony,Towns,Minnesota Timberwolves,NBA Rookie of the Month,,2015-16,2/1/2016,1900-01-01T12:00:00,West,Award,Kia Motors,KIRMO,
1626157,Karl-Anthony,Towns,Minnesota Timberwolves,NBA Rookie of the Month,,2015-16,3/1/2016,1900-01-01T12:00:00,West,Award,Kia Motors,KIRMO,
1626157,Karl-Anthony,Towns,Minnesota Timberwolves,NBA Rookie of the Month,,2015-16,4/1/2016,1900-01-01T12:00:00,West,Award,Kia Motors,KIRMO,
1626157,Karl-Anthony,Towns,Minnesota Timberwolves,NBA Rookie of the Year,,2015-16,,,West,Award,Kia Motors,KIROY,
1626157,Karl-Anthony,Towns,Minnesota Timberwolves,NBA Player of the Week,,2021-22,,2021-12-13T00:00:00,West,Award,Kia Motors,KIPWK,
1626157,Karl-Anthony,Towns,Minnesota Timberwolves,NBA Player of the Week,,2021-22,,2022-02-28T00:00:00,West,Award,Kia Motors,KIPWK,
1626157,Karl-Anthony,Towns,Minnesota Timberwolves,NBA Player of the Week,,2021-22,,2022-03-14T00:00:00,West,Award,Kia Motors,KIPWK,
1626157,Karl-Anthony,Towns,Minnesota Timberwolves,All-NBA,3,2021-22,,,West,Award,Kia Motors,KIANT,
1626157,Karl-Anthony,Towns,,NBA All-Star,,2021-22,,,,Award,All-Star,,
1626157,Karl-Anthony,Towns,,NBA All-Star,,2017-18,,,,Award,All-Star,,
1626157,Karl-Anthony,Towns,,NBA All-Star,,2018-19,,,,Award,All-Star,,
1626157,Karl-Anthony,Towns,,NBA All-Star,,2023-24,,,,Award,All-Star,,
1626159,Justice,Winslow,Miami Heat,All-Rookie Team,2,2015-16,,,East,Award,Kia Motors,KIART,
1626161,Willie,Cauley-Stein,Sacramento Kings,All-Rookie Team,2,2015-16,,,West,Award,Kia Motors,KIART,
1626164,Devin,Booker,Phoenix Suns,All-Rookie Team,1,2015-16,,,West,Award,Kia Motors,KIART,
1626164,Devin,Booker,Phoenix Suns,NBA Player of the Month,,2020-21,2/1/2021,,West,Award,Kia Motors,KIPMO,
1626164,Devin,Booker,Phoenix Suns,NBA Player of the Week,,2020-21,,2021-02-08T00:00:00,West,Award,Kia Motors,KIPWK,
1626164,Devin,Booker,Phoenix Suns,NBA Player of the Week,,2020-21,,2021-02-22T00:00:00,West,Award,Kia Motors,KIPWK,
1626164,Devin,Booker,Phoenix Suns,NBA Player of the Week,,2020-21,,2021-04-26T00:00:00,West,Award,Kia Motors,KIPWK,
1626164,Devin,Booker,Phoenix Suns,NBA Player of the Week,,2021-22,,2021-11-22T00:00:00,West,Award,Kia Motors,KIPWK,
1626164,Devin,Booker,Phoenix Suns,NBA Player of the Week,,2021-22,,2022-01-10T00:00:00,West,Award,Kia Motors,KIPWK,
1626164,Devin,Booker,Phoenix Suns,NBA Player of the Week,,2021-22,,2022-03-21T00:00:00,West,Award,Kia Motors,KIPWK,
1626164,Devin,Booker,Phoenix Suns,All-NBA,1,2021-22,,,West,Award,Kia Motors,KIANT,
1626164,Devin,Booker,Phoenix Suns,NBA Player of the Week,,2022-23,,2023-02-27T00:00:00,West,Award,Kia Motors,KIPWK,
1626164,Devin,Booker,Phoenix Suns,NBA Player of the Month,,2022-23,11/1/2022,,West,Award,Kia Motors,KIPMO,
1626164,Devin,Booker,Phoenix Suns,NBA Player of the Week,,2023-24,,2023-11-20T00:00:00,West,Award,Kia Motors,KIPWK,
1626164,Devin,Booker,Phoenix Suns,NBA Player of the Week,,2023-24,,2024-01-22T00:00:00,West,Award,Kia Motors,KIPWK,
1626164,Devin,Booker,Phoenix Suns,NBA Player of the Month,,2023-24,1/1/2024,,West,Award,Kia Motors,KIPMO,
1626164,Devin,Booker,USA,Olympic Gold Medal,,2020,,,,Award,Olympic,Gold,
1626164,Devin,Booker,Phoenix Suns,All-NBA,3,2023-24,,,West,Award,Kia Motors,KIANT,
1626164,Devin,Booker,,NBA All-Star,,2020-21,,,,Award,All-Star,,
1626164,Devin,Booker,,NBA All-Star,,2021-22,,,,Award,All-Star,,
1626164,Devin,Booker,,NBA All-Star,,2019-20,,,,Award,All-Star,,
1626164,Devin,Booker,,NBA All-Star,,2023-24,,,,Award,All-Star,,
1626164,Devin,Booker,USA,Olympic Gold Medal,,2024,,,,Award,Olympic,Gold,
1626164,Devin,Booker,Phoenix Suns,NBA Player of the Week,,2024-25,,2024-10-28T00:00:00,West,Award,Kia Motors,KIPWK,
1626167,Myles,Turner,Indiana Pacers,All-Rookie Team,2,2015-16,,,East,Award,Kia Motors,KIART,
1626167,Myles,Turner,Indiana Pacers,NBA Rookie of the Month,,2015-16,2/1/2016,1900-01-01T12:00:00,East,Award,Kia Motors,KIRMO,
1626171,Bobby,Portis,Milwaukee Bucks,NBA Player of the Week,,2022-23,,2023-04-03T00:00:00,East,Award,Kia Motors,KIPWK,
1626171,Bobby,Portis,Milwaukee Bucks,NBA Champion,,2020-21,,,,Award,Champion,,
1626172,Kevon,Looney,Golden State Warriors,NBA Champion,,2017-18,,,,Award,Champion,,
1626172,Kevon,Looney,Golden State Warriors,NBA Champion,,2021-22,,,,Award,Champion,,
202681,Kyrie,Irving,Cleveland Cavaliers,All-NBA,3,2014-15,,,1610612739,Award,Kia Motors,KIANT,
202681,Kyrie,Irving,Boston Celtics,All-NBA,2,2018-19,,,East,Award,Kia Motors,KIANT,
202681,Kyrie,Irving,Brooklyn Nets,All-NBA,3,2020-21,,,East,Award,Kia Motors,KIANT,
202681,Kyrie,Irving,Cleveland Cavaliers,All-Rookie Team,1,2011-12,,,1610612739,Award,Kia Motors,KIART,
202681,Kyrie,Irving,Cleveland Cavaliers,NBA All-Star Most Valuable Player,,2013-14,,,,Award,Kia Motors,KAMVP,
202681,Kyrie,Irving,Cleveland Cavaliers,NBA Player of the Week,,2012-13,,2013-01-21T00:00:00,East,Award,Kia Motors,KIPWK,
202681,Kyrie,Irving,Cleveland Cavaliers,NBA Player of the Week,,2013-14,,2013-12-16T00:00:00,East,Award,Kia Motors,KIPWK,
202681,Kyrie,Irving,Cleveland Cavaliers,NBA Player of the Week,,2014-15,,2015-01-26T00:00:00,East,Award,Kia Motors,KIPWK,
202681,Kyrie,Irving,Cleveland Cavaliers,NBA Player of the Week,,2014-15,,2015-03-09T00:00:00,East,Award,Kia Motors,KIPWK,
202681,Kyrie,Irving,Cleveland Cavaliers,NBA Rookie of the Month,,2011-12,01/01/2012,,East,Award,Kia Motors,KIRMO,
202681,Kyrie,Irving,Cleveland Cavaliers,NBA Rookie of the Month,,2011-12,02/01/2012,,East,Award,Kia Motors,KIRMO,
202681,Kyrie,Irving,Cleveland Cavaliers,NBA Rookie of the Month,,2011-12,03/01/2012,,East,Award,Kia Motors,KIRMO,
202681,Kyrie,Irving,Cleveland Cavaliers,NBA Rookie of the Year,,2011-12,,,,Award,Kia Motors,KIROY,
202681,Kyrie,Irving,USA,Olympic Gold Medal,,2016,,,,Award,Olympic,Gold,
202681,Kyrie,Irving,Dallas Mavericks,NBA Player of the Week,,2023-24,,2024-04-01T00:00:00,West,Award,Kia Motors,KIPWK,
202681,Kyrie,Irving,,NBA All-Star,,2012-13,,,,Award,All-Star,,
202681,Kyrie,Irving,,NBA All-Star,,2013-14,,,,Award,All-Star,,
202681,Kyrie,Irving,,NBA All-Star,,2014-15,,,,Award,All-Star,,
202681,Kyrie,Irving,,NBA All-Star,,2016-17,,,,Award,All-Star,,
202681,Kyrie,Irving,,NBA All-Star,,2017-18,,,,Award,All-Star,,
202681,Kyrie,Irving,,NBA All-Star,,2020-21,,,,Award,All-Star,,
202681,Kyrie,Irving,,NBA All-Star,,2018-19,,,,Award,All-Star,,
202681,Kyrie,Irving,,NBA All-Star,,2022-23,,,,Award,All-Star,,
202681,Kyrie,Irving,Cleveland Cavaliers,NBA Champion,,2015-16,,,,Award,Champion,,
202682,Derrick,Williams,Minnesota Timberwolves,All-Rookie Team,2,2011-12,,,1610612750,Award,Kia Motors,KIART,
202684,Tristan,Thompson,Cleveland Cavaliers,All-Rookie Team,2,2011-12,,,1610612739,Award,Kia Motors,KIART,
202684,Tristan,Thompson,Cleveland Cavaliers,NBA Champion,,2015-16,,,,Award,Champion,,
202685,Jonas,Valanciunas,Toronto Raptors,All-Rookie Team,2,2012-13,,,1610612761,Award,Kia Motors,KIART,
202685,Jonas,Valanciunas,Toronto Raptors,NBA Rookie of the Month,,2012-13,03/01/2013,,East,Award,Kia Motors,KIRMO,
202685,Jonas,Valanciunas,Lithuania,Olympic Appearance,,2012,,,,Award,Olympic,Appearance,
202688,Brandon,Knight,Detroit Pistons,All-Rookie Team,1,2011-12,,,1610612765,Award,Kia Motors,KIART,
202689,Kemba,Walker,Charlotte Hornets,All-NBA,3,2018-19,,,East,Award,Kia Motors,KIANT,
202689,Kemba,Walker,Charlotte Bobcats,NBA Player of the Week,,2013-14,,2014-02-24T00:00:00,East,Award,Kia Motors,KIPWK,
202689,Kemba,Walker,Charlotte Bobcats,NBA Player of the Week,,2014-15,,2015-01-05T00:00:00,East,Award,Kia Motors,KIPWK,
202689,Kemba,Walker,Charlotte Hornets,NBA Player of the Week,,2015-16,,2016-01-25T00:00:00,East,Award,Kia Motors,KIPWK,
202689,Kemba,Walker,Charlotte Hornets,NBA Player of the Week,,2015-16,,2016-03-14T00:00:00,East,Award,Kia Motors,KIPWK,
202689,Kemba,Walker,Charlotte Hornets,NBA Player of the Week,,2016-17,,2017-03-06T00:00:00,East,Award,Kia Motors,KIPWK,
202689,Kemba,Walker,Charlotte Hornets,NBA Player of the Week,,2018-19,,2018-10-15T00:00:00,East,Award,Kia Motors,KIPWK,
202689,Kemba,Walker,Charlotte Hornets,NBA Player of the Week,,2018-19,,2019-04-01T00:00:00,East,Award,Kia Motors,KIPWK,
202689,Kemba,Walker,Charlotte Hornets,NBA Sportsmanship,,2016-17,,,,Award,Kia Motors,KSPRT,
202689,Kemba,Walker,New York Knicks,NBA Player of the Week,,2021-22,,2021-12-20T00:00:00,East,Award,Kia Motors,KIPWK,
202689,Kemba,Walker,,NBA All-Star,,2016-17,,,,Award,All-Star,,
202689,Kemba,Walker,,NBA All-Star,,2017-18,,,,Award,All-Star,,
202689,Kemba,Walker,,NBA All-Star,,2018-19,,,,Award,All-Star,,
202689,Kemba,Walker,,NBA All-Star,,2019-20,,,,Award,All-Star,,
202691,Klay,Thompson,Golden State Warriors,All-Defensive Team,2,2018-19,,,West,Award,Kia Motors,KIADT,
202691,Klay,Thompson,Golden State Warriors,All-NBA,3,2014-15,,,1610612744,Award,Kia Motors,KIANT,
202691,Klay,Thompson,Golden State Warriors,All-NBA,3,2015-16,,,West,Award,Kia Motors,KIANT,
202691,Klay,Thompson,Golden State Warriors,All-Rookie Team,1,2011-12,,,1610612744,Award,Kia Motors,KIART,
202691,Klay,Thompson,Golden State Warriors,NBA Player of the Week,,2014-15,,2014-10-28T00:00:00,West,Award,Kia Motors,KIPWK,
202691,Klay,Thompson,Golden State Warriors,NBA Player of the Week,,2014-15,,2015-01-05T00:00:00,West,Award,Kia Motors,KIPWK,
202691,Klay,Thompson,Golden State Warriors,NBA Player of the Week,,2014-15,,2015-01-17T00:00:00,West,Award,Kia Motors,KIPWK,
202691,Klay,Thompson,Golden State Warriors,NBA Player of the Week,,2015-16,,2016-03-28T00:00:00,West,Award,Kia Motors,KIPWK,
202691,Klay,Thompson,USA,Olympic Gold Medal,,2016,,,,Award,Olympic,Gold,
202691,Klay,Thompson,,NBA All-Star,,2014-15,,,,Award,All-Star,,
202691,Klay,Thompson,,NBA All-Star,,2015-16,,,,Award,All-Star,,
202691,Klay,Thompson,,NBA All-Star,,2016-17,,,,Award,All-Star,,
202691,Klay,Thompson,,NBA All-Star,,2017-18,,,,Award,All-Star,,
202691,Klay,Thompson,,NBA All-Star,,2018-19,,,,Award,All-Star,,
202691,Klay,Thompson,Golden State Warriors,NBA Champion,,2014-15,,,,Award,Champion,,
202691,Klay,Thompson,Golden State Warriors,NBA Champion,,2016-17,,,,Award,Champion,,
202691,Klay,Thompson,Golden State Warriors,NBA Champion,,2017-18,,,,Award,Champion,,
202691,Klay,Thompson,Golden State Warriors,NBA Champion,,2021-22,,,,Award,Champion,,
202693,Markieff,Morris,Phoenix Suns,NBA Player of the Week,,2013-14,,2013-11-10T00:00:00,West,Award,Kia Motors,KIPWK,
202693,Markieff,Morris,Los Angeles Lakers,NBA Champion,,2019-20,,,,Award,Champion,,
202695,Kawhi,Leonard,San Antonio Spurs,All-Defensive Team,2,2013-14,,,1610612759,Award,Kia Motors,KIADT,
202695,Kawhi,Leonard,San Antonio Spurs,All-Defensive Team,1,2014-15,,,1610612759,Award,Kia Motors,KIADT,
202695,Kawhi,Leonard,San Antonio Spurs,All-Defensive Team,1,2015-16,,,West,Award,Kia Motors,KIADT,
202695,Kawhi,Leonard,Toronto Raptors,All-Defensive Team,2,2018-19,,,East,Award,Kia Motors,KIADT,
202695,Kawhi,Leonard,LA Clippers,All-Defensive Team,2,2019-20,,,West,Award,Kia Motors,KIADT,
202695,Kawhi,Leonard,LA Clippers,All-Defensive Team,2,2020-21,,,West,Award,Kia Motors,KIADT,
202695,Kawhi,Leonard,San Antonio Spurs,All-NBA,1,2015-16,,,West,Award,Kia Motors,KIANT,
202695,Kawhi,Leonard,San Antonio Spurs,All-NBA,1,2016-17,,,West,Award,Kia Motors,KIANT,
202695,Kawhi,Leonard,Toronto Raptors,All-NBA,2,2018-19,,,East,Award,Kia Motors,KIANT,
202695,Kawhi,Leonard,LA Clippers,All-NBA,2,2019-20,,,West,Award,Kia Motors,KIANT,
202695,Kawhi,Leonard,LA Clippers,All-NBA,1,2020-21,,,West,Award,Kia Motors,KIANT,
202695,Kawhi,Leonard,San Antonio Spurs,All-Rookie Team,1,2011-12,,,1610612759,Award,Kia Motors,KIART,
202695,Kawhi,Leonard,San Antonio Spurs,NBA Defensive Player of the Year,,2014-15,,,,Award,Kia Motors,KDPYR,
202695,Kawhi,Leonard,San Antonio Spurs,NBA Defensive Player of the Year,,2015-16,,,West,Award,Kia Motors,KDPYR,
202695,Kawhi,Leonard,San Antonio Spurs,NBA Finals Most Valuable Player,,2013-14,,,,Award,Kia Motors,KFMVP,
202695,Kawhi,Leonard,Toronto Raptors,NBA Finals Most Valuable Player,,2018-19,,,,Award,Kia Motors,KFMVP,
202695,Kawhi,Leonard,San Antonio Spurs,NBA Player of the Week,,2015-16,,2015-12-21T00:00:00,West,Award,Kia Motors,KIPWK,
202695,Kawhi,Leonard,San Antonio Spurs,NBA Player of the Week,,2015-16,,2016-03-07T00:00:00,West,Award,Kia Motors,KIPWK,
202695,Kawhi,Leonard,San Antonio Spurs,NBA Player of the Week,,2016-17,,2017-01-23T00:00:00,West,Award,Kia Motors,KIPWK,
202695,Kawhi,Leonard,San Antonio Spurs,NBA Player of the Week,,2016-17,,2017-03-06T00:00:00,West,Award,Kia Motors,KIPWK,
202695,Kawhi,Leonard,Toronto Raptors,NBA Player of the Week,,2018-19,,2018-11-26T00:00:00,East,Award,Kia Motors,KIPWK,
202695,Kawhi,Leonard,Toronto Raptors,NBA Player of the Week,,2018-19,,2019-01-07T00:00:00,East,Award,Kia Motors,KIPWK,
202695,Kawhi,Leonard,LA Clippers,NBA Player of the Week,,2019-20,,2020-01-13T00:00:00,West,Award,Kia Motors,KIPWK,
202695,Kawhi,Leonard,San Antonio Spurs,All-Defensive Team,1,2016-17,,,West,Award,Kia Motors,KIADT,
202695,Kawhi,Leonard,LA Clippers,NBA All-Star Most Valuable Player,,2019-20,,,,Award,Kia Motors,KAMVP,
202695,Kawhi,Leonard,LA Clippers,NBA Player of the Week,,2022-23,,2023-04-03T00:00:00,West,Award,Kia Motors,KIPWK,
202695,Kawhi,Leonard,Los Angeles Clippers,NBA Player of the Week,,2023-24,,2024-01-29T00:00:00,West,Award,Kia Motors,KIPWK,
202695,Kawhi,Leonard,LA Clippers,All-NBA,2,2023-24,,,West,Award,Kia Motors,KIANT,
202695,Kawhi,Leonard,,NBA All-Star,,2020-21,,,,Award,All-Star,,
202695,Kawhi,Leonard,,NBA All-Star,,2015-16,,,,Award,All-Star,,
202695,Kawhi,Leonard,,NBA All-Star,,2016-17,,,,Award,All-Star,,
202695,Kawhi,Leonard,,NBA All-Star,,2018-19,,,,Award,All-Star,,
202695,Kawhi,Leonard,,NBA All-Star,,2019-20,,,,Award,All-Star,,
202695,Kawhi,Leonard,,NBA All-Star,,2023-24,,,,Award,All-Star,,
202695,Kawhi,Leonard,San Antonio Spurs,NBA Champion,,2013-14,,,,Award,Champion,,
202695,Kawhi,Leonard,Toronto Raptors,NBA Champion,,2018-19,,,,Award,Champion,,
202696,Nikola,Vucevic,Orlando Magic,NBA Player of the Week,,2013-14,,2014-03-31T00:00:00,East,Award,Kia Motors,KIPWK,
202696,Nikola,Vucevic,Orlando Magic,NBA Player of the Week,,2018-19,,2018-11-12T00:00:00,East,Award,Kia Motors,KIPWK,
202696,Nikola,Vucevic,Orlando Magic,NBA Player of the Week,,2019-20,,2019-11-11T00:00:00,East,Award,Kia Motors,KIPWK,
202696,Nikola,Vucevic,,NBA All-Star,,2018-19,,,,Award,All-Star,,
202696,Nikola,Vucevic,,NBA All-Star,,2020-21,,,,Award,All-Star,,
202697,Iman,Shumpert,New York Knicks,All-Rookie Team,1,2011-12,,,1610612752,Award,Kia Motors,KIART,
202697,Iman,Shumpert,Cleveland Cavaliers,NBA Champion,,2015-16,,,,Award,Champion,,
202699,Tobias,Harris,Los Angeles Clippers,NBA Player of the Month,,2018-19,10/01/2018,,West,Award,Kia Motors,KIPMO,
202699,Tobias,Harris,Detroit Pistons,NBA Player of the Week,,2017-18,,2017-11-06T00:00:00,East,Award,Kia Motors,KIPWK,
202699,Tobias,Harris,Los Angeles Clippers,NBA Player of the Week,,2018-19,,2018-11-19T00:00:00,West,Award,Kia Motors,KIPWK,
202699,Tobias,Harris,Philadelphia 76ers,NBA Player of the Week,,2020-21,,2020-12-28T00:00:00,East,Award,Kia Motors,KIPWK,
202702,Kenneth,Faried,Denver Nuggets,All-Rookie Team,1,2011-12,,,1610612743,Award,Kia Motors,KIART,
202702,Kenneth,Faried,Denver Nuggets,J. Walter Kennedy Citizenship,,2012-13,,,,Award,Kia Motors,KIWKC,
202702,Kenneth,Faried,Denver Nuggets,NBA Player of the Week,,2012-13,,2012-11-05T00:00:00,West,Award,Kia Motors,KIPWK,
202702,Kenneth,Faried,Denver Nuggets,NBA Rookie of the Month,,2011-12,04/01/2012,,West,Award,Kia Motors,KIRMO,
202703, Nikola,Miroti?,,Olympic Bronze Medal,,2016,,,,Award,Olympic,Bronze,
202703,Nikola,Mirotic,Chicago Bulls,All-Rookie Team,1,2014-15,,,1610612741,Award,Kia Motors,KIART,
202703,Nikola,Mirotic,Chicago Bulls,NBA Rookie of the Month,,2014-15,12/1/2014,,East,Award,Kia Motors,KIRMO,
202703,Nikola,Mirotic,Chicago Bulls,NBA Rookie of the Month,,2014-15,3/1/2015,,East,Award,Kia Motors,KIRMO,
202704,Reggie,Jackson,Detroit Pistons,NBA Player of the Week,,2015-16,,2015-12-07T00:00:00,East,Award,Kia Motors,KIPWK,
202704,Reggie,Jackson,Detroit Pistons,NBA Player of the Week,,2015-16,,2015-12-21T00:00:00,East,Award,Kia Motors,KIPWK,
202704,Reggie,Jackson,Denver Nuggets,NBA Champion,,2022-23,,,,Award,Champion,,
202705,MarShon,Brooks,Brooklyn Nets,All-Rookie Team,2,2011-12,,,1610612751,Award,Kia Motors,KIART,
202708,Norris,Cole,Miami Heat,NBA Champion,,2011-12,,,,Award,Champion,,
202708,Norris,Cole,Miami Heat,NBA Champion,,2012-13,,,,Award,Champion,,
202709,Cory,Joseph,San Antonio Spurs,NBA Champion,,2013-14,,,,Award,Champion,,
202710,Jimmy,Butler,Chicago Bulls,All-Defensive Team,2,2013-14,,,1610612741,Award,Kia Motors,KIADT,
202710,Jimmy,Butler,Chicago Bulls,All-Defensive Team,2,2014-15,,,1610612741,Award,Kia Motors,KIADT,
202710,Jimmy,Butler,Chicago Bulls,All-Defensive Team,2,2015-16,,,East,Award,Kia Motors,KIADT,
202710,Jimmy,Butler,Minnesota Timberwolves,All-Defensive Team,2,2017-18,,,West,Award,Kia Motors,KIADT,
202710,Jimmy,Butler,Miami Heat,All-Defensive Team,2,2020-21,,,East,Award,Kia Motors,KIADT,
202710,Jimmy,Butler,Chicago Bulls,All-NBA,3,2016-17,,,East,Award,Kia Motors,KIANT,
202710,Jimmy,Butler,Minnesota Timberwolves,All-NBA,3,2017-18,,,West,Award,Kia Motors,KIANT,
202710,Jimmy,Butler,Miami Heat,All-NBA,3,2019-20,,,East,Award,Kia Motors,KIANT,
202710,Jimmy,Butler,Miami Heat,All-NBA,3,2020-21,,,East,Award,Kia Motors,KIANT,
202710,Jimmy,Butler,Chicago Bulls,NBA Most Improved Player,,2014-15,,,,Award,Kia Motors,KIMIP,
202710,Jimmy,Butler,Chicago Bulls,NBA Player of the Month,,2014-15,11/1/2014,,East,Award,Kia Motors,KIPMO,
202710,Jimmy,Butler,Chicago Bulls,NBA Player of the Week,,2014-15,,2014-12-22T00:00:00,East,Award,Kia Motors,KIPWK,
202710,Jimmy,Butler,Chicago Bulls,NBA Player of the Week,,2016-17,,2016-11-21T00:00:00,East,Award,Kia Motors,KIPWK,
202710,Jimmy,Butler,Chicago Bulls,NBA Player of the Week,,2016-17,,2017-01-09T00:00:00,East,Award,Kia Motors,KIPWK,
202710,Jimmy,Butler,Chicago Bulls,NBA Player of the Week,,2016-17,,2017-04-03T00:00:00,East,Award,Kia Motors,KIPWK,
202710,Jimmy,Butler,Miami Heat,NBA Player of the Week,,2019-20,,2019-12-02T00:00:00,East,Award,Kia Motors,KIPWK,
202710,Jimmy,Butler,Miami Heat,NBA Player of the Week,,2021-22,,2021-10-25T00:00:00,East,Award,Kia Motors,KIPWK,
202710,Jimmy,Butler,Miami Heat,All-NBA,2,2022-23,,,East,Award,Kia Motors,KIANT,
202710,Jimmy,Butler,USA,Olympic Gold Medal,,2016,,,,Award,Olympic,Gold,
202710,Jimmy,Butler,,NBA All-Star,,2014-15,,,,Award,All-Star,,
202710,Jimmy,Butler,,NBA All-Star,,2015-16,,,,Award,All-Star,,
202710,Jimmy,Butler,,NBA All-Star,,2016-17,,,,Award,All-Star,,
202710,Jimmy,Butler,,NBA All-Star,,2019-20,,,,Award,All-Star,,
202710,Jimmy,Butler,,NBA All-Star,,2017-18,,,,Award,All-Star,,
202710,Jimmy,Butler,,NBA All-Star,,2021-22,,,,Award,All-Star,,
202711,Bojan,Bogdanovic,Brooklyn Nets,All-Rookie Team,2,2014-15,,,1610612751,Award,Kia Motors,KIART,
202711,Bojan,Bogdanovic,Indiana Pacers,NBA Player of the Week,,2018-19,,2019-02-04T00:00:00,East,Award,Kia Motors,KIPWK,
202711,Bojan,Bogdanovic,Utah Jazz,NBA Player of the Week,,2020-21,,2021-05-03T00:00:00,West,Award,Kia Motors,KIPWK,
202711,Bojan,Bogdanovic,Brooklyn Nets,NBA Rookie of the Month,,2014-15,4/1/2015,,East,Award,Kia Motors,KIRMO,
202713,Kyle,Singler,Detroit Pistons,All-Rookie Team,2,2012-13,,,1610612765,Award,Kia Motors,KIART,
202718,Chandler,Parsons,Houston Rockets,All-Rookie Team,2,2011-12,,,1610612745,Award,Kia Motors,KIART,
202738,Isaiah,Thomas,Boston Celtics,All-NBA,2,2016-17,,,East,Award,Kia Motors,KIANT,
202738,Isaiah,Thomas,Sacramento Kings,All-Rookie Team,2,2011-12,,,1610612758,Award,Kia Motors,KIART,
202738,Isaiah,Thomas,Boston Celtics,NBA Player of the Month,,2016-17,1/1/2017,,East,Award,Kia Motors,KIPMO,
202738,Isaiah,Thomas,Boston Celtics,NBA Player of the Week,,2014-15,,2015-02-23T00:00:00,East,Award,Kia Motors,KIPWK,
202738,Isaiah,Thomas,Boston Celtics,NBA Player of the Week,,2014-15,,2015-04-06T00:00:00,East,Award,Kia Motors,KIPWK,
202738,Isaiah,Thomas,Boston Celtics,NBA Player of the Week,,2015-16,,2016-02-08T00:00:00,East,Award,Kia Motors,KIPWK,
202738,Isaiah,Thomas,Boston Celtics,NBA Player of the Week,,2016-17,,2016-12-26T00:00:00,East,Award,Kia Motors,KIPWK,
202738,Isaiah,Thomas,Boston Celtics,NBA Player of the Week,,2016-17,,2017-02-06T00:00:00,East,Award,Kia Motors,KIPWK,
202738,Isaiah,Thomas,Sacramento Kings,NBA Rookie of the Month,,2011-12,02/01/2012,,West,Award,Kia Motors,KIRMO,
202738,Isaiah,Thomas,Sacramento Kings,NBA Rookie of the Month,,2011-12,03/01/2012,,West,Award,Kia Motors,KIRMO,
202738,Isaiah,Thomas,,NBA All-Star,,2015-16,,,,Award,All-Star,,
202738,Isaiah,Thomas,,NBA All-Star,,2016-17,,,,Award,All-Star,,
1627814,Damion,Lee,Golden State Warriors,NBA Champion,,2021-22,,,,Award,Champion,,
1626188,Quinn,Cook,Golden State Warriors,NBA Champion,,2017-18,,,,Award,Champion,,
1626188,Quinn,Cook,Los Angeles Lakers,NBA Champion,,2019-20,,,,Award,Champion,,
1626195, Willy,Hernangómez,,Olympic Bronze Medal,,2016,,,,Award,Olympic,Bronze,
1626195,Willy,Hernangomez,New York Knicks,NBA Rookie of the Month,,2016-17,4/1/2017,1900-01-01T12:00:00,East,Award,Kia Motors,KIRMO,
1626195,Willy,Hernangomez,New York Knicks,All-Rookie Team,1,2016-17,,,East,Award,Kia Motors,KIART,
1626196,Josh,Richardson,Philadelphia 76ers,NBA Player of the Week,,2019-20,,2020-01-06T00:00:00,East,Award,Kia Motors,KIPWK,
1626196,Josh,Richardson,Miami Heat,NBA Rookie of the Month,,2015-16,3/1/2016,1900-01-01T12:00:00,East,Award,Kia Motors,KIRMO,
1631099,Keegan,Murray,Sacramento Kings,NBA Rookie of the Month,,2022-23,1/1/2023,,West,Award,Kia Motors,KIRMO,
1631099,Keegan,Murray,Sacramento Kings,NBA Rookie of the Month,,2022-23,12/1/2022,,West,Award,Kia Motors,KIRMO,
1631099,Keegan,Murray,Sacramento Kings,All-Rookie Team,1,2022-23,,,West,Award,Kia Motors,KIART,
1631106,Tari,Eason,Houston Rockets,All-Rookie Team,2,2022-23,,,West,Award,Kia Motors,KIART,
1631107,Nikola,Jovic,Serbia,Olympic Bronze Medal,,2024,,,,Award,Olympic,Silver,
1631110,Jeremy,Sochan,San Antonio Spurs,All-Rookie Team,2,2022-23,,,West,Award,Kia Motors,KIART,
1628366,Lonzo,Ball,Los Angeles Lakers,All-Rookie Team,2,2017-18,,,West,Award,Kia Motors,KIART,
1628367,Josh,Jackson,Phoenix Suns,All-Rookie Team,2,2017-18,,,West,Award,Kia Motors,KIART,
1628368,De'Aaron,Fox,Sacramento Kings,NBA Player of the Week,,2020-21,,2021-02-01T00:00:00,West,Award,Kia Motors,KIPWK,
1628368,De'Aaron,Fox,Sacramento Kings,NBA Player of the Week,,2020-21,,2021-03-22T00:00:00,West,Award,Kia Motors,KIPWK,
1628368,De'Aaron,Fox,Sacramento Kings,NBA Player of the Week,,2022-23,,2022-11-14T00:00:00,West,Award,Kia Motors,KIPWK,
1628368,De'Aaron,Fox,Sacramento Kings,NBA Clutch Player of the Year,,2022-23,,,West,Award,Kia Motors,KIMIP,
1628368,De'Aaron,Fox,Sacramento Kings,All-NBA,3,2022-23,,,West,Award,Kia Motors,KIANT,
1628368,De'Aaron,Fox,Sacramento Kings,NBA Player of the Week,,2023-24,,2023-11-13T00:00:00,West,Award,Kia Motors,KIPWK,
1628368,De'Aaron,Fox,Sacramento Kings,NBA Player of the Week,,2023-24,,2023-11-27T00:00:00,West,Award,Kia Motors,KIPWK,
1628368,De'Aaron,Fox,,NBA All-Star,,2022-23,,,,Award,All-Star,,
1628368,De'Aaron,Fox,Sacramento Kings,NBA Player of the Week,,2024-25,,2024-11-11T00:00:00,West,Award,Kia Motors,KIPWK,
1628369,Jayson,Tatum,Boston Celtics,All-Rookie Team,1,2017-18,,,East,Award,Kia Motors,KIART,
1628369,Jayson,Tatum,Boston Celtics,All-NBA,3,2019-20,,,East,Award,Kia Motors,KIANT,
1628369,Jayson,Tatum,Boston Celtics,NBA Player of the Month,,2019-20,2/1/2020,,East,Award,Kia Motors,KIPMO,
1628369,Jayson,Tatum,Boston Celtics,NBA Player of the Week,,2019-20,,2020-02-03T00:00:00,East,Award,Kia Motors,KIPWK,
1628369,Jayson,Tatum,Boston Celtics,NBA Player of the Week,,2020-21,,2021-01-04T00:00:00,East,Award,Kia Motors,KIPWK,
1628369,Jayson,Tatum,Boston Celtics,NBA Player of the Week,,2020-21,,2021-04-05T00:00:00,East,Award,Kia Motors,KIPWK,
1628369,Jayson,Tatum,Boston Celtics,NBA Player of the Week,,2020-21,,2021-04-26T00:00:00,East,Award,Kia Motors,KIPWK,
1628369,Jayson,Tatum,Boston Celtics,NBA Rookie of the Month,,2017-18,2/1/2018,1900-01-01T12:00:00,East,Award,Kia Motors,KIRMO,
1628369,Jayson,Tatum,Boston Celtics,NBA Player of the Week,,2021-22,,2021-12-13T00:00:00,East,Award,Kia Motors,KIPWK,
1628369,Jayson,Tatum,Boston Celtics,NBA Player of the Week,,2021-22,,2022-02-28T00:00:00,East,Award,Kia Motors,KIPWK,
1628369,Jayson,Tatum,Boston Celtics,NBA Player of the Week,,2021-22,,2022-03-14T00:00:00,East,Award,Kia Motors,KIPWK,
1628369,Jayson,Tatum,Boston Celtics,NBA Player of the Week,,2021-22,,2022-03-21T00:00:00,East,Award,Kia Motors,KIPWK,
1628369,Jayson,Tatum,Boston Celtics,All-NBA,1,2021-22,,,East,Award,Kia Motors,KIANT,
1628369,Jayson,Tatum,Boston Celtics,NBA Player of the Week,,2022-23,,2022-10-17T00:00:00,East,Award,Kia Motors,KIPWK,
1628369,Jayson,Tatum,Boston Celtics,NBA Player of the Month,,2022-23,11/1/2022,,East,Award,Kia Motors,KIPMO,
1628369,Jayson,Tatum,Boston Celtics,All-NBA,1,2022-23,,,East,Award,Kia Motors,KIANT,
1628369,Jayson,Tatum,Boston Celtics,NBA All-Star Most Valuable Player,,2022-23,,,,Award,Kia Motors,KAMVP,
1628369,Jayson,Tatum,Boston Celtics,NBA Player of the Week,,2023-24,,2023-10-30T00:00:00,East,Award,Kia Motors,KIPWK,
1628369,Jayson,Tatum,Boston Celtics,NBA Player of the Month,,2023-24,11/1/2023,,East,Award,Kia Motors,KIPMO,
1628369,Jayson,Tatum,Boston Celtics,NBA Player of the Month,,2023-24,2/1/2024,,East,Award,Kia Motors,KIPMO,
1628369,Jayson,Tatum,USA,Olympic Gold Medal,,2020,,,,Award,Olympic,Gold,
1628369,Jayson,Tatum,Boston Celtics,All-NBA,1,2023-24,,,East,Award,Kia Motors,KIANT,
1628369,Jayson,Tatum,,NBA All-Star,,2020-21,,,,Award,All-Star,,
1628369,Jayson,Tatum,,NBA All-Star,,2021-22,,,,Award,All-Star,,
1628369,Jayson,Tatum,,NBA All-Star,,2022-23,,,,Award,All-Star,,
1628369,Jayson,Tatum,,NBA All-Star,,2023-24,,,,Award,All-Star,,
1628369,Jayson,Tatum,,NBA All-Star,,2019-20,,,,Award,All-Star,,
1628369,Jayson,Tatum,Boston Celtics,NBA Champion,,2023-24,,,,Award,Champion,,
1628369,Jayson,Tatum,USA,Olympic Gold Medal,,2024,,,,Award,Olympic,Gold,
1628369,Jayson,Tatum,Boston Celtics,NBA Player of the Week,,2024-25,,2024-10-21T00:00:00,East,Award,Kia Motors,KIPWK,
1628369,Jayson,Tatum,Boston Celtics,NBA Player of the Month,,2024-25,11/1/2024,,East,Award,Kia Motors,KIPMO,
1628373,Frank,Ntilikina,France,Olympic Silver Medal,,2024,,,,Award,Olympic,Silver,
1628374,Lauri,Markkanen,Chicago Bulls,All-Rookie Team,1,2017-18,,,East,Award,Kia Motors,KIART,
1628374,Lauri,Markkanen,Utah Jazz,NBA Most Improved Player,,2022-23,,,West,Award,Kia Motors,KIMIP,
1628374,Lauri,Markkanen,Utah Jazz,NBA Player of the Week,,2023-24,,2024-01-08T00:00:00,West,Award,Kia Motors,KIPWK,
1628374,Lauri,Markkanen,,NBA All-Star,,2022-23,,,,Award,All-Star,,
1628372,Dennis,Smith Jr.,Dallas Mavericks,All-Rookie Team,2,2017-18,,,West,Award,Kia Motors,KIART,
1631114,Jalen,Williams,Oklahoma City Thunder,NBA Rookie of the Month,,2022-23,11/1/2022,,West,Award,Kia Motors,KIRMO,
1631114,Jalen,Williams,Oklahoma City Thunder,NBA Rookie of the Month,,2022-23,3/1/2023,,West,Award,Kia Motors,KIRMO,
1631114,Jalen,Williams,Oklahoma City Thunder,All-Rookie Team,1,2022-23,,,West,Award,Kia Motors,KIART,
1628378,Donovan,Mitchell,Utah Jazz,All-Rookie Team,1,2017-18,,,West,Award,Kia Motors,KIART,
1628378,Donovan,Mitchell,Utah Jazz,NBA Player of the Week,,2018-19,,2018-12-31T00:00:00,West,Award,Kia Motors,KIPWK,
1628378,Donovan,Mitchell,Utah Jazz,NBA Player of the Week,,2018-19,,2019-01-07T00:00:00,West,Award,Kia Motors,KIPWK,
1628378,Donovan,Mitchell,Utah Jazz,NBA Player of the Week,,2018-19,,2019-02-25T00:00:00,West,Award,Kia Motors,KIPWK,
1628378,Donovan,Mitchell,Utah Jazz,NBA Rookie of the Month,,2017-18,1/1/2018,1900-01-01T12:00:00,West,Award,Kia Motors,KIRMO,
1628378,Donovan,Mitchell,Utah Jazz,NBA Rookie of the Month,,2017-18,12/1/2017,1900-01-01T12:00:00,West,Award,Kia Motors,KIRMO,
1628378,Donovan,Mitchell,Utah Jazz,NBA Rookie of the Month,,2017-18,2/1/2018,1900-01-01T12:00:00,West,Award,Kia Motors,KIRMO,
1628378,Donovan,Mitchell,Utah Jazz,NBA Rookie of the Month,,2017-18,3/1/2018,1900-01-01T12:00:00,West,Award,Kia Motors,KIRMO,
1628378,Donovan,Mitchell,Utah Jazz,NBA Player of the Week,,2021-22,,2021-11-29T00:00:00,West,Award,Kia Motors,KIPWK,
1628378,Donovan,Mitchell,Utah Jazz,NBA Player of the Month,,2021-22,12/1/2021,,West,Award,Kia Motors,KIPMO,
1628378,Donovan,Mitchell,Cleveland Cavaliers,NBA Player of the Week,,2022-23,,2023-01-02T00:00:00,East,Award,Kia Motors,KIPWK,
1628378,Donovan,Mitchell,Cleveland Cavaliers,NBA Player of the Week,,2022-23,,2022-12-12T00:00:00,East,Award,Kia Motors,KIPWK,
1628378,Donovan,Mitchell,Cleveland Cavaliers,All-NBA,2,2022-23,,,East,Award,Kia Motors,KIANT,
1628378,Donovan,Mitchell,Cleveland Cavaliers,NBA Player of the Week,,2023-24,,2024-02-05T00:00:00,East,Award,Kia Motors,KIPWK,
1628378,Donovan,Mitchell,Cleveland Cavaliers,NBA Player of the Month,,2023-24,1/1/2024,,East,Award,Kia Motors,KIPMO,
1628378,Donovan,Mitchell,,NBA All-Star,,2019-20,,,,Award,All-Star,,
1628378,Donovan,Mitchell,,NBA All-Star,,2020-21,,,,Award,All-Star,,
1628378,Donovan,Mitchell,,NBA All-Star,,2022-23,,,,Award,All-Star,,
1628378,Donovan,Mitchell,,NBA All-Star,,2023-24,,,,Award,All-Star,,
1628378,Donovan,Mitchell,,NBA All-Star,,2021-22,,,,Award,All-Star,,
1628378,Donovan,Mitchell,Cleveland Cavaliers,NBA Player of the Week,,2024-25,,2024-10-28T00:00:00,East,Award,Kia Motors,KIPWK,
1628381,John,Collins,Atlanta Hawks,All-Rookie Team,2,2017-18,,,East,Award,Kia Motors,KIART,
1628382,Justin,Jackson,Milwaukee Bucks,NBA Champion,,2020-21,,,,Award,Champion,,
1628384,O.G.,Anunoby,Toronto Raptors,All-Defensive Team,2,2022-23,,,East,Award,Kia Motors,KIADT,
1628384,OG,Anunoby,Toronto Raptors,NBA Champion,,2018-19,,,,Award,Champion,,
1628386,Jarrett,Allen,Cleveland Cavaliers,NBA Player of the Week,,2021-22,,2021-11-01T00:00:00,East,Award,Kia Motors,KIPWK,
1628386,Jarrett,Allen,,NBA All-Star,,2021-22,,,,Award,All-Star,,
1628389,Bam,Adebayo,Miami Heat,All-Defensive Team,2,2019-20,,,East,Award,Kia Motors,KIADT,
1628389,Bam,Adebayo,Miami Heat,All-Defensive Team,2,2020-21,,,East,Award,Kia Motors,KIADT,
1628389,Bam,Adebayo,Miami Heat,NBA Player of the Week,,2019-20,,2019-12-09T00:00:00,East,Award,Kia Motors,KIPWK,
1628389,Bam,Adebayo,Miami Heat,All-Defensive Team,2,2021-22,,,East,Award,Kia Motors,KIADT,
1628389,Bam,Adebayo,Miami Heat,All-Defensive Team,2,2022-23,,,East,Award,Kia Motors,KIADT,
1628389,Bam,Adebayo,Miami Heat,NBA Player of the Week,,2023-24,,2024-01-08T00:00:00,East,Award,Kia Motors,KIPWK,
1628389,Bam,Adebayo,USA,Olympic Gold Medal,,2020,,,,Award,Olympic,Gold,
1628389,Bam,Adebayo,Miami Heat,All-Defensive Team,1,2023-24,,,East,Award,Kia Motors,KIADT,
1628389,Bam,Adebayo,,NBA All-Star,,2019-20,,,,Award,All-Star,,
1628389,Bam,Adebayo,,NBA All-Star,,2022-23,,,,Award,All-Star,,
1628389,Bam,Adebayo,,NBA All-Star,,2023-24,,,,Award,All-Star,,
1628389,Bam,Adebayo,USA,Olympic Gold Medal,,2024,,,,Award,Olympic,Gold,
1628395,Jordan,Bell,Golden State Warriors,NBA Champion,,2017-18,,,,Award,Champion,,
1628398,Kyle,Kuzma,Los Angeles Lakers,All-Rookie Team,1,2017-18,,,West,Award,Kia Motors,KIART,
1628398,Kyle,Kuzma,Los Angeles Lakers,NBA Rookie of the Month,,2017-18,11/1/2017,1900-01-01T12:00:00,West,Award,Kia Motors,KIRMO,
1628398,Kyle,Kuzma,Los Angeles Lakers,NBA Champion,,2019-20,,,,Award,Champion,,
1628401,Derrick,White,Boston Celtics,NBA Player of the Week,,2022-23,,2023-02-06T00:00:00,East,Award,Kia Motors,KIPWK,
1628401,Derrick,White,Boston Celtics,All-Defensive Team,2,2022-23,,,East,Award,Kia Motors,KIADT,
1628401,Derrick,White,Boston Celtics,NBA Player of the Week,,2023-24,,2024-03-18T00:00:00,East,Award,Kia Motors,KIPWK,
1628401,Derrick,White,Boston Celtics,All-Defensive Team,2,2023-24,,,East,Award,Kia Motors,KIADT,
1628401,Derrick,White,Boston Celtics,NBA Champion,,2023-24,,,,Award,Champion,,
1628401,Derrick,White,USA,Olympic Gold Medal,,2024,,,,Award,Olympic,Gold,
1628415,Dillon,Brooks,Memphis Grizzlies,All-Defensive Team,2,2022-23,,,West,Award,Kia Motors,KIADT,
1628418,Thomas,Bryant,Denver Nuggets,NBA Champion,,2022-23,,,,Award,Champion,,
1628427,Vlatko,Cancar,Denver Nuggets,NBA Champion,,2022-23,,,,Award,Champion,,
1628436,Luke,Kornet,Boston Celtics,NBA Champion,,2023-24,,,,Award,Champion,,
1628449,Chris,Boucher,Toronto Raptors,NBA Champion,,2018-19,,,,Award,Champion,,
203076,Anthony,Davis,New Orleans Pelicans,All-Defensive Team,2,2014-15,,,1610612740,Award,Kia Motors,KIADT,
203076,Anthony,Davis,New Orleans Pelicans,All-Defensive Team,1,2017-18,,,West,Award,Kia Motors,KIADT,
203076,Anthony,Davis,Los Angeles Lakers,All-Defensive Team,1,2019-20,,,West,Award,Kia Motors,KIADT,
203076,Anthony,Davis,New Orleans Pelicans,All-NBA,1,2014-15,,,1610612740,Award,Kia Motors,KIANT,
203076,Anthony,Davis,New Orleans Pelicans,All-NBA,1,2016-17,,,West,Award,Kia Motors,KIANT,
203076,Anthony,Davis,New Orleans Pelicans,All-NBA,1,2017-18,,,West,Award,Kia Motors,KIANT,
203076,Anthony,Davis,Los Angeles Lakers,All-NBA,1,2019-20,,,West,Award,Kia Motors,KIANT,
203076,Anthony,Davis,New Orleans Pelicans,All-Rookie Team,1,2012-13,,,1610612740,Award,Kia Motors,KIART,
203076,Anthony,Davis,New Orleans Pelicans,NBA All-Star Most Valuable Player,,2016-17,,,,Award,Kia Motors,KAMVP,
203076,Anthony,Davis,New Orleans Pelicans,NBA Player of the Month,,2017-18,2/1/2018,,West,Award,Kia Motors,KIPMO,
203076,Anthony,Davis,New Orleans Pelicans,NBA Player of the Month,,2017-18,3/1/2018,,West,Award,Kia Motors,KIPMO,
203076,Anthony,Davis,New Orleans Pelicans,NBA Player of the Week,,2014-15,,2015-03-09T00:00:00,West,Award,Kia Motors,KIPWK,
203076,Anthony,Davis,New Orleans Pelicans,NBA Player of the Week,,2016-17,,2016-11-21T00:00:00,West,Award,Kia Motors,KIPWK,
203076,Anthony,Davis,New Orleans Pelicans,NBA Player of the Week,,2017-18,,2017-11-20T00:00:00,West,Award,Kia Motors,KIPWK,
203076,Anthony,Davis,New Orleans Pelicans,NBA Player of the Week,,2017-18,,2018-02-26T00:00:00,West,Award,Kia Motors,KIPWK,
203076,Anthony,Davis,New Orleans Pelicans,NBA Player of the Week,,2018-19,,2018-11-12T00:00:00,West,Award,Kia Motors,KIPWK,
203076,Anthony,Davis,Los Angeles Lakers,NBA Player of the Week,,2019-20,,2019-10-28T00:00:00,West,Award,Kia Motors,KIPWK,
203076,Anthony,Davis,Los Angeles Lakers,NBA Player of the Week,,2019-20,,2019-12-02T00:00:00,West,Award,Kia Motors,KIPWK,
203076,Anthony,Davis,USA,Olympic Gold Medal,,2012,,,,Award,Olympic,Gold,
203076,Anthony,Davis,New Orleans Pelicans,All-Defensive Team,2,2016-17,,,West,Award,Kia Motors,KIADT,
203076,Anthony,Davis,Los Angeles Lakers,NBA Player of the Week,,2022-23,,2023-03-27T00:00:00,West,Award,Kia Motors,KIPWK,
203076,Anthony,Davis,Los Angeles Lakers,NBA Player of the Week,,2022-23,,2022-11-28T00:00:00,West,Award,Kia Motors,KIPWK,
203076,Anthony,Davis,Los Angeles Lakers,NBA Player of the Month,,2022-23,3/1/2023,,West,Award,Kia Motors,KIPMO,
203076,Anthony,Davis,Los Angeles Lakers,NBA Player of the Week,,2023-24,,2024-03-18T00:00:00,West,Award,Kia Motors,KIPWK,
203076,Anthony,Davis,Los Angeles Lakers,NBA In-Season Tournament All-Tournament,1,2023-24,,,East,Award,Kia Motors,KIANT,
203076,Anthony,Davis,Los Angeles Lakers,All-Defensive Team,1,2023-24,,,West,Award,Kia Motors,KIADT,
203076,Anthony,Davis,Los Angeles Lakers,All-NBA,2,2023-24,,,West,Award,Kia Motors,KIANT,
203076,Anthony,Davis,,NBA All-Star,,2017-18,,,,Award,All-Star,,
203076,Anthony,Davis,,NBA All-Star,,2020-21,,,,Award,All-Star,,
203076,Anthony,Davis,,NBA All-Star,,2013-14,,,,Award,All-Star,,
203076,Anthony,Davis,,NBA All-Star,,2014-15,,,,Award,All-Star,,
203076,Anthony,Davis,,NBA All-Star,,2015-16,,,,Award,All-Star,,
203076,Anthony,Davis,,NBA All-Star,,2016-17,,,,Award,All-Star,,
203076,Anthony,Davis,,NBA All-Star,,2018-19,,,,Award,All-Star,,
203076,Anthony,Davis,,NBA All-Star,,2019-20,,,,Award,All-Star,,
203076,Anthony,Davis,,NBA All-Star,,2023-24,,,,Award,All-Star,,
203076,Anthony,Davis,Los Angeles Lakers,NBA Champion,,2019-20,,,,Award,Champion,,
203076,Anthony,Davis,USA,Olympic Gold Medal,,2024,,,,Award,Olympic,Gold,
203076,Anthony,Davis,Los Angeles Lakers,NBA Player of the Week,,2024-25,,2024-10-21T00:00:00,West,Award,Kia Motors,KIPWK,
203077,Michael,Kidd-Gilchrist,Charlotte Bobcats,All-Rookie Team,2,2012-13,,,1610612766,Award,Kia Motors,KIART,
203078,Bradley,Beal,Washington Wizards,All-NBA,3,2020-21,,,East,Award,Kia Motors,KIANT,
203078,Bradley,Beal,Washington Wizards,All-Rookie Team,1,2012-13,,,1610612764,Award,Kia Motors,KIART,
203078,Bradley,Beal,Washington Wizards,NBA Player of the Week,,2017-18,,2017-12-25T00:00:00,East,Award,Kia Motors,KIPWK,
203078,Bradley,Beal,Washington Wizards,NBA Player of the Week,,2018-19,,2018-12-03T00:00:00,East,Award,Kia Motors,KIPWK,
203078,Bradley,Beal,Washington Wizards,NBA Player of the Week,,2018-19,,2019-03-11T00:00:00,East,Award,Kia Motors,KIPWK,
203078,Bradley,Beal,Washington Wizards,NBA Player of the Week,,2020-21,,2021-04-19T00:00:00,East,Award,Kia Motors,KIPWK,
203078,Bradley,Beal,Washington Wizards,NBA Rookie of the Month,,2012-13,01/01/2013,,East,Award,Kia Motors,KIRMO,
203078,Bradley,Beal,Washington Wizards,NBA Rookie of the Month,,2012-13,12/01/2012,,East,Award,Kia Motors,KIRMO,
203078,Bradley,Beal,,NBA All-Star,,2017-18,,,,Award,All-Star,,
203078,Bradley,Beal,,NBA All-Star,,2020-21,,,,Award,All-Star,,
203078,Bradley,Beal,,NBA All-Star,,2018-19,,,,Award,All-Star,,
203079,Dion,Waiters,Cleveland Cavaliers,All-Rookie Team,1,2012-13,,,1610612739,Award,Kia Motors,KIART,
203079,Dion,Waiters,Miami Heat,NBA Player of the Week,,2016-17,,2017-01-30T00:00:00,East,Award,Kia Motors,KIPWK,
203079,Dion,Waiters,Cleveland Cavaliers,NBA Rookie of the Month,,2012-13,02/01/2013,,East,Award,Kia Motors,KIRMO,
203079,Dion,Waiters,Los Angeles Lakers,NBA Champion,,2019-20,,,,Award,Champion,,
203081,Damian,Lillard,Portland Trail Blazers,All-NBA,3,2013-14,,,1610612757,Award,Kia Motors,KIANT,
203081,Damian,Lillard,Portland Trail Blazers,All-NBA,2,2015-16,,,West,Award,Kia Motors,KIANT,
203081,Damian,Lillard,Portland Trail Blazers,All-NBA,1,2017-18,,,West,Award,Kia Motors,KIANT,
203081,Damian,Lillard,Portland Trail Blazers,All-NBA,2,2018-19,,,West,Award,Kia Motors,KIANT,
203081,Damian,Lillard,Portland Trail Blazers,All-NBA,2,2019-20,,,West,Award,Kia Motors,KIANT,
203081,Damian,Lillard,Portland Trail Blazers,All-NBA,2,2020-21,,,West,Award,Kia Motors,KIANT,
203081,Damian,Lillard,Portland Trail Blazers,All-Rookie Team,1,2012-13,,,1610612757,Award,Kia Motors,KIART,
203081,Damian,Lillard,Portland Trail Blazers,NBA Player of the Month,,2016-17,3/1/2017,,West,Award,Kia Motors,KIPMO,
203081,Damian,Lillard,Portland Trail Blazers,NBA Player of the Week,,2014-15,,2014-11-10T00:00:00,West,Award,Kia Motors,KIPWK,
203081,Damian,Lillard,Portland Trail Blazers,NBA Player of the Week,,2014-15,,2015-02-23T00:00:00,West,Award,Kia Motors,KIPWK,
203081,Damian,Lillard,Portland Trail Blazers,NBA Player of the Week,,2016-17,,2017-03-20T00:00:00,West,Award,Kia Motors,KIPWK,
203081,Damian,Lillard,Portland Trail Blazers,NBA Player of the Week,,2017-18,,2018-01-15T00:00:00,West,Award,Kia Motors,KIPWK,
203081,Damian,Lillard,Portland Trail Blazers,NBA Player of the Week,,2017-18,,2018-03-05T00:00:00,West,Award,Kia Motors,KIPWK,
203081,Damian,Lillard,Portland Trail Blazers,NBA Player of the Week,,2017-18,,2018-03-26T00:00:00,West,Award,Kia Motors,KIPWK,
203081,Damian,Lillard,Portland Trail Blazers,NBA Player of the Week,,2018-19,,2019-03-25T00:00:00,West,Award,Kia Motors,KIPWK,
203081,Damian,Lillard,Portland Trail Blazers,NBA Player of the Week,,2019-20,,2020-01-20T00:00:00,West,Award,Kia Motors,KIPWK,
203081,Damian,Lillard,Portland Trail Blazers,NBA Player of the Week,,2019-20,,2020-01-27T00:00:00,West,Award,Kia Motors,KIPWK,
203081,Damian,Lillard,Portland Trail Blazers,NBA Player of the Week,,2020-21,,2021-01-11T00:00:00,West,Award,Kia Motors,KIPWK,
203081,Damian,Lillard,Portland Trail Blazers,NBA Player of the Week,,2020-21,,2021-02-15T00:00:00,West,Award,Kia Motors,KIPWK,
203081,Damian,Lillard,Portland Trail Blazers,NBA Player of the Week,,2020-21,,2021-05-10T00:00:00,West,Award,Kia Motors,KIPWK,
203081,Damian,Lillard,Portland Trail Blazers,NBA Rookie of the Month,,2012-13,01/01/2013,,West,Award,Kia Motors,KIRMO,
203081,Damian,Lillard,Portland Trail Blazers,NBA Rookie of the Month,,2012-13,02/01/2013,,West,Award,Kia Motors,KIRMO,
203081,Damian,Lillard,Portland Trail Blazers,NBA Rookie of the Month,,2012-13,03/01/2013,,West,Award,Kia Motors,KIRMO,
203081,Damian,Lillard,Portland Trail Blazers,NBA Rookie of the Month,,2012-13,04/01/2013,,West,Award,Kia Motors,KIRMO,
203081,Damian,Lillard,Portland Trail Blazers,NBA Rookie of the Month,,2012-13,12/01/2012,,West,Award,Kia Motors,KIRMO,
203081,Damian,Lillard,Portland Trail Blazers,NBA Rookie of the Year,,2012-13,,,,Award,Kia Motors,KIROY,
203081,Damian,Lillard,Portland Trail Blazers,NBA Player of the Week,,2021-22,,2021-11-15T00:00:00,West,Award,Kia Motors,KIPWK,
203081,Damian,Lillard,Portland Trail Blazers,NBA Player of the Week,,2022-23,,2023-01-30T00:00:00,West,Award,Kia Motors,KIPWK,
203081,Damian,Lillard,Portland Trail Blazers,NBA Player of the Week,,2022-23,,2023-01-23T00:00:00,West,Award,Kia Motors,KIPWK,
203081,Damian,Lillard,Portland Trail Blazers,NBA Player of the Week,,2022-23,,2022-10-17T00:00:00,West,Award,Kia Motors,KIPWK,
203081,Damian,Lillard,Portland Trail Blazers,All-NBA,3,2022-23,,,West,Award,Kia Motors,KIANT,
203081,Damian,Lillard,Milwaukee Bucks,NBA All-Star Most Valuable Player,,2023-24,,,,Award,Kia Motors,KAMVP,
203081,Damian,Lillard,USA,Olympic Gold Medal,,2020,,,,Award,Olympic,Gold,
203081,Damian,Lillard,,NBA All-Star,,2022-23,,,,Award,All-Star,,
203081,Damian,Lillard,,NBA All-Star,,2023-24,,,,Award,All-Star,,
203081,Damian,Lillard,,NBA All-Star,,2013-14,,,,Award,All-Star,,
203081,Damian,Lillard,,NBA All-Star,,2014-15,,,,Award,All-Star,,
203081,Damian,Lillard,,NBA All-Star,,2017-18,,,,Award,All-Star,,
203081,Damian,Lillard,,NBA All-Star,,2018-19,,,,Award,All-Star,,
203081,Damian,Lillard,,NBA All-Star,,2019-20,,,,Award,All-Star,,
203081,Damian,Lillard,,NBA All-Star,,2020-21,,,,Award,All-Star,,
203083,Andre,Drummond,Detroit Pistons,All-NBA,3,2015-16,,,East,Award,Kia Motors,KIANT,
203083,Andre,Drummond,Detroit Pistons,All-Rookie Team,2,2012-13,,,1610612765,Award,Kia Motors,KIART,
203083,Andre,Drummond,Detroit Pistons,NBA Player of the Week,,2015-16,,2015-11-02T00:00:00,East,Award,Kia Motors,KIPWK,
203083,Andre,Drummond,Detroit Pistons,NBA Player of the Week,,2015-16,,2015-11-09T00:00:00,East,Award,Kia Motors,KIPWK,
203083,Andre,Drummond,Detroit Pistons,NBA Player of the Week,,2017-18,,2018-01-29T00:00:00,East,Award,Kia Motors,KIPWK,
203083,Andre,Drummond,Detroit Pistons,NBA Player of the Week,,2018-19,,2019-03-04T00:00:00,East,Award,Kia Motors,KIPWK,
203083,Andre,Drummond,Detroit Pistons,NBA Player of the Week,,2018-19,,2019-03-25T00:00:00,East,Award,Kia Motors,KIPWK,
203083,Andre,Drummond,,NBA All-Star,,2015-16,,,,Award,All-Star,,
203083,Andre,Drummond,,NBA All-Star,,2017-18,,,,Award,All-Star,,
203084,Harrison,Barnes,Golden State Warriors,All-Rookie Team,1,2012-13,,,1610612744,Award,Kia Motors,KIART,
203084,Harrison,Barnes,USA,Olympic Gold Medal,,2016,,,,Award,Olympic,Gold,
203084,Harrison,Barnes,Golden State Warriors,NBA Champion,,2014-15,,,,Award,Champion,,
203084,Harrison,Barnes,San Antonio Spurs,NBA Player of the Week,,2024-25,,2024-11-18T00:00:00,West,Award,Kia Motors,KIPWK,
203092,Tyler,Zeller,Cleveland Cavaliers,All-Rookie Team,2,2012-13,,,1610612739,Award,Kia Motors,KIART,
203095,Evan,Fournier,France,Olympic Silver Medal,,2024,,,,Award,Olympic,Silver,
203096,Jared,Sullinger,Boston Celtics,NBA Player of the Week,,2013-14,,2014-02-10T00:00:00,East,Award,Kia Motors,KIPWK,
203105,Festus,Ezeli,Golden State Warriors,NBA Champion,,2014-15,,,,Award,Champion,,
203110,Draymond,Green,Golden State Warriors,All-Defensive Team,1,2014-15,,,1610612744,Award,Kia Motors,KIADT,
203110,Draymond,Green,Golden State Warriors,All-Defensive Team,1,2015-16,,,West,Award,Kia Motors,KIADT,
203110,Draymond,Green,Golden State Warriors,All-Defensive Team,2,2017-18,,,West,Award,Kia Motors,KIADT,
203110,Draymond,Green,Golden State Warriors,All-Defensive Team,2,2018-19,,,West,Award,Kia Motors,KIADT,
203110,Draymond,Green,Golden State Warriors,All-Defensive Team,1,2020-21,,,West,Award,Kia Motors,KIADT,
203110,Draymond,Green,Golden State Warriors,All-NBA,2,2015-16,,,West,Award,Kia Motors,KIANT,
203110,Draymond,Green,Golden State Warriors,All-NBA,3,2016-17,,,West,Award,Kia Motors,KIANT,
203110,Draymond,Green,Golden State Warriors,NBA Defensive Player of the Year,(null),2016-17,,,West,Award,Kia Motors,KDPYR,(null)
203110,Draymond,Green,Golden State Warriors,NBA Player of the Week,,2015-16,,2016-01-04T00:00:00,West,Award,Kia Motors,KIPWK,
203110,Draymond,Green,Golden State Warriors,All-Defensive Team,1,2016-17,,,West,Award,Kia Motors,KIADT,
203110,Draymond,Green,Golden State Warriors,All-Defensive Team,2,2021-22,,,West,Award,Kia Motors,KIADT,
203110,Draymond,Green,Golden State Warriors,All-Defensive Team,2,2022-23,,,West,Award,Kia Motors,KIADT,
203110,Draymond,Green,USA,Olympic Gold Medal,,2016,,,,Award,Olympic,Gold,
203110,Draymond,Green,USA,Olympic Gold Medal,,2020,,,,Award,Olympic,Gold,
203110,Draymond,Green,,NBA All-Star,,2015-16,,,,Award,All-Star,,
203110,Draymond,Green,,NBA All-Star,,2016-17,,,,Award,All-Star,,
203110,Draymond,Green,,NBA All-Star,,2017-18,,,,Award,All-Star,,
203110,Draymond,Green,,NBA All-Star,,2021-22,,,,Award,All-Star,,
203110,Draymond,Green,Golden State Warriors,NBA Champion,,2014-15,,,,Award,Champion,,
203110,Draymond,Green,Golden State Warriors,NBA Champion,,2016-17,,,,Award,Champion,,
203110,Draymond,Green,Golden State Warriors,NBA Champion,,2017-18,,,,Award,Champion,,
203110,Draymond,Green,Golden State Warriors,NBA Champion,,2021-22,,,,Award,Champion,,
203114,Khris,Middleton,Milwaukee Bucks,NBA Player of the Week,,2017-18,,2018-01-22T00:00:00,East,Award,Kia Motors,KIPWK,
203114,Khris,Middleton,USA,Olympic Gold Medal,,2020,,,,Award,Olympic,Gold,
203114,Khris,Middleton,,NBA All-Star,,2018-19,,,,Award,All-Star,,
203114,Khris,Middleton,,NBA All-Star,,2019-20,,,,Award,All-Star,,
203114,Khris,Middleton,,NBA All-Star,,2021-22,,,,Award,All-Star,,
203114,Khris,Middleton,Milwaukee Bucks,NBA Champion,,2020-21,,,,Award,Champion,,
203142,Chris,Copeland,New York Knicks,NBA Rookie of the Month,,2012-13,04/01/2013,,East,Award,Kia Motors,KIRMO,
203143,Pablo,Prigioni,Argentina,Olympic Appearance,,2012,,,,Award,Olympic,Appearance,
203143,Pablo,Prigioni,Argentina,Olympic Bronze Medal,,2008,,,,Award,Olympic,Bronze,
203200,Justin,Holiday,Golden State Warriors,NBA Champion,,2014-15,,,,Award,Champion,,
1631170,Jaime,Jaquez Jr.,Miami Heat,NBA Rookie of the Month,,2023-24,11/1/2023,,East,Award,Kia Motors,KIRMO,
1631170,Jaime,Jaquez Jr.,Miami Heat,NBA Rookie of the Month,,2023-24,12/1/2023,,East,Award,Kia Motors,KIRMO,
1631170,Jaime,Jaquez Jr.,Miami Heat,All-Rookie Team,1,2023-24,,,East,Award,Kia Motors,KIART,
203382,Aron,Baynes,San Antonio Spurs,NBA Champion,,2013-14,,,,Award,Champion,,
203457,Nerlens,Noel,Philadelphia 76ers,All-Rookie Team,1,2014-15,,,1610612755,Award,Kia Motors,KIART,
203460,Andre,Roberson,Oklahoma City Thunder,All-Defensive Team,2,2016-17,,,West,Award,Kia Motors,KIADT,
203463,Ben,McLemore,Sacramento Kings,NBA Rookie of the Month,,2013-14,11/1/2013,,West,Award,Kia Motors,KIRMO,
203468,CJ,McCollum,Portland Trail Blazers,NBA Most Improved Player,,2015-16,,,West,Award,Kia Motors,KIMIP,
203468,CJ,McCollum,Portland Trail Blazers,NBA Player of the Week,,2018-19,,2018-11-05T00:00:00,West,Award,Kia Motors,KIPWK,
203469,Cody,Zeller,Charlotte Bobcats,All-Rookie Team,2,2013-14,,,1610612766,Award,Kia Motors,KIART,
203471,Dennis,Schroder,Oklahoma City Thunder,NBA Player of the Week,,2019-20,,2019-12-16T00:00:00,West,Award,Kia Motors,KIPWK,
203476,Gorgui,Dieng,Minnesota Timberwolves,All-Rookie Team,2,2013-14,,,1610612750,Award,Kia Motors,KIART,
203476,Gorgui,Dieng,Minnesota Timberwolves,NBA Rookie of the Month,,2013-14,3/1/2014,,West,Award,Kia Motors,KIRMO,
203482,Kelly,Olynyk,Boston Celtics,All-Rookie Team,2,2013-14,,,1610612738,Award,Kia Motors,KIART,
203484,Kentavious,Caldwell-Pope,Denver Nuggets,NBA Champion,,2022-23,,,,Award,Champion,,
203484,Kentavious,Caldwell-Pope,Los Angeles Lakers,NBA Champion,,2019-20,,,,Award,Champion,,
203486,Mason,Plumlee,Brooklyn Nets,All-Rookie Team,1,2013-14,,,1610612751,Award,Kia Motors,KIART,
203487,Michael,Carter-Williams,Philadelphia 76ers,All-Rookie Team,1,2013-14,,,1610612755,Award,Kia Motors,KIART,
203487,Michael,Carter-Williams,Philadelphia 76ers,NBA Player of the Week,,2013-14,,2013-11-04T00:00:00,East,Award,Kia Motors,KIPWK,
203487,Michael,Carter-Williams,Philadelphia 76ers,NBA Rookie of the Month,,2013-14,1/1/2014,,East,Award,Kia Motors,KIRMO,
203487,Michael,Carter-Williams,Philadelphia 76ers,NBA Rookie of the Month,,2013-14,11/1/2013,,East,Award,Kia Motors,KIRMO,
203487,Michael,Carter-Williams,Philadelphia 76ers,NBA Rookie of the Month,,2013-14,3/1/2014,,East,Award,Kia Motors,KIRMO,
203487,Michael,Carter-Williams,Philadelphia 76ers,NBA Rookie of the Month,,2013-14,4/1/2014,,East,Award,Kia Motors,KIRMO,
203487,Michael,Carter-Williams,Philadelphia 76ers,NBA Rookie of the Year,,2013-14,,,,Award,Kia Motors,KIROY,
203490,Otto,Porter Jr.,Golden State Warriors,NBA Champion,,2021-22,,,,Award,Champion,,
203496,Robert,Covington,Philadelphia 76ers,All-Defensive Team,1,2017-18,,,East,Award,Kia Motors,KIADT,
203497,Rudy,Gobert,Utah Jazz,All-Defensive Team,1,2017-18,,,West,Award,Kia Motors,KIADT,
203497,Rudy,Gobert,Utah Jazz,All-Defensive Team,1,2018-19,,,West,Award,Kia Motors,KIADT,
203497,Rudy,Gobert,Utah Jazz,All-Defensive Team,1,2019-20,,,West,Award,Kia Motors,KIADT,
203497,Rudy,Gobert,Utah Jazz,All-Defensive Team,1,2020-21,,,West,Award,Kia Motors,KIADT,
203497,Rudy,Gobert,Utah Jazz,All-NBA,2,2016-17,,,West,Award,Kia Motors,KIANT,
203497,Rudy,Gobert,Utah Jazz,All-NBA,3,2018-19,,,West,Award,Kia Motors,KIANT,
203497,Rudy,Gobert,Utah Jazz,All-NBA,3,2019-20,,,West,Award,Kia Motors,KIANT,
203497,Rudy,Gobert,Utah Jazz,All-NBA,3,2020-21,,,West,Award,Kia Motors,KIANT,
203497,Rudy,Gobert,Utah Jazz,NBA Defensive Player of the Year,,2017-18,,,,Award,Kia Motors,KDPYR,
203497,Rudy,Gobert,Utah Jazz,NBA Defensive Player of the Year,,2018-19,,,West,Award,Kia Motors,KDPYR,
203497,Rudy,Gobert,Utah Jazz,NBA Defensive Player of the Year,,2020-21,,,West,Award,Kia Motors,KDPYR,
203497,Rudy,Gobert,Utah Jazz,NBA Player of the Week,,2018-19,,2019-03-11T00:00:00,West,Award,Kia Motors,KIPWK,
203497,Rudy,Gobert,Utah Jazz,All-Defensive Team,1,2016-17,,,West,Award,Kia Motors,KIADT,
203497,Rudy,Gobert,Utah Jazz,NBA Player of the Week,,2021-22,,2021-10-25T00:00:00,West,Award,Kia Motors,KIPWK,
203497,Rudy,Gobert,Utah Jazz,All-Defensive Team,1,2021-22,,,West,Award,Kia Motors,KIADT,
203497,Rudy,Gobert,Minnesota Timberwolves,NBA Defensive Player of the Year,,2023-24,,,West,Award,Kia Motors,KDPYR,
203497,Rudy,Gobert,Minnesota Timberwolves,All-Defensive Team,1,2023-24,,,West,Award,Kia Motors,KIADT,
203497,Rudy,Gobert,,NBA All-Star,,2019-20,,,,Award,All-Star,,
203497,Rudy,Gobert,,NBA All-Star,,2021-22,,,,Award,All-Star,,
203497,Rudy,Gobert,,NBA All-Star,,2020-21,,,,Award,All-Star,,
203497,Rudy,Gobert,France,Olympic Silver Medal,,2024,,,,Award,Olympic,Silver,
203500,Steven,Adams,Oklahoma City Thunder,All-Rookie Team,2,2013-14,,,1610612760,Award,Kia Motors,KIART,
203501,Tim,Hardaway Jr.,New York Knicks,All-Rookie Team,1,2013-14,,,1610612752,Award,Kia Motors,KIART,
203504,Trey,Burke,Utah Jazz,All-Rookie Team,1,2013-14,,,1610612762,Award,Kia Motors,KIART,
203504,Trey,Burke,Utah Jazz,NBA Rookie of the Month,,2013-14,1/1/2014,,West,Award,Kia Motors,KIRMO,
203504,Trey,Burke,Utah Jazz,NBA Rookie of the Month,,2013-14,12/1/2013,,West,Award,Kia Motors,KIRMO,
203504,Trey,Burke,Utah Jazz,NBA Rookie of the Month,,2013-14,4/1/2014,,West,Award,Kia Motors,KIRMO,
203506,Victor,Oladipo,Indiana Pacers,All-Defensive Team,1,2017-18,,,East,Award,Kia Motors,KIADT,
203506,Victor,Oladipo,Indiana Pacers,All-NBA,3,2017-18,,,East,Award,Kia Motors,KIANT,
203506,Victor,Oladipo,Orlando Magic,All-Rookie Team,1,2013-14,,,1610612753,Award,Kia Motors,KIART,
203506,Victor,Oladipo,Indiana Pacers,NBA Most Improved Player,,2017-18,,,East,Award,Kia Motors,KIMIP,
203506,Victor,Oladipo,Indiana Pacers,NBA Player of the Week,,2017-18,,2017-10-23T00:00:00,East,Award,Kia Motors,KIPWK,
203506,Victor,Oladipo,Indiana Pacers,NBA Player of the Week,,2017-18,,2017-12-04T00:00:00,East,Award,Kia Motors,KIPWK,
203506,Victor,Oladipo,Indiana Pacers,NBA Player of the Week,,2017-18,,2018-03-26T00:00:00,East,Award,Kia Motors,KIPWK,
203506,Victor,Oladipo,Indiana Pacers,NBA Player of the Week,,2018-19,,2018-10-29T00:00:00,East,Award,Kia Motors,KIPWK,
203506,Victor,Oladipo,Orlando Magic,NBA Rookie of the Month,,2013-14,12/1/2013,,East,Award,Kia Motors,KIRMO,
203506,Victor,Oladipo,Orlando Magic,NBA Rookie of the Month,,2013-14,2/1/2014,,East,Award,Kia Motors,KIRMO,
203506,Victor,Oladipo,,NBA All-Star,,2017-18,,,,Award,All-Star,,
203506,Victor,Oladipo,,NBA All-Star,,2018-19,,,,Award,All-Star,,
203507,Giannis,Antetokounmpo,Milwaukee Bucks,All-Defensive Team,1,2021-22,,,East,Award,Kia Motors,KIADT,
203507,Giannis,Antetokounmpo,Milwaukee Bucks,All-Defensive Team,1,2018-19,,,East,Award,Kia Motors,KIADT,
203507,Giannis,Antetokounmpo,Milwaukee Bucks,All-Defensive Team,1,2019-20,,,East,Award,Kia Motors,KIADT,
203507,Giannis,Antetokounmpo,Milwaukee Bucks,All-Defensive Team,1,2020-21,,,East,Award,Kia Motors,KIADT,
203507,Giannis,Antetokounmpo,Milwaukee Bucks,All-NBA,2,2016-17,,,East,Award,Kia Motors,KIANT,
203507,Giannis,Antetokounmpo,Milwaukee Bucks,All-NBA,2,2017-18,,,East,Award,Kia Motors,KIANT,
203507,Giannis,Antetokounmpo,Milwaukee Bucks,All-NBA,1,2018-19,,,East,Award,Kia Motors,KIANT,
203507,Giannis,Antetokounmpo,Milwaukee Bucks,All-NBA,1,2019-20,,,East,Award,Kia Motors,KIANT,
203507,Giannis,Antetokounmpo,Milwaukee Bucks,All-NBA,1,2020-21,,,East,Award,Kia Motors,KIANT,
203507,Giannis,Antetokounmpo,Milwaukee Bucks,All-Rookie Team,2,2013-14,,,1610612749,Award,Kia Motors,KIART,
203507,Giannis,Antetokounmpo,Milwaukee Bucks,NBA Defensive Player of the Year,,2019-20,,,East,Award,Kia Motors,KDPYR,
203507,Giannis,Antetokounmpo,Milwaukee Bucks,NBA Most Improved Player,(null),2016-17,,,East,Award,Kia Motors,KIMIP,(null)
203507,Giannis,Antetokounmpo,Milwaukee Bucks,NBA Most Valuable Player,,2018-19,,,East,Award,Kia Motors,KIMVP,
203507,Giannis,Antetokounmpo,Milwaukee Bucks,NBA Most Valuable Player,,2019-20,,,East,Award,Kia Motors,KIMVP,
203507,Giannis,Antetokounmpo,Milwaukee Bucks,NBA Player of the Month,,2016-17,3/1/2017,,East,Award,Kia Motors,KIPMO,
203507,Giannis,Antetokounmpo,Milwaukee Bucks,NBA Player of the Month,,2018-19,02/01/2019,,East,Award,Kia Motors,KIPMO,
203507,Giannis,Antetokounmpo,Milwaukee Bucks,NBA Player of the Month,,2018-19,03/01/2019,,East,Award,Kia Motors,KIPMO,
203507,Giannis,Antetokounmpo,Milwaukee Bucks,NBA Player of the Month,,2018-19,10/01/2018,,East,Award,Kia Motors,KIPMO,
203507,Giannis,Antetokounmpo,Milwaukee Bucks,NBA Player of the Month,,2018-19,12/01/2018,,East,Award,Kia Motors,KIPMO,
203507,Giannis,Antetokounmpo,Milwaukee Bucks,NBA Player of the Month,,2019-20,1/1/2020,,East,Award,Kia Motors,KIPMO,
203507,Giannis,Antetokounmpo,Milwaukee Bucks,NBA Player of the Month,,2019-20,10/1/2019,,East,Award,Kia Motors,KIPMO,
203507,Giannis,Antetokounmpo,Milwaukee Bucks,NBA Player of the Month,,2019-20,12/1/2019,,East,Award,Kia Motors,KIPMO,
203507,Giannis,Antetokounmpo,Milwaukee Bucks,NBA Player of the Week,,2014-15,,2015-02-02T00:00:00,East,Award,Kia Motors,KIPWK,
203507,Giannis,Antetokounmpo,Milwaukee Bucks,NBA Player of the Week,,2016-17,,2016-12-05T00:00:00,East,Award,Kia Motors,KIPWK,
203507,Giannis,Antetokounmpo,Milwaukee Bucks,NBA Player of the Week,,2017-18,,2017-10-16T00:00:00,East,Award,Kia Motors,KIPWK,
203507,Giannis,Antetokounmpo,Milwaukee Bucks,NBA Player of the Week,,2018-19,,2018-10-22T00:00:00,East,Award,Kia Motors,KIPWK,
203507,Giannis,Antetokounmpo,Milwaukee Bucks,NBA Player of the Week,,2018-19,,2018-11-19T00:00:00,East,Award,Kia Motors,KIPWK,
203507,Giannis,Antetokounmpo,Milwaukee Bucks,NBA Player of the Week,,2018-19,,2018-12-17T00:00:00,East,Award,Kia Motors,KIPWK,
203507,Giannis,Antetokounmpo,Milwaukee Bucks,NBA Player of the Week,,2018-19,,2018-12-24T00:00:00,East,Award,Kia Motors,KIPWK,
203507,Giannis,Antetokounmpo,Milwaukee Bucks,NBA Player of the Week,,2018-19,,2019-01-21T00:00:00,East,Award,Kia Motors,KIPWK,
203507,Giannis,Antetokounmpo,Milwaukee Bucks,NBA Player of the Week,,2018-19,,2019-01-28T00:00:00,East,Award,Kia Motors,KIPWK,
203507,Giannis,Antetokounmpo,Milwaukee Bucks,NBA Player of the Week,,2019-20,,2019-10-28T00:00:00,East,Award,Kia Motors,KIPWK,
203507,Giannis,Antetokounmpo,Milwaukee Bucks,NBA Player of the Week,,2019-20,,2019-11-25T00:00:00,East,Award,Kia Motors,KIPWK,
203507,Giannis,Antetokounmpo,Milwaukee Bucks,NBA Player of the Week,,2019-20,,2019-12-30T00:00:00,East,Award,Kia Motors,KIPWK,
203507,Giannis,Antetokounmpo,Milwaukee Bucks,NBA Player of the Week,,2019-20,,2020-02-24T00:00:00,East,Award,Kia Motors,KIPWK,
203507,Giannis,Antetokounmpo,Milwaukee Bucks,All-Defensive Team,2,2016-17,,,East,Award,Kia Motors,KIADT,
203507,Giannis,Antetokounmpo,Milwaukee Bucks,NBA Finals Most Valuable Player,,2020-21,,,,Award,Kia Motors,KFMVP,
203507,Giannis,Antetokounmpo,Milwaukee Bucks,All-NBA,1,2021-22,,,East,Award,Kia Motors,KIANT,
203507,Giannis,Antetokounmpo,Milwaukee Bucks,All-NBA,1,2022-23,,,East,Award,Kia Motors,KIANT,
203507,Giannis,Antetokounmpo,Milwaukee Bucks,NBA Player of the Week,,2023-24,,2023-12-11T00:00:00,East,Award,Kia Motors,KIPWK,
203507,Giannis,Antetokounmpo,Milwaukee Bucks,NBA Player of the Week,,2023-24,,2024-01-22T00:00:00,East,Award,Kia Motors,KIPWK,
203507,Giannis,Antetokounmpo,Milwaukee Bucks,NBA In-Season Tournament All-Tournament,1,2023-24,,,East,Award,Kia Motors,KIANT,
203507,Giannis,Antetokounmpo,Milwaukee Bucks,All-NBA,1,2023-24,,,East,Award,Kia Motors,KIANT,
203507,Giannis,Antetokounmpo,,NBA All-Star,,2016-17,,,,Award,All-Star,,
203507,Giannis,Antetokounmpo,,NBA All-Star,,2018-19,,,,Award,All-Star,,
203507,Giannis,Antetokounmpo,,NBA All-Star,,2019-20,,,,Award,All-Star,,
203507,Giannis,Antetokounmpo,,NBA All-Star,,2022-23,,,,Award,All-Star,,
203507,Giannis,Antetokounmpo,,NBA All-Star,,2023-24,,,,Award,All-Star,,
203507,Giannis,Antetokounmpo,,NBA All-Star,,2017-18,,,,Award,All-Star,,
203507,Giannis,Antetokounmpo,,NBA All-Star,,2020-21,,,,Award,All-Star,,
203507,Giannis,Antetokounmpo,,NBA All-Star,,2021-22,,,,Award,All-Star,,
203507,Giannis,Antetokounmpo,Milwaukee Bucks,NBA Champion,,2020-21,,,,Award,Champion,,
203507,Giannis,Antetokounmpo,Milwaukee Bucks,NBA Player of the Week,,2024-25,,2024-11-18T00:00:00,East,Award,Kia Motors,KIPWK,
203517,Nemanja,Nedovic,Serbia,Olympic Silver Medal,,2016,,,,Award,Olympic,Silver,
203518, Álex,Abrines,,Olympic Bronze Medal,,2016,,,,Award,Olympic,Bronze,
203521,Matthew,Dellavedova,Cleveland Cavaliers,NBA Champion,,2015-16,,,,Award,Champion,,
203545,Miroslav,Raduljica,Serbia,Olympic Silver Medal,,2016,,,,Award,Olympic,Silver,
203546,Ian,Clark,Golden State Warriors,NBA Champion,,2016-17,,,,Award,Champion,,
1628963,Marvin,Bagley III,Sacramento Kings,All-Rookie Team,1,2018-19,,,West,Award,Kia Motors,KIART,
1628969,Mikal,Bridges,Phoenix Suns,All-Defensive Team,1,2021-22,,,West,Award,Kia Motors,KIADT,
1628969,Mikal,Bridges,Brooklyn Nets,NBA Player of the Week,,2022-23,,2023-03-27T00:00:00,East,Award,Kia Motors,KIPWK,
1628971,Bruce,Brown,Denver Nuggets,NBA Champion,,2022-23,,,,Award,Champion,,
1628970,Miles,Bridges,Charlotte Hornets,NBA Player of the Week,,2021-22,,2021-10-18T00:00:00,East,Award,Kia Motors,KIPWK,
1628973,Jalen,Brunson,New York Knicks,NBA Player of the Week,,2022-23,,2023-01-09T00:00:00,East,Award,Kia Motors,KIPWK,
1628973,Jalen,Brunson,New York Knicks,NBA Player of the Month,,2022-23,2/1/2023,,East,Award,Kia Motors,KIPMO,
1628973,Jalen,Brunson,New York Knicks,NBA Player of the Week,,2023-24,,2023-11-13T00:00:00,East,Award,Kia Motors,KIPWK,
1628973,Jalen,Brunson,New York Knicks,NBA Player of the Week,,2023-24,,2024-01-01T00:00:00,East,Award,Kia Motors,KIPWK,
1628973,Jalen,Brunson,New York Knicks,NBA Player of the Week,,2023-24,,2024-03-11T00:00:00,East,Award,Kia Motors,KIPWK,
1628973,Jalen,Brunson,New York Knicks,NBA Player of the Week,,2023-24,,2024-04-08T00:00:00,East,Award,Kia Motors,KIPWK,
1628973,Jalen,Brunson,New York Knicks,NBA Player of the Month,,2023-24,3/1/2024,,East,Award,Kia Motors,KIPMO,
1628973,Jalen,Brunson,New York Knicks,All-NBA,2,2023-24,,,East,Award,Kia Motors,KIANT,
1628973,Jalen,Brunson,,NBA All-Star,,2023-24,,,,Award,All-Star,,
1628973,Jalen,Brunson,New York Knicks,NBA Player of the Week,,2024-25,,2024-11-25T00:00:00,East,Award,Kia Motors,KIPWK,
1628983,Shai,Gilgeous-Alexander,LA Clippers,All-Rookie Team,2,2018-19,,,West,Award,Kia Motors,KIART,
1628983,Shai,Gilgeous-Alexander,Oklahoma City Thunder,NBA Player of the Week,,2021-22,,2021-12-20T00:00:00,West,Award,Kia Motors,KIPWK,
1628983,Shai,Gilgeous-Alexander,Oklahoma City Thunder,NBA Player of the Week,,2022-23,,2023-02-06T00:00:00,West,Award,Kia Motors,KIPWK,
1628983,Shai,Gilgeous-Alexander,Oklahoma City Thunder,NBA Player of the Week,,2022-23,,2022-10-24T00:00:00,West,Award,Kia Motors,KIPWK,
1628983,Shai,Gilgeous-Alexander,Oklahoma City Thunder,All-NBA,1,2022-23,,,West,Award,Kia Motors,KIANT,
1628983,Shai,Gilgeous-Alexander,Oklahoma City Thunder,NBA Player of the Week,,2023-24,,2023-12-25T00:00:00,West,Award,Kia Motors,KIPWK,
1628983,Shai,Gilgeous-Alexander,Oklahoma City Thunder,All-NBA,1,2023-24,,,West,Award,Kia Motors,KIANT,
1628983,Shai,Gilgeous-Alexander,,NBA All-Star,,2022-23,,,,Award,All-Star,,
1628983,Shai,Gilgeous-Alexander,,NBA All-Star,,2023-24,,,,Award,All-Star,,
1628983,Shai,Gilgeous-Alexander,Oklahoma City Thunder,NBA Player of the Month,,2024-25,11/1/2024,,West,Award,Kia Motors,KIPMO,
1628983,Shai,Gilgeous-Alexander,Oklahoma City Thunder,NBA Player of the Month,,2023-24,12/1/2023,,West,Award,Kia Motors,KIPMO,
1628978,Donte,DiVincenzo,Milwaukee Bucks,NBA Champion,,2020-21,,,,Award,Champion,,
1628989,Kevin,Huerter,Atlanta Hawks,All-Rookie Team,2,2018-19,,,East,Award,Kia Motors,KIART,
1628995,Kevin,Knox II,New York Knicks,NBA Rookie of the Month,,2018-19,12/1/2018,1900-01-01T12:00:00,East,Award,Kia Motors,KIRMO,
1628991,Jaren,Jackson Jr.,Memphis Grizzlies,All-Rookie Team,1,2018-19,,,West,Award,Kia Motors,KIART,
1628991,Jaren,Jackson Jr.,Memphis Grizzlies,All-Defensive Team,1,2021-22,,,West,Award,Kia Motors,KIADT,
1628991,Jaren,Jackson Jr.,Memphis Grizzlies,NBA Defensive Player of the Year,,2022-23,,,West,Award,Kia Motors,KDPYR,
1628991,Jaren,Jackson Jr.,Memphis Grizzlies,All-Defensive Team,1,2022-23,,,West,Award,Kia Motors,KIADT,
1628991,Jaren,Jackson Jr.,,NBA All-Star,,2022-23,,,,Award,All-Star,,
1629004,Svi,Mykhailiuk,Boston Celtics,NBA Champion,,2023-24,,,,Award,Champion,,
1629008,Michael,Porter Jr.,Denver Nuggets,NBA Champion,,2022-23,,,,Award,Champion,,
1629011,Mitchell,Robinson,New York Knicks,All-Rookie Team,2,2018-19,,,East,Award,Kia Motors,KIART,
1629012,Collin,Sexton,Cleveland Cavaliers,All-Rookie Team,2,2018-19,,,East,Award,Kia Motors,KIART,
1629013,Landry,Shamet,LA Clippers,All-Rookie Team,2,2018-19,,,West,Award,Kia Motors,KIART,
1629023,P.J.,Washington,Charlotte Hornets,All-Rookie Team,2,2019-20,,,East,Award,Kia Motors,KIART,
1629027,Trae,Young,Atlanta Hawks,All-Rookie Team,1,2018-19,,,East,Award,Kia Motors,KIART,
1629027,Trae,Young,Atlanta Hawks,NBA Player of the Week,,2018-19,,2019-03-18T00:00:00,East,Award,Kia Motors,KIPWK,
1629027,Trae,Young,Atlanta Hawks,NBA Player of the Week,,2019-20,,2019-10-21T00:00:00,East,Award,Kia Motors,KIPWK,
1629027,Trae,Young,Atlanta Hawks,NBA Player of the Week,,2020-21,,2021-05-10T00:00:00,East,Award,Kia Motors,KIPWK,
1629027,Trae,Young,Atlanta Hawks,NBA Rookie of the Month,,2018-19,1/1/2019,1900-01-01T12:00:00,East,Award,Kia Motors,KIRMO,
1629027,Trae,Young,Atlanta Hawks,NBA Rookie of the Month,,2018-19,11/1/2018,1900-01-01T12:00:00,East,Award,Kia Motors,KIRMO,
1629027,Trae,Young,Atlanta Hawks,NBA Rookie of the Month,,2018-19,2/1/2019,1900-01-01T12:00:00,East,Award,Kia Motors,KIRMO,
1629027,Trae,Young,Atlanta Hawks,NBA Rookie of the Month,,2018-19,3/1/2019,1900-01-01T12:00:00,East,Award,Kia Motors,KIRMO,
1629027,Trae,Young,Atlanta Hawks,NBA Player of the Week,,2021-22,,2021-11-22T00:00:00,East,Award,Kia Motors,KIPWK,
1629027,Trae,Young,Atlanta Hawks,NBA Player of the Week,,2021-22,,2022-01-17T00:00:00,East,Award,Kia Motors,KIPWK,
1629027,Trae,Young,Atlanta Hawks,NBA Player of the Week,,2021-22,,2022-03-28T00:00:00,East,Award,Kia Motors,KIPWK,
1629027,Trae,Young,Atlanta Hawks,All-NBA,3,2021-22,,,East,Award,Kia Motors,KIANT,
1629027,Trae,Young,Atlanta Hawks,NBA Player of the Week,,2023-24,,2024-01-29T00:00:00,East,Award,Kia Motors,KIPWK,
1629027,Trae,Young,,NBA All-Star,,2019-20,,,,Award,All-Star,,
1629027,Trae,Young,,NBA All-Star,,2021-22,,,,Award,All-Star,,
1629027,Trae,Young,,NBA All-Star,,2023-24,,,,Award,All-Star,,
1629028,Deandre,Ayton,Phoenix Suns,All-Rookie Team,1,2018-19,,,West,Award,Kia Motors,KIART,
1629028,Deandre,Ayton,Phoenix Suns,NBA Player of the Week,,2022-23,,2022-11-21T00:00:00,West,Award,Kia Motors,KIPWK,
1629029,Luka,Doncic,Dallas Mavericks,All-Rookie Team,1,2018-19,,,West,Award,Kia Motors,KIART,
1629029,Luka,Doncic,Dallas Mavericks,All-NBA,1,2019-20,,,West,Award,Kia Motors,KIANT,
1629029,Luka,Doncic,Dallas Mavericks,All-NBA,1,2020-21,,,West,Award,Kia Motors,KIANT,
1629029,Luka,Doncic,Dallas Mavericks,NBA Player of the Month,,2019-20,10/1/2019,,West,Award,Kia Motors,KIPMO,
1629029,Luka,Doncic,Dallas Mavericks,NBA Player of the Week,,2019-20,,2019-11-18T00:00:00,West,Award,Kia Motors,KIPWK,
1629029,Luka,Doncic,Dallas Mavericks,NBA Player of the Week,,2020-21,,2021-01-04T00:00:00,West,Award,Kia Motors,KIPWK,
1629029,Luka,Doncic,Dallas Mavericks,NBA Player of the Week,,2020-21,,2021-03-29T00:00:00,West,Award,Kia Motors,KIPWK,
1629029,Luka,Doncic,Dallas Mavericks,NBA Player of the Week,,2020-21,,2021-04-19T00:00:00,West,Award,Kia Motors,KIPWK,
1629029,Luka,Doncic,Dallas Mavericks,NBA Rookie of the Month,,2018-19,1/1/2019,1900-01-01T12:00:00,West,Award,Kia Motors,KIRMO,
1629029,Luka,Doncic,Dallas Mavericks,NBA Rookie of the Month,,2018-19,11/1/2018,1900-01-01T12:00:00,West,Award,Kia Motors,KIRMO,
1629029,Luka,Doncic,Dallas Mavericks,NBA Rookie of the Month,,2018-19,12/1/2018,1900-01-01T12:00:00,West,Award,Kia Motors,KIRMO,
1629029,Luka,Doncic,Dallas Mavericks,NBA Rookie of the Month,,2018-19,2/1/2019,1900-01-01T12:00:00,West,Award,Kia Motors,KIRMO,
1629029,Luka,Doncic,Dallas Mavericks,NBA Rookie of the Month,,2018-19,3/1/2019,1900-01-01T12:00:00,West,Award,Kia Motors,KIRMO,
1629029,Luka,Doncic,Dallas Mavericks,NBA Rookie of the Year,,2018-19,,,West,Award,Kia Motors,KIROY,
1629029,Luka,Doncic,Dallas Mavericks,NBA Player of the Week,,2021-22,,2022-02-07T00:00:00,West,Award,Kia Motors,KIPWK,
1629029,Luka,Doncic,Dallas Mavericks,NBA Player of the Month,,2021-22,2/1/2022,,West,Award,Kia Motors,KIPMO,
1629029,Luka,Doncic,Dallas Mavericks,NBA Player of the Week,,2021-22,,2022-03-07T00:00:00,West,Award,Kia Motors,KIPWK,
1629029,Luka,Doncic,Dallas Mavericks,NBA Player of the Week,,2021-22,,2022-04-04T00:00:00,West,Award,Kia Motors,KIPWK,
1629029,Luka,Doncic,Dallas Mavericks,All-NBA,1,2021-22,,,West,Award,Kia Motors,KIANT,
1629029,Luka,Doncic,Dallas Mavericks,NBA Player of the Week,,2022-23,,2022-12-26T00:00:00,West,Award,Kia Motors,KIPWK,
1629029,Luka,Doncic,Dallas Mavericks,NBA Player of the Week,,2022-23,,2022-12-19T00:00:00,West,Award,Kia Motors,KIPWK,
1629029,Luka,Doncic,Dallas Mavericks,NBA Player of the Month,,2022-23,12/1/2022,,West,Award,Kia Motors,KIPMO,
1629029,Luka,Doncic,Dallas Mavericks,All-NBA,1,2022-23,,,West,Award,Kia Motors,KIANT,
1629029,Luka,Doncic,Dallas Mavericks,NBA Player of the Week,,2023-24,,2023-12-11T00:00:00,West,Award,Kia Motors,KIPWK,
1629029,Luka,Doncic,Dallas Mavericks,NBA Player of the Week,,2023-24,,2024-02-05T00:00:00,West,Award,Kia Motors,KIPWK,
1629029,Luka,Doncic,Dallas Mavericks,NBA Player of the Week,,2023-24,,2024-03-04T00:00:00,West,Award,Kia Motors,KIPWK,
1629029,Luka,Doncic,Dallas Mavericks,NBA Player of the Month,,2023-24,2/1/2024,,West,Award,Kia Motors,KIPMO,
1629029,Luka,Doncic,Dallas Mavericks,NBA Player of the Week,,2023-24,,2024-03-25T00:00:00,West,Award,Kia Motors,KIPWK,
1629029,Luka,Doncic,Dallas Mavericks,NBA Player of the Month,,2023-24,3/1/2024,,West,Award,Kia Motors,KIPMO,
1629029,Luka,Doncic,Dallas Mavericks,All-NBA,1,2023-24,,,West,Award,Kia Motors,KIANT,
1629029,Luka,Doncic,,NBA All-Star,,2019-20,,,,Award,All-Star,,
1629029,Luka,Doncic,,NBA All-Star,,2020-21,,,,Award,All-Star,,
1629029,Luka,Doncic,,NBA All-Star,,2021-22,,,,Award,All-Star,,
1629029,Luka,Doncic,,NBA All-Star,,2022-23,,,,Award,All-Star,,
1629029,Luka,Doncic,,NBA All-Star,,2023-24,,,,Award,All-Star,,
1629052,Oshae,Brissett,Boston Celtics,NBA Champion,,2023-24,,,,Award,Champion,,
203648,Thanasis,Antetokounmpo,Milwaukee Bucks,NBA Champion,,2020-21,,,,Award,Champion,,
1629057,Robert,Williams III,Boston Celtics,All-Defensive Team,2,2021-22,,,East,Award,Kia Motors,KIADT,
1629060,Rui,Hachimura,Washington Wizards,All-Rookie Team,2,2019-20,,,East,Award,Kia Motors,KIART,
1629056,Terence,Davis II,Toronto Raptors,All-Rookie Team,2,2019-20,,,East,Award,Kia Motors,KIART,
1629091,Elijah,Bryant,Milwaukee Bucks,NBA Champion,,2020-21,,,,Award,Champion,,
1629134,Kendrick,Nunn,Miami Heat,All-Rookie Team,1,2019-20,,,East,Award,Kia Motors,KIART,
1629134,Kendrick,Nunn,Miami Heat,NBA Rookie of the Month,,2019-20,1/1/2020,,East,Award,Kia Motors,KIRMO,
1629134,Kendrick,Nunn,Miami Heat,NBA Rookie of the Month,,2019-20,11/1/2019,1900-01-01T12:00:00,East,Award,Kia Motors,KIRMO,
1629134,Kendrick,Nunn,Miami Heat,NBA Rookie of the Month,,2019-20,12/1/2019,1900-01-01T12:00:00,East,Award,Kia Motors,KIRMO,
203895,Jordan,McRae,Cleveland Cavaliers,NBA Champion,,2015-16,,,,Award,Champion,,
203897,Zach,LaVine,Minnesota Timberwolves,All-Rookie Team,2,2014-15,,,1610612750,Award,Kia Motors,KIART,
203897,Zach,LaVine,USA,Olympic Gold Medal,,2020,,,,Award,Olympic,Gold,
203897,Zach,LaVine,,NBA All-Star,,2020-21,,,,Award,All-Star,,
203897,Zach,LaVine,,NBA All-Star,,2021-22,,,,Award,All-Star,,
203901,Elfrid,Payton,Orlando Magic,All-Rookie Team,1,2014-15,,,1610612753,Award,Kia Motors,KIART,
203901,Elfrid,Payton,Orlando Magic,NBA Rookie of the Month,,2014-15,1/1/2015,,East,Award,Kia Motors,KIRMO,
203903,Jordan,Clarkson,Los Angeles Lakers,All-Rookie Team,1,2014-15,,,1610612747,Award,Kia Motors,KIART,
203903,Jordan,Clarkson,Los Angeles Lakers,NBA Rookie of the Month,,2014-15,3/1/2015,,West,Award,Kia Motors,KIRMO,
203903,Jordan,Clarkson,Utah Jazz,NBA Sixth Man of the Year,,2020-21,,,West,Award,Kia Motors,KISMY,
1629308,Juan,Toscano-Anderson,Golden State Warriors,NBA Champion,,2021-22,,,,Award,Champion,,
203915,Spencer,Dinwiddie,Brooklyn Nets,NBA Player of the Week,,2019-20,,2019-11-18T00:00:00,East,Award,Kia Motors,KIPWK,
203918,Rodney,Hood,Utah Jazz,NBA Rookie of the Month,,2014-15,4/1/2015,,West,Award,Kia Motors,KIRMO,
203924,Jerami,Grant,USA,Olympic Gold Medal,,2020,,,,Award,Olympic,Gold,
203932,Aaron,Gordon,Denver Nuggets,NBA Champion,,2022-23,,,,Award,Champion,,
203935,Marcus,Smart,Boston Celtics,All-Defensive Team,1,2018-19,,,East,Award,Kia Motors,KIADT,
203935,Marcus,Smart,Boston Celtics,All-Defensive Team,1,2019-20,,,East,Award,Kia Motors,KIADT,
203935,Marcus,Smart,Boston Celtics,All-Rookie Team,2,2014-15,,,1610612738,Award,Kia Motors,KIART,
203935,Marcus,Smart,Boston Celtics,NBA Rookie of the Month,,2014-15,2/1/2015,,West,Award,Kia Motors,KIRMO,
203935,Marcus,Smart,Boston Celtics,NBA Defensive Player of the Year,,2021-22,,,East,Award,Kia Motors,KDPYR,
203935,Marcus,Smart,Boston Celtics,All-Defensive Team,1,2021-22,,,East,Award,Kia Motors,KIADT,
203944,Julius,Randle,New York Knicks,All-NBA,2,2020-21,,,East,Award,Kia Motors,KIANT,
203944,Julius,Randle,New York Knicks,NBA Most Improved Player,,2020-21,,,East,Award,Kia Motors,KIMIP,
203944,Julius,Randle,New York Knicks,NBA Player of the Month,,2020-21,4/1/2021,,East,Award,Kia Motors,KIPMO,
203944,Julius,Randle,New York Knicks,NBA Player of the Week,,2020-21,,2021-04-12T00:00:00,East,Award,Kia Motors,KIPWK,
203944,Julius,Randle,New York Knicks,NBA Player of the Week,,2022-23,,2023-02-27T00:00:00,East,Award,Kia Motors,KIPWK,
203944,Julius,Randle,New York Knicks,All-NBA,3,2022-23,,,East,Award,Kia Motors,KIANT,
203944,Julius,Randle,New York Knicks,NBA Player of the Week,,2023-24,,2023-11-27T00:00:00,East,Award,Kia Motors,KIPWK,
203944,Julius,Randle,,NBA All-Star,,2020-21,,,,Award,All-Star,,
203944,Julius,Randle,,NBA All-Star,,2023-24,,,,Award,All-Star,,
203944,Julius,Randle,,NBA All-Star,,2022-23,,,,Award,All-Star,,
203949,James Michael,McAdoo,Golden State Warriors,NBA Champion,,2014-15,,,,Award,Champion,,
203949,James Michael,McAdoo,Golden State Warriors,NBA Champion,,2016-17,,,,Award,Champion,,
203952,Andrew,Wiggins,Minnesota Timberwolves,All-Rookie Team,1,2014-15,,,1610612750,Award,Kia Motors,KIART,
203952,Andrew,Wiggins,Minnesota Timberwolves,NBA Rookie of the Month,,2014-15,1/1/2015,,West,Award,Kia Motors,KIRMO,
203952,Andrew,Wiggins,Minnesota Timberwolves,NBA Rookie of the Month,,2014-15,11/1/2014,,West,Award,Kia Motors,KIRMO,
203952,Andrew,Wiggins,Minnesota Timberwolves,NBA Rookie of the Month,,2014-15,12/1/2014,,West,Award,Kia Motors,KIRMO,
203952,Andrew,Wiggins,Minnesota Timberwolves,NBA Rookie of the Year,,2014-15,,,,Award,Kia Motors,KIROY,
203952,Andrew,Wiggins,,NBA All-Star,,2021-22,,,,Award,All-Star,,
203952,Andrew,Wiggins,Golden State Warriors,NBA Champion,,2021-22,,,,Award,Champion,,
203953,Jabari,Parker,Milwaukee Bucks,NBA Rookie of the Month,,2014-15,11/1/2014,,East,Award,Kia Motors,KIRMO,
203954,Joel,Embiid,Philadelphia 76ers,All-Defensive Team,2,2017-18,,,East,Award,Kia Motors,KIADT,
203954,Joel,Embiid,Philadelphia 76ers,All-Defensive Team,2,2018-19,,,East,Award,Kia Motors,KIADT,
203954,Joel,Embiid,Philadelphia 76ers,All-Defensive Team,2,2020-21,,,East,Award,Kia Motors,KIADT,
203954,Joel,Embiid,Philadelphia 76ers,All-NBA,2,2017-18,,,East,Award,Kia Motors,KIANT,
203954,Joel,Embiid,Philadelphia 76ers,All-NBA,2,2018-19,,,East,Award,Kia Motors,KIANT,
203954,Joel,Embiid,Philadelphia 76ers,All-NBA,2,2020-21,,,East,Award,Kia Motors,KIANT,
203954,Joel,Embiid,Philadelphia 76ers,NBA Player of the Month,,2018-19,01/01/2019,,East,Award,Kia Motors,KIPMO,
203954,Joel,Embiid,Philadelphia 76ers,NBA Player of the Month,,2020-21,1/1/2021,,East,Award,Kia Motors,KIPMO,
203954,Joel,Embiid,Philadelphia 76ers,NBA Player of the Week,,2016-17,,2017-01-23T00:00:00,East,Award,Kia Motors,KIPWK,
203954,Joel,Embiid,Philadelphia 76ers,NBA Player of the Week,,2017-18,,2018-01-15T00:00:00,East,Award,Kia Motors,KIPWK,
203954,Joel,Embiid,Philadelphia 76ers,NBA Player of the Week,,2017-18,,2018-02-05T00:00:00,East,Award,Kia Motors,KIPWK,
203954,Joel,Embiid,Philadelphia 76ers,NBA Player of the Week,,2018-19,,2018-12-31T00:00:00,East,Award,Kia Motors,KIPWK,
203954,Joel,Embiid,Philadelphia 76ers,NBA Player of the Week,,2020-21,,2021-01-18T00:00:00,East,Award,Kia Motors,KIPWK,
203954,Joel,Embiid,Philadelphia 76ers,NBA Rookie of the Month,,2016-17,1/1/2017,1900-01-01T12:00:00,East,Award,Kia Motors,KIRMO,
203954,Joel,Embiid,Philadelphia 76ers,NBA Rookie of the Month,,2016-17,11/1/2016,1900-01-01T12:00:00,East,Award,Kia Motors,KIRMO,
203954,Joel,Embiid,Philadelphia 76ers,NBA Rookie of the Month,,2016-17,12/1/2016,1900-01-01T12:00:00,East,Award,Kia Motors,KIRMO,
203954,Joel,Embiid,Philadelphia 76ers,All-Rookie Team,1,2016-17,,,East,Award,Kia Motors,KIART,
203954,Joel,Embiid,Philadelphia 76ers,NBA Player of the Month,,2021-22,12/1/2021,,East,Award,Kia Motors,KIPMO,
203954,Joel,Embiid,Philadelphia 76ers,NBA Player of the Week,,2021-22,,2022-01-24T00:00:00,East,Award,Kia Motors,KIPWK,
203954,Joel,Embiid,Philadelphia 76ers,NBA Player of the Month,,2021-22,1/1/2022,,East,Award,Kia Motors,KIPMO,
203954,Joel,Embiid,Philadelphia 76ers,NBA Player of the Week,,2021-22,,2022-04-04T00:00:00,East,Award,Kia Motors,KIPWK,
203954,Joel,Embiid,Philadelphia 76ers,All-NBA,2,2021-22,,,East,Award,Kia Motors,KIANT,
203954,Joel,Embiid,Philadelphia 76ers,NBA Player of the Week,,2022-23,,2023-03-13T00:00:00,East,Award,Kia Motors,KIPWK,
203954,Joel,Embiid,Philadelphia 76ers,NBA Player of the Week,,2022-23,,2023-03-06T00:00:00,East,Award,Kia Motors,KIPWK,
203954,Joel,Embiid,Philadelphia 76ers,NBA Player of the Week,,2022-23,,2022-12-05T00:00:00,East,Award,Kia Motors,KIPWK,
203954,Joel,Embiid,Philadelphia 76ers,NBA Player of the Week,,2022-23,,2022-11-07T00:00:00,East,Award,Kia Motors,KIPWK,
203954,Joel,Embiid,Philadelphia 76ers,NBA Player of the Month,,2022-23,1/1/2023,,East,Award,Kia Motors,KIPMO,
203954,Joel,Embiid,Philadelphia 76ers,NBA Player of the Month,,2022-23,12/1/2022,,East,Award,Kia Motors,KIPMO,
203954,Joel,Embiid,Philadelphia 76ers,NBA Player of the Month,,2022-23,3/1/2023,,East,Award,Kia Motors,KIPMO,
203954,Joel,Embiid,Philadelphia 76ers,NBA Most Valuable Player,,2022-23,,,East,Award,Kia Motors,KIMVP,
203954,Joel,Embiid,Philadelphia 76ers,All-NBA,1,2022-23,,,East,Award,Kia Motors,KIANT,
203954,Joel,Embiid,Philadelphia 76ers,NBA Player of the Week,,2023-24,,2023-11-06T00:00:00,East,Award,Kia Motors,KIPWK,
203954,Joel,Embiid,Philadelphia 76ers,NBA Player of the Week,,2023-24,,2023-12-18T00:00:00,East,Award,Kia Motors,KIPWK,
203954,Joel,Embiid,Philadelphia 76ers,NBA Player of the Week,,2023-24,,2024-01-15T00:00:00,East,Award,Kia Motors,KIPWK,
203954,Joel,Embiid,,NBA All-Star,,2018-19,,,,Award,All-Star,,
203954,Joel,Embiid,,NBA All-Star,,2019-20,,,,Award,All-Star,,
203954,Joel,Embiid,,NBA All-Star,,2020-21,,,,Award,All-Star,,
203954,Joel,Embiid,,NBA All-Star,,2023-24,,,,Award,All-Star,,
203954,Joel,Embiid,,NBA All-Star,,2017-18,,,,Award,All-Star,,
203954,Joel,Embiid,,NBA All-Star,,2022-23,,,,Award,All-Star,,
203954,Joel,Embiid,,NBA All-Star,,2021-22,,,,Award,All-Star,,
203954,Joel,Embiid,USA,Olympic Gold Medal,,2024,,,,Award,Olympic,Gold,
203961,Eric,Moreland,Toronto Raptors,NBA Champion,,2018-19,,,,Award,Champion,,
203967,Dario,Saric,Philadelphia 76ers,NBA Rookie of the Month,,2016-17,2/1/2017,1900-01-01T12:00:00,East,Award,Kia Motors,KIRMO,
203967,Dario,Saric,Philadelphia 76ers,NBA Rookie of the Month,,2016-17,3/1/2017,1900-01-01T12:00:00,East,Award,Kia Motors,KIRMO,
203967,Dario,Saric,Philadelphia 76ers,All-Rookie Team,1,2016-17,,,East,Award,Kia Motors,KIART,
203992,Bogdan,Bogdanovic,Sacramento Kings,All-Rookie Team,2,2017-18,,,West,Award,Kia Motors,KIART,
203992,Bogdan,Bogdanovic,Serbia,Olympic Bronze Medal,,2024,,,,Award,Olympic,Silver,
203994,Jusuf,Nurkic,Denver Nuggets,All-Rookie Team,2,2014-15,,,1610612743,Award,Kia Motors,KIART,
203995,Vasilije,Micic,Serbia,Olympic Bronze Medal,,2024,,,,Award,Olympic,Silver,
203999,Nikola,Jokic,Denver Nuggets,All-NBA,1,2018-19,,,West,Award,Kia Motors,KIANT,
203999,Nikola,Jokic,Denver Nuggets,All-NBA,2,2019-20,,,West,Award,Kia Motors,KIANT,
203999,Nikola,Jokic,Denver Nuggets,All-NBA,1,2020-21,,,West,Award,Kia Motors,KIANT,
203999,Nikola,Jokic,Denver Nuggets,All-Rookie Team,1,2015-16,,,West,Award,Kia Motors,KIART,
203999,Nikola,Jokic,Denver Nuggets,NBA Most Valuable Player,,2020-21,,,West,Award,Kia Motors,KIMVP,
203999,Nikola,Jokic,Denver Nuggets,NBA Player of the Month,,2020-21,1/1/2021,,West,Award,Kia Motors,KIPMO,
203999,Nikola,Jokic,Denver Nuggets,NBA Player of the Month,,2020-21,3/1/2021,,West,Award,Kia Motors,KIPMO,
203999,Nikola,Jokic,Denver Nuggets,NBA Player of the Week,,2017-18,,2017-11-06T00:00:00,West,Award,Kia Motors,KIPWK,
203999,Nikola,Jokic,Denver Nuggets,NBA Player of the Week,,2017-18,,2018-04-02T00:00:00,West,Award,Kia Motors,KIPWK,
203999,Nikola,Jokic,Denver Nuggets,NBA Player of the Week,,2018-19,,2018-10-15T00:00:00,West,Award,Kia Motors,KIPWK,
203999,Nikola,Jokic,Denver Nuggets,NBA Player of the Week,,2018-19,,2019-01-28T00:00:00,West,Award,Kia Motors,KIPWK,
203999,Nikola,Jokic,Denver Nuggets,NBA Player of the Week,,2019-20,,2020-02-03T00:00:00,West,Award,Kia Motors,KIPWK,
203999,Nikola,Jokic,Denver Nuggets,NBA Player of the Week,,2020-21,,2021-01-18T00:00:00,West,Award,Kia Motors,KIPWK,
203999,Nikola,Jokic,Denver Nuggets,NBA Player of the Week,,2020-21,,2021-01-25T00:00:00,West,Award,Kia Motors,KIPWK,
203999,Nikola,Jokic,Denver Nuggets,NBA Player of the Week,,2020-21,,2021-03-15T00:00:00,West,Award,Kia Motors,KIPWK,
203999,Nikola,Jokic,Denver Nuggets,NBA Player of the Week,,2021-22,,2022-01-17T00:00:00,West,Award,Kia Motors,KIPWK,
203999,Nikola,Jokic,Denver Nuggets,NBA Player of the Month,,2021-22,1/1/2022,,West,Award,Kia Motors,KIPMO,
203999,Nikola,Jokic,Denver Nuggets,NBA Player of the Week,,2021-22,,2022-03-28T00:00:00,West,Award,Kia Motors,KIPWK,
203999,Nikola,Jokic,Denver Nuggets,NBA Player of the Month,,2021-22,3/1/2022,,West,Award,Kia Motors,KIPMO,
203999,Nikola,Jokic,Denver Nuggets,NBA Most Valuable Player,,2021-22,,,West,Award,Kia Motors,KIMVP,
203999,Nikola,Jokic,Denver Nuggets,All-NBA,1,2021-22,,,West,Award,Kia Motors,KIANT,
203999,Nikola,Jokic,Denver Nuggets,NBA Player of the Week,,2022-23,,2022-12-12T00:00:00,West,Award,Kia Motors,KIPWK,
203999,Nikola,Jokic,Denver Nuggets,NBA Player of the Month,,2022-23,1/1/2023,,West,Award,Kia Motors,KIPMO,
203999,Nikola,Jokic,Denver Nuggets,NBA Player of the Month,,2022-23,2/1/2023,,West,Award,Kia Motors,KIPMO,
203999,Nikola,Jokic,Denver Nuggets,All-NBA,2,2022-23,,,West,Award,Kia Motors,KIANT,
203999,Nikola,Jokic,Denver Nuggets,NBA Finals Most Valuable Player,,2022-23,,,,Award,Kia Motors,KFMVP,
203999,Nikola,Jokic,Denver Nuggets,NBA Player of the Week,,2023-24,,2023-10-23T00:00:00,West,Award,Kia Motors,KIPWK,
203999,Nikola,Jokic,Denver Nuggets,NBA Player of the Month,,2023-24,11/1/2023,,West,Award,Kia Motors,KIPMO,
203999,Nikola,Jokic,Denver Nuggets,NBA Player of the Week,,2023-24,,2024-04-08T00:00:00,West,Award,Kia Motors,KIPWK,
203999,Nikola,Jokic,Denver Nuggets,NBA Most Valuable Player,,2023-24,,,West,Award,Kia Motors,KIMVP,
203999,Nikola,Jokic,Denver Nuggets,All-NBA,1,2023-24,,,West,Award,Kia Motors,KIANT,
203999,Nikola,Jokic,,NBA All-Star,,2018-19,,,,Award,All-Star,,
203999,Nikola,Jokic,,NBA All-Star,,2019-20,,,,Award,All-Star,,
203999,Nikola,Jokic,,NBA All-Star,,2020-21,,,,Award,All-Star,,
203999,Nikola,Jokic,,NBA All-Star,,2021-22,,,,Award,All-Star,,
203999,Nikola,Jokic,,NBA All-Star,,2022-23,,,,Award,All-Star,,
203999,Nikola,Jokic,,NBA All-Star,,2023-24,,,,Award,All-Star,,
203999,Nikola,Jokic,Denver Nuggets,NBA Champion,,2022-23,,,,Award,Champion,,
203999,Nikola,Jokic,Serbia,Olympic Silver Medal,,2016,,,,Award,Olympic,Silver,
203999,Nikola,Jokic,Serbia,Olympic Bronze Medal,,2024,,,,Award,Olympic,Silver,
203999,Nikola,Jokic,Denver Nuggets,NBA Player of the Week,,2024-25,,2024-11-04T00:00:00,West,Award,Kia Motors,KIPWK,
204001,Kristaps,Porzingis,New York Knicks,All-Rookie Team,1,2015-16,,,East,Award,Kia Motors,KIART,
204001,Kristaps,Porzingis,New York Knicks,NBA Player of the Week,,2017-18,,2017-10-30T00:00:00,East,Award,Kia Motors,KIPWK,
204001,Kristaps,Porzingis,Dallas Mavericks,NBA Player of the Week,,2019-20,,2020-02-24T00:00:00,West,Award,Kia Motors,KIPWK,
204001,Kristaps,Porzingis,New York Knicks,NBA Rookie of the Month,,2015-16,1/1/2016,1900-01-01T12:00:00,East,Award,Kia Motors,KIRMO,
204001,Kristaps,Porzingis,New York Knicks,NBA Rookie of the Month,,2015-16,11/1/2015,1900-01-01T12:00:00,East,Award,Kia Motors,KIRMO,
204001,Kristaps,Porzingis,New York Knicks,NBA Rookie of the Month,,2015-16,12/1/2015,1900-01-01T12:00:00,East,Award,Kia Motors,KIRMO,
204001,Kristaps,Porzingis,Washington Wizards,NBA Player of the Week,,2022-23,,2022-12-26T00:00:00,East,Award,Kia Motors,KIPWK,
204001,Kristaps,Porzingis,Boston Celtics,NBA Player of the Week,,2023-24,,2024-04-01T00:00:00,East,Award,Kia Motors,KIPWK,
204001,Kristaps,Porzingis,,NBA All-Star,,2017-18,,,,Award,All-Star,,
204001,Kristaps,Porzingis,Boston Celtics,NBA Champion,,2023-24,,,,Award,Champion,,
204038,Langston,Galloway,New York Knicks,All-Rookie Team,2,2014-15,,,1610612752,Award,Kia Motors,KIART,
1629603,Mamadi,Diakite,Milwaukee Bucks,NBA Champion,,2020-21,,,,Award,Champion,,
1629627,Zion,Williamson,New Orleans Pelicans,All-Rookie Team,1,2019-20,,,West,Award,Kia Motors,KIART,
1629627,Zion,Williamson,New Orleans Pelicans,NBA Rookie of the Month,,2019-20,2/1/2020,,West,Award,Kia Motors,KIRMO,
1629627,Zion,Williamson,New Orleans Pelicans,NBA Player of the Week,,2022-23,,2022-12-05T00:00:00,West,Award,Kia Motors,KIPWK,
1629627,Zion,Williamson,,NBA All-Star,,2020-21,,,,Award,All-Star,,
1629627,Zion,Williamson,,NBA All-Star,,2022-23,,,,Award,All-Star,,
1629630,Ja,Morant,Memphis Grizzlies,All-Rookie Team,1,2019-20,,,West,Award,Kia Motors,KIART,
1629630,Ja,Morant,Memphis Grizzlies,NBA Rookie of the Month,,2019-20,1/1/2020,,West,Award,Kia Motors,KIRMO,
1629630,Ja,Morant,Memphis Grizzlies,NBA Rookie of the Month,,2019-20,11/1/2019,1900-01-01T12:00:00,West,Award,Kia Motors,KIRMO,
1629630,Ja,Morant,Memphis Grizzlies,NBA Rookie of the Month,,2019-20,12/1/2019,1900-01-01T12:00:00,West,Award,Kia Motors,KIRMO,
1629630,Ja,Morant,Memphis Grizzlies,NBA Rookie of the Year,,2019-20,,,West,Award,Kia Motors,KIROY,
1629630,Ja,Morant,Memphis Grizzlies,NBA Player of the Week,,2021-22,,2021-12-27T00:00:00,West,Award,Kia Motors,KIPWK,
1629630,Ja,Morant,Memphis Grizzlies,NBA Player of the Week,,2021-22,,2022-01-03T00:00:00,West,Award,Kia Motors,KIPWK,
1629630,Ja,Morant,Memphis Grizzlies,NBA Most Improved Player,,2021-22,,,West,Award,Kia Motors,KIMIP,
1629630,Ja,Morant,Memphis Grizzlies,All-NBA,2,2021-22,,,West,Award,Kia Motors,KIANT,
1629630,Ja,Morant,Memphis Grizzlies,NBA Player of the Week,,2023-24,,2023-12-18T00:00:00,West,Award,Kia Motors,KIPWK,
1629630,Ja,Morant,,NBA All-Star,,2021-22,,,,Award,All-Star,,
1629630,Ja,Morant,,NBA All-Star,,2022-23,,,,Award,All-Star,,
1629632,Coby,White,Chicago Bulls,All-Rookie Team,2,2019-20,,,East,Award,Kia Motors,KIART,
1629632,Coby,White,Chicago Bulls,NBA Rookie of the Month,,2019-20,2/1/2020,,East,Award,Kia Motors,KIRMO,
1629634,Brandon,Clarke,Memphis Grizzlies,All-Rookie Team,1,2019-20,,,West,Award,Kia Motors,KIART,
1629636,Darius,Garland,Cleveland Cavaliers,NBA Player of the Week,,2021-22,,2022-01-10T00:00:00,East,Award,Kia Motors,KIPWK,
1629636,Darius,Garland,,NBA All-Star,,2021-22,,,,Award,All-Star,,
1629636,Darius,Garland,Cleveland Cavaliers,NBA Player of the Week,,2024-25,,2024-11-04T00:00:00,East,Award,Kia Motors,KIPWK,
1629639,Tyler,Herro,Miami Heat,All-Rookie Team,2,2019-20,,,East,Award,Kia Motors,KIART,
1629639,Tyler,Herro,Miami Heat,NBA Sixth Man of the Year,,2021-22,,,East,Award,Kia Motors,KISMY,
1629640,Keldon,Johnson,USA,Olympic Gold Medal,,2020,,,,Award,Olympic,Gold,
1629659,Talen,Horton-Tucker,Los Angeles Lakers,NBA Champion,,2019-20,,,,Award,Champion,,
1629670,Jordan,Nwora,Milwaukee Bucks,NBA Champion,,2020-21,,,,Award,Champion,,
1629672,Eric,Paschall,Golden State Warriors,All-Rookie Team,1,2019-20,,,West,Award,Kia Motors,KIART,
1629673,Jordan,Poole,Golden State Warriors,NBA Champion,,2021-22,,,,Award,Champion,,
1629674,Neemias,Queta,Boston Celtics,NBA Champion,,2023-24,,,,Award,Champion,,
1629675,Naz,Reid,Minnesota Timberwolves,NBA Sixth Man of the Year,,2023-24,,,West,Award,Kia Motors,KISMY,
1629680,Matisse,Thybulle,Philadelphia 76ers,All-Defensive Team,2,2020-21,,,East,Award,Kia Motors,KIADT,
1629680,Matisse,Thybulle,Philadelphia 76ers,All-Defensive Team,2,2021-22,,,East,Award,Kia Motors,KIADT,
1630162,Anthony,Edwards,Minnesota Timberwolves,NBA Rookie of the Month,,2020-21,3/1/2021,,West,Award,Kia Motors,KIRMO,
1630162,Anthony,Edwards,Minnesota Timberwolves,NBA Rookie of the Month,,2020-21,4/1/2021,,West,Award,Kia Motors,KIRMO,
1630162,Anthony,Edwards,Minnesota Timberwolves,NBA Rookie of the Month,,2020-21,5/1/2021,,West,Award,Kia Motors,KIRMO,
1630162,Anthony,Edwards,Minnesota Timberwolves,All-Rookie Team,1,2020-21,,,West,Award,Kia Motors,KIART,
1630162,Anthony,Edwards,Minnesota Timberwolves,NBA Player of the Week,,2023-24,,2023-11-06T00:00:00,West,Award,Kia Motors,KIPWK,
1630162,Anthony,Edwards,Minnesota Timberwolves,All-NBA,2,2023-24,,,West,Award,Kia Motors,KIANT,
1630162,Anthony,Edwards,,NBA All-Star,,2022-23,,,,Award,All-Star,,
1630162,Anthony,Edwards,,NBA All-Star,,2023-24,,,,Award,All-Star,,
1630162,Anthony,Edwards,USA,Olympic Gold Medal,,2024,,,,Award,Olympic,Gold,
1630163,Lamelo,Ball,Charlotte Hornets,All-Rookie Team,1,2020-21,,,East,Award,Kia Motors,KIART,
1630163,Lamelo,Ball,Charlotte Hornets,NBA Rookie of the Month,,2020-21,1/1/2021,,East,Award,Kia Motors,KIRMO,
1630163,Lamelo,Ball,Charlotte Hornets,NBA Rookie of the Month,,2020-21,2/1/2021,,East,Award,Kia Motors,KIRMO,
1630163,Lamelo,Ball,Charlotte Hornets,NBA Rookie of the Month,,2020-21,3/1/2021,,East,Award,Kia Motors,KIRMO,
1630163,Lamelo,Ball,Charlotte Hornets,NBA Rookie of the Year,,2020-21,,,East,Award,Kia Motors,KIROY,
1630163,LaMelo,Ball,,NBA All-Star,,2021-22,,,,Award,All-Star,,
1630169,Tyrese,Haliburton,Sacramento Kings,NBA Rookie of the Month,,2020-21,1/1/2021,,West,Award,Kia Motors,KIRMO,
1630169,Tyrese,Haliburton,Sacramento Kings,NBA Rookie of the Month,,2020-21,2/1/2021,,West,Award,Kia Motors,KIRMO,
1630169,Tyrese,Haliburton,Sacramento Kings,All-Rookie Team,1,2020-21,,,West,Award,Kia Motors,KIART,
1630169,Tyrese,Haliburton,Indiana Pacers,NBA Player of the Week,,2022-23,,2022-11-14T00:00:00,East,Award,Kia Motors,KIPWK,
1630169,Tyrese,Haliburton,Indiana Pacers,NBA Player of the Week,,2023-24,,2023-12-25T00:00:00,East,Award,Kia Motors,KIPWK,
1630169,Tyrese,Haliburton,Indiana Pacers,NBA In-Season Tournament All-Tournament,1,2023-24,,,East,Award,Kia Motors,KIANT,
1630169,Tyrese,Haliburton,Indiana Pacers,All-NBA,3,2023-24,,,East,Award,Kia Motors,KIANT,
1630169,Tyrese,Haliburton,,NBA All-Star,,2023-24,,,,Award,All-Star,,
1630169,Tyrese,Haliburton,,NBA All-Star,,2022-23,,,,Award,All-Star,,
1630169,Tyrese,Haliburton,USA,Olympic Gold Medal,,2024,,,,Award,Olympic,Gold,
1630171,Isaac,Okoro,Cleveland Cavaliers,All-Rookie Team,2,2020-21,,,East,Award,Kia Motors,KIART,
1630172,Patrick,Williams,Chicago Bulls,All-Rookie Team,2,2020-21,,,East,Award,Kia Motors,KIART,
1630178,Tyrese,Maxey,Philadelphia 76ers,NBA Player of the Week,,2023-24,,2023-10-23T00:00:00,East,Award,Kia Motors,KIPWK,
1630178,Tyrese,Maxey,Philadelphia 76ers,NBA Most Improved Player,,2023-24,,,East,Award,Kia Motors,KIMIP,
1630178,Tyrese,Maxey,,NBA All-Star,,2023-24,,,,Award,All-Star,,
1630180,Saddiq,Bey,Detroit Pistons,All-Rookie Team,1,2020-21,,,East,Award,Kia Motors,KIART,
1630180,Saddiq,Bey,Detroit Pistons,NBA Player of the Week,,2020-21,,2021-02-08T00:00:00,East,Award,Kia Motors,KIPWK,
1630181,R.J.,Hampton,Orlando Magic,NBA Rookie of the Month,,2020-21,5/1/2021,,East,Award,Kia Motors,KIRMO,
1630183,Jaden,McDaniels,Minnesota Timberwolves,All-Defensive Team,2,2023-24,,,West,Award,Kia Motors,KIADT,
1630191,Isaiah,Stewart,Detroit Pistons,All-Rookie Team,2,2020-21,,,East,Award,Kia Motors,KIART,
1630192,Zeke,Nnaji,Denver Nuggets,NBA Champion,,2022-23,,,,Award,Champion,,
1630193,Immanuel,Quickley,New York Knicks,All-Rookie Team,2,2020-21,,,East,Award,Kia Motors,KIART,
1630201,Malachi,Flynn,Toronto Raptors,NBA Rookie of the Month,,2020-21,4/1/2021,,East,Award,Kia Motors,KIRMO,
1630202,Payton,Pritchard,Boston Celtics,NBA Champion,,2023-24,,,,Award,Champion,,
